[
  {
    "Id": "1264853",
    "ThreadId": "551277",
    "Html": "Hi all,<br />\n<br />\nI have stumbled upon the following issue: A user that has authenticated will be granted access to resources marked with [Authorize] even if the corresponding User entity has been deleted.<br />\n<br />\nThis can easily be reproduced with the latest samples: Install-Package Microsoft.AspNet.Identity.Samples -Version 2.0.0-beta2 –Pre . Here are the steps:<br />\n<br />\n1) Create an account and login (Use &quot;Remember me&quot;). At this point there is a cookie that says - &quot;you are authenticated&quot;.<br />\n2) Delete the whole database.<br />\n3) Start the project again - you will notice that the header displays all of your data like email,etc. I guess that is fine since the data comes from the cookie that is still available. The problem is that all resources with [Authorize] will be accessible because the cookie says so even though the user is no longer available. <br />\n<br />\nHow should one deal with this situation?<br />\n",
    "PostedDate": "2014-07-11T07:52:35.31-07:00",
    "UserRole": null,
    "MarkedAsAnswerDate": null
  },
  {
    "Id": "1264933",
    "ThreadId": "551277",
    "Html": "In the scenario you mentioned, it is the cookiemiddleware is reading the cookie in the request to create an authenticated user. In the Startup.Auth class where the cookie middleware is hooked in, the OnValidateIdentity callback is called everytime a valid user is created from the cookie. If you make the timespan zero, then the request is checked each time with the user in the database. This is a known design behavior and not an issue. The timespan is not zero since we don't want to hit the database for each request.<br />\n",
    "PostedDate": "2014-07-11T11:45:30.923-07:00",
    "UserRole": null,
    "MarkedAsAnswerDate": null
  }
]