[
  {
    "Id": "1340793",
    "ThreadId": "577397",
    "Html": "Hi,\r<br />\n<br />\nI'm working on a prototype site using ASP Identity. I've created a standard MVC project with all the template code. The only thing I've done differently is remove the dependency on Identity Framework and I've created a custom &quot;UserStore&quot; that interfaces with our existing WCF services.\r<br />\n<br />\nEverything is working as expected but I can't seem to find anyway to implement the last business requirement : Every time a user log's in or a new session is created, store the login details for compliance requirements. (Essentially, the user leaves the site, comes back much later and a new session is created but the user is still logged in)\r<br />\n<br />\nNow compliance is a bit misleading, essentially we have a small collaboration platform that allows for external logins (Facebook &amp; Twitter). There is no requirement to force the user to log in each time but when a new session is created for a previously authenticated user, we just need to store some very basic &quot;audit&quot; data. \r<br />\n<br />\nI've tried looking everywhere for such a method, essentially I assume it's when the cookie is read and re-validated. I'm however not coming right.\r<br />\n<br />\nI don't want to store and check for a certain key in the user session (easily achievable) but I'm suspecting that we'll probably run the application in the cloud in the foreseeable future.\r<br />\n<br />\nPlease can you point me in the right direction.<br />\n",
    "PostedDate": "2015-01-11T05:27:29.08-08:00",
    "UserRole": null,
    "MarkedAsAnswerDate": null
  }
]