[
  {
    "Id": "1363214",
    "ThreadId": "586278",
    "Html": "Hello,<br />\n<br />\nI am trying to add new role to the user but IdentityUser_Id doesn't get populated and it's preventing me to utilize GetRolesAsync method. <br />\n<pre><code>var um = new UserManager&lt;User&gt;(new UserStore&lt;User&gt;(new DBContext()));\n\nvar idResult = um.AddToRole(userId, roleName);\n\nvar roles = await UserManager.GetRolesAsync(roleName);</code></pre>\n\nwhere roles is always empty. <br />\n<br />\n<img src=\"http://i.imgur.com/3Ta7E1u.png\" alt=\"AspNetUSerRoles\" /><br />\n<br />\nAny suggestions?<br />\n",
    "PostedDate": "2015-03-13T10:43:24.443-07:00",
    "UserRole": null,
    "MarkedAsAnswerDate": null
  },
  {
    "Id": "1364161",
    "ThreadId": "586278",
    "Html": "If anyone finds himself with similar issue, I solved this one by reverting User table name to default one (AspNetUsers). Initially I renamed the table name and somehow confused identity. There's probably code workaround but I am very much satisfied with reverting table name.<br />\n",
    "PostedDate": "2015-03-16T08:22:21.097-07:00",
    "UserRole": null,
    "MarkedAsAnswerDate": "2015-03-16T08:22:24.03-07:00"
  }
]