[
  {
    "Id": "1245336",
    "ThreadId": "545329",
    "Html": "As I'm trying to understand UserManager, I found that, based on code samples, the injected ApplicationUserManager's constructor runs; however, the create method is not processed.  The only way to grab the actual UserManager is via Owin context.  This line <br />\n__<strong>m_userManager ?HttpContext.GetOwinContext().GetUserManager&lt;ApplicationUserManager&gt;</strong><br />\ndoesn't make sense to me, since m_userManager is not fully built via Create method.  I would think the code should be reversed HttpContext.GetOwinContext().GetUserManager&lt;ApplicationUserManager&gt;??m_userManager. Can someone explain if I'm configured incorrectly? Do I need same defined settings in constructor as in Create method?<br />\n<br />\nThanks<br />\n<pre><code>\nController:\n\nprivate ApplicationUserManager m_userManager;\n      \n        public LoginController( ApplicationUserManager userManager )\n        {\n            m_userManager = userManager;\n        }\n\n public ApplicationUserManager UserManager\n        {\n            get\n            {\n                return m_userManager ?? HttpContext.GetOwinContext().GetUserManager&lt;ApplicationUserManager&gt;();\n            }\n            private set\n            {\n                m_userManager = value;\n            }\n        } \n\n\nStartup:\n\n    public partial class Startup\n    {\n        public void ConfigureAuth(IAppBuilder app)\n        {\n            \n            app.CreatePerOwinContext( ApplicationDbContext.Create );\n\n            // Configure the UserManager\n            app.CreatePerOwinContext&lt;ApplicationUserManager&gt;( ApplicationUserManager.Create );\n\n            // Enable the application to use a cookie to store information for the signed in user\n            app.UseCookieAuthentication(options: new CookieAuthenticationOptions\n            {\n                AuthenticationType = DefaultAuthenticationTypes.ApplicationCookie,\n                LoginPath = new PathString(&quot;/Security/Login&quot;),\n            \n\n public class ApplicationUserManager : UserManager&lt;ApplicationUser&gt;\n    {\n        private readonly int PASSWORD_HISTORY_LIMIT = 5;\n\n        public ApplicationUserManager( IUserStore&lt;ApplicationUser&gt; store )\n            : base( store )\n        {           \n            //MaxFailedAccessAttemptsBeforeLockout = 3;\n            //UserLockoutEnabledByDefault = true;\n            //DefaultAccountLockoutTimeSpan = TimeSpan.FromMinutes( 5 );\n        }\n\n        public static ApplicationUserManager Create(\n                 IdentityFactoryOptions&lt;ApplicationUserManager&gt; options,\n                 IOwinContext context\n            )\n        {\n            var manager = new ApplicationUserManager( new UserStore&lt;ApplicationUser&gt;( new ApplicationDbContext() ) );\n            // Configure the application user manager\n            manager.UserValidator = new UserValidator&lt;ApplicationUser&gt;( manager )\n            {\n                AllowOnlyAlphanumericUserNames = false,\n                RequireUniqueEmail = true\n\n            };\n            manager.PasswordValidator = new PasswordValidator()\n            {\n                RequiredLength = 8,\n                RequireNonLetterOrDigit = true,\n                RequireDigit = true\n            };\n\n            manager.UserLockoutEnabledByDefault = true;\n            manager.DefaultAccountLockoutTimeSpan = TimeSpan.FromMinutes( 5 );\n            manager.MaxFailedAccessAttemptsBeforeLockout = 3;\n\n\n            // Configure the application user manager\n            manager.UserValidator = new UserValidator&lt;ApplicationUser&gt;( manager )\n            {\n                AllowOnlyAlphanumericUserNames = false,\n                RequireUniqueEmail = true\n            };\n          \n            return manager;\n        }\n    }\n</code></pre>\n\n",
    "PostedDate": "2014-05-14T08:14:18.723-07:00",
    "UserRole": null,
    "MarkedAsAnswerDate": null
  }
]