[
  {
    "Id": "1292282",
    "ThreadId": "561828",
    "Html": "Can anyone point me in the right direction on how to go about creating an Entity Framework-free implementation of Identity 2.0?  The only examples I've come across so far have either used the Entity Framework or have been for Identity 1.0 (and I understand there have been some... significant differences since then).\r<br />\n<br />\nI understand the basic concept - that I'll need to implement at least the Microsoft.AspNet.Identity.Core interfaces.  Is there anything else critical that I'm missing on this?<br />\n",
    "PostedDate": "2014-08-21T17:48:37.56-07:00",
    "UserRole": null,
    "MarkedAsAnswerDate": null
  },
  {
    "Id": "1292535",
    "ThreadId": "561828",
    "Html": "You can check this link <a href=\"http://www.asp.net/identity/overview/extensibility\" rel=\"nofollow\">http://www.asp.net/identity/overview/extensibility</a> It has articles that let you write a custom store not dependent on EntityFramework<br />\n",
    "PostedDate": "2014-08-22T11:39:23.007-07:00",
    "UserRole": null,
    "MarkedAsAnswerDate": null
  },
  {
    "Id": "1292761",
    "ThreadId": "561828",
    "Html": "Thanks for the link. <br />\n",
    "PostedDate": "2014-08-23T15:00:09.12-07:00",
    "UserRole": null,
    "MarkedAsAnswerDate": null
  },
  {
    "Id": "1294398",
    "ThreadId": "561828",
    "Html": "Joel,\r<br />\n<br />\nWe have done this but be warned performance is terrible without implementing your own caching logic due to the way they wrote this framework.\r<br />\n<br />\nTo give you an example look at this example:<br />\n<pre><code>var manager = Context.GetOwinContext().GetUserManager&lt;ApplicationUserManager&gt;();\ntry\n{\n    manager.BeginTransaction();\n    IdentityUser user = manager.FindByName(&quot;user@somewhere.org&quot;); //Causes 5 database hits, the user, roles, claims, logins, previous passwords because our implementation doesn't have lazy loading support like an ORM like NHibernate or Entity Framework provides\n    System.Security.Claims.Claim claim = new System.Security.Claims.Claim(&quot;test&quot;, &quot;testval&quot;); //Add a claim\n    manager.AddClaim(user.Id, claim); //Causes 7 database hits: 5 to load user AGAIN (ARGH!), adds data to userclaim table, then also runs UpdateUser\n    manager.RemoveClaim(user.Id, claim); //Causes 7 database hits: 5 to load user AGAIN (ARGH!), adds data to userclaim table, then also runs UpdateUser\n    manager.CommitTransaction();\n}\ncatch (Exception ex)\n{\n    if (manager.HasTransaction())\n        manager.RollbackTransaction();\n}</code></pre>\n\nIf you look at the code for AddClaimAsync for example you get this:<br />\n<pre><code>public async virtual Task&lt;IdentityResult&gt; AddClaimAsync(TKey userId, Claim claim)\n{\n    ((UserManager&lt;TUser, TKey&gt;) this).ThrowIfDisposed();\n    IUserClaimStore&lt;TUser, TKey&gt; claimStore = ((UserManager&lt;TUser, TKey&gt;) this).GetClaimStore();\n    if (claim == null)\n    {\n        throw new ArgumentNullException(&quot;claim&quot;);\n    }\n    TUser user = await ((UserManager&lt;TUser, TKey&gt;) this).FindByIdAsync(userId).WithCurrentCulture&lt;TUser&gt;();\n    if (user == null)\n    {\n        throw new InvalidOperationException(string.Format(CultureInfo.CurrentCulture, Resources.UserIdNotFound, new object[] { userId }));\n    }\n    await claimStore.AddClaimAsync(user, claim).WithCurrentCulture();\n    return await ((UserManager&lt;TUser, TKey&gt;) this).UpdateAsync(user).WithCurrentCulture&lt;IdentityResult&gt;();\n}</code></pre>\n\nAs you can see from the above code, just to add a claim it reloads the user account with the following line:<br />\n<pre><code> TUser user = await ((UserManager&lt;TUser, TKey&gt;) this).FindByIdAsync(userId).WithCurrentCulture&lt;TUser&gt;();</code></pre>\n\nWhich causes a huge amount of traffic since it needs to load a lot of stuff if your implementation does not include lazy loading support and caching (which straight ADO .NET doesn't have).  So just adding a claim to a user account is a monumental effort unless you completely rewrite the framework to stop reloading the entire user object everytime it wants to save something, in addition to saving the entire User object at the end (UpdateAsync(user)).  As you can see, just adding a simple claim record with the way things are written is hugely poor performing.\r<br />\n<br />\nOur implementation ended up still using straight ADO .NET but it was a pain.  In hindsight we should have used NHibernate (we don't have privilege of using entity framework driver since we use DB2 which has no free entity framework drivers).<br />\n",
    "PostedDate": "2014-08-28T12:12:03.97-07:00",
    "UserRole": null,
    "MarkedAsAnswerDate": null
  },
  {
    "Id": "1299934",
    "ThreadId": "561828",
    "Html": "Matt,\r<br />\n<br />\nThanks for the awesome reply (and sorry for my late response!).  It sounds like you have a lot more experience in dealing with things like this than I have.\r<br />\n<br />\nIt's interesting to hear about the performance impact of caching.  That's actually one of the reasons I'm not too interested in using the Entity Framework for what I'm doing - the database/models that I'm working with aren't totally normalized so that I can avoid doing a lot of additional look-ups.  I have one operation in particular that is the most commonly used operation (probably 75%+ of my calls), and need it to run as fast as possible.  By using a de-normalized model, I'm only hitting a single table instead of at least three different tables.  Right now I'm using the MVC 3 framework without the Entity Framework.  I was using a custom Role Provider, and everything was running through stored procedures.  All in all, it was pretty snappy.  The major reason for switching over to the MVC 5 is the better handling of OAuth.  Right now it's being handled by a third-party plugin, and I'm not terribly fond of the idea.  After reading about ASP.Net Identity 2.0, I thought it sounded pretty good.\r<br />\n<br />\nFrom other sources that I've come across, if I do go the route of implementing my own storage provider, I'll also likely be implementing the IUser, IUserStore, and the other related Identity classes as well.  Basically, I really like the way that ASP.Net Identity is structured, but I'm not a fan of how it was implemented (with it's reliance on the Entity Framework).  Yes, that means I'll have to write a lot more code, but it also gives me a lot more control over what's going in the back-end - like avoiding the 5 database calls to add a role.<br />\n",
    "PostedDate": "2014-09-05T18:12:40.163-07:00",
    "UserRole": null,
    "MarkedAsAnswerDate": null
  },
  {
    "Id": "1301266",
    "ThreadId": "561828",
    "Html": "(comment removed)<br />\n",
    "PostedDate": "2014-09-06T08:11:42.17-07:00",
    "UserRole": null,
    "MarkedAsAnswerDate": null
  },
  {
    "Id": "1305618",
    "ThreadId": "561828",
    "Html": "With Dapper, DB transactions to SQL Server are much faster.\r<br />\n<br />\nI too, wanted to get rid of EntityFramework to take advantage of Dapper.\r<br />\n<br />\nI needed to roll my own Membership, Role, and Profile Providers, so it was a perfect opportunity to drop EF, EntityModels, etc, etc.\r<br />\n<br />\nIt's a bit painful to write all the interface members, but the performance gain is worth it.\r<br />\n<br />\nThanks to Matt's comments, I'll be able to watch out for those query and caching issues.<br />\n",
    "PostedDate": "2014-09-17T08:26:09.683-07:00",
    "UserRole": null,
    "MarkedAsAnswerDate": null
  },
  {
    "Id": "1406020",
    "ThreadId": "561828",
    "Html": "I too need to get rid of EF and want to mkae use of Dapper. I already created an application with Dapper and running excellent now. \r<br />\nNow decided to replace my own identity mechanism with Asp.Net Identity that supports google claims as well. \r<br />\n<br />\nThis is the only reason why I am interested in Asp.Net Identity, bet never interested to replace any of my Dapper/Data Access code.\r<br />\n<br />\nPlease suggest is there any article that covers plain interface implementation of this without using EF.<br />\n",
    "PostedDate": "2015-04-12T11:51:31.917-07:00",
    "UserRole": null,
    "MarkedAsAnswerDate": null
  },
  {
    "Id": "1409664",
    "ThreadId": "561828",
    "Html": "I was able to eventually get it working.  Basically, I started off with a regular MVC project and started hacking bits out.  I'd start by removing the EntityFramework Nuget packages.  I then added in my own User class, UserManager class, storage provider, and a few other bits.  It took a little bit of figuring things out on how the existing MVC code was calling the UserManager, but I was eventually able to get it working.<br />\n\r<br />\nI found the following article particularly helpful: <a href=\"http://www.asp.net/identity/overview/extensibility/overview-of-custom-storage-providers-for-aspnet-identity\" rel=\"nofollow\">http://www.asp.net/identity/overview/extensibility/overview-of-custom-storage-providers-for-aspnet-identity</a>\r<br />\n<br />\nThe only thing it didn't cover was how to get the existing MVC pages working with the new UserManager.  I had some odd issues just because the way that the calls were doing things.  For example, it looked like it was attempting to update the username of a user who hadn't yet been used.  This is because my own custom storage provider initially required that a user exist in the database in order to update the username on it.  The original MVC/Entity Framework code didn't actually make a call to the database, it just updated the object without actually making a call to the database.  Changing mine so that it behaved the same way made the existing MVC pages work.<br />\n",
    "PostedDate": "2015-04-13T07:51:05.277-07:00",
    "UserRole": null,
    "MarkedAsAnswerDate": null
  }
]