[
  {
    "Id": "1200485",
    "ThreadId": "528303",
    "Html": "Hi, I'm currently building an e-commerce site using ASP.NET MVC 5 and ASP.NET Identity 2.0.0 alpha. As the final release of the site is planned for spring of 2014 I wish for that I will not be forced to redesign all the middleware stuff (I am using an AccountManager wrapper class for two of my controllers that both use the Login/Register functionality of the ASP.NET Identity Visual Studio 2013 templates which adds complexity to how the UserManager is accessed).<br />\n<br />\nI am in particular referring to these two pieces of code:<br />\n<ol>\n<li>\n<a href=\"https://aspnet.codeplex.com/SourceControl/latest#Samples/Identity/Identity-PasswordPolicy/Identity-PasswordPolicy/App_Start/Startup.Auth.cs\" rel=\"nofollow\">https://aspnet.codeplex.com/SourceControl/latest#Samples/Identity/Identity-PasswordPolicy/Identity-PasswordPolicy/App_Start/Startup.Auth.cs</a><br />\n<pre><code>    // Configure the UserManager\n    app.UseUserManagerFactory(new IdentityFactoryOptions&lt;ApplicationUserManager&gt;()\n    {\n        DataProtectionProvider = app.GetDataProtectionProvider(),\n        Provider = new IdentityFactoryProvider&lt;ApplicationUserManager&gt;()\n        {\n            OnCreate = ApplicationUserManager.Create\n        }\n    });\n\n</code></pre>\n\n</li>\n<li>\n<a href=\"https://aspnet.codeplex.com/SourceControl/latest#Samples/Identity/Identity-PasswordPolicy/Identity-PasswordPolicy/Models/IdentityModels.cs\" rel=\"nofollow\">https://aspnet.codeplex.com/SourceControl/latest#Samples/Identity/Identity-PasswordPolicy/Identity-PasswordPolicy/Models/IdentityModels.cs</a><br />\n<br />\n<br />\npublic class ApplicationUserManager : UserManager&lt;ApplicationUser&gt;<br />\n{<br />\n<pre><code>private readonly int PASSWORD_HISTORY_LIMIT = 5;\n\npublic ApplicationUserManager(IUserStore&lt;ApplicationUser&gt; store)\n    : base(store)\n{\n}\n\npublic static ApplicationUserManager Create(IdentityFactoryOptions&lt;ApplicationUserManager&gt; options)\n{\n    var manager = new ApplicationUserManager(new ApplicationUserStore(new ApplicationDbContext()));\n    // Configure the application user manager\n    manager.UserValidator = new UserValidator&lt;ApplicationUser&gt;(manager)\n    {\n        AllowOnlyAlphanumericUserNames = false,\n        RequireUniqueEmail = true\n    };\n    manager.PasswordValidator = new CustomPasswordValidator(10);\n\n    var dataProtectionProvider = options.DataProtectionProvider;\n    if (dataProtectionProvider != null)\n    {\n        manager.PasswordResetTokens = new DataProtectorTokenProvider(dataProtectionProvider.Create(&quot;PasswordReset&quot;));\n        manager.UserConfirmationTokens = new DataProtectorTokenProvider(dataProtectionProvider.Create(&quot;ConfirmUser&quot;));\n    }\n    return manager;\n}\n\npublic override async Task&lt;IdentityResult&gt; ChangePasswordAsync(string userId, string currentPassword, string newPassword)\n{\n    if (await IsPreviousPassword(userId, newPassword))\n    {\n        return await Task.FromResult(IdentityResult.Failed(&quot;Cannot reuse old password&quot;));\n    }\n    var result = await base.ChangePasswordAsync(userId, currentPassword, newPassword);\n    if (result.Succeeded)\n    {\n        var store = Store as ApplicationUserStore;\n\n        await store.AddToPreviousPasswordsAsync(await FindByIdAsync(userId), PasswordHasher.HashPassword(newPassword));\n    }\n    return result;\n}\n\n\npublic override async Task&lt;IdentityResult&gt; ResetPasswordAsync(string userId, string token, string newPassword)\n{\n    if (await IsPreviousPassword(userId, newPassword))\n    {\n        return await Task.FromResult(IdentityResult.Failed(&quot;Cannot reuse old password&quot;));\n    }\n    var result = await base.ResetPasswordAsync(userId, token, newPassword);\n    if (result.Succeeded)\n    {\n        var store = Store as ApplicationUserStore;\n        await store.AddToPreviousPasswordsAsync(await FindByIdAsync(userId), PasswordHasher.HashPassword(newPassword));\n    }\n    return result;\n}\n\n\nprivate async Task&lt;bool&gt; IsPreviousPassword(string userId, string newPassword)\n{\n    var user = await FindByIdAsync(userId);\n    if (user.PreviousUserPasswords.OrderByDescending(x =&gt; x.CreateDate).\n    Select(x =&gt; x.PasswordHash).Take(PASSWORD_HISTORY_LIMIT).Where(x =&gt; PasswordHasher.VerifyHashedPassword(x, newPassword) != PasswordVerificationResult.Failed).\n    Any())\n    {\n        return true;\n    }\n    return false;\n} </code></pre>\n\n}<br />\n</li>\n</ol>\nSo my concern and question is: Will this code make it to the RTM package/Visual Studio 2013 templates so that I can continue working with the ASP.NET Identity 2.0.0 alpha components in my e-commerce site that is going live soon?<br />\n<br />\nThanks!<br />\n<br />\n/P<br />\n",
    "PostedDate": "2014-01-29T07:05:54.307-08:00",
    "UserRole": null,
    "MarkedAsAnswerDate": null
  },
  {
    "Id": "1200662",
    "ThreadId": "528303",
    "Html": "@PussInBoots: Some of the code you have will be changed in the upcoming release. You can try the beta package from the nightly feed <a href=\"http://myget.org/f/aspnetwebstacknightly\" rel=\"nofollow\">http://myget.org/f/aspnetwebstacknightly</a>. To summarize the changes<br />\n<ul>\n<li>UseUSerManagerFactory is replaced with CreatePerOwinContext</li>\n<li>ApplicationUserManager.Create takes an additional method parameter of type IOwinContext</li>\n<li>\nThe PasswordResetTokens and UserConfirmationTokens property is replaced with a single property in the UserManager.<br />\n</li>\n</ul>\nThis is a quick heads up based on your requirement which might make to the RTM build. I'll update the samples on the codeplex site with the beta package once it is released.<br />\n",
    "PostedDate": "2014-01-29T13:32:04.267-08:00",
    "UserRole": null,
    "MarkedAsAnswerDate": null
  },
  {
    "Id": "1201226",
    "ThreadId": "528303",
    "Html": "Thanks for the info!<br />\n",
    "PostedDate": "2014-01-31T01:23:42.12-08:00",
    "UserRole": null,
    "MarkedAsAnswerDate": null
  }
]