[
  {
    "Id": "1322437",
    "ThreadId": "572141",
    "Html": "Hi there,\r<br />\n<br />\nI was wondering if I could find best way of unit testing ASP.NET identity 2.0.  I am trying to Mock ApplicationUserManager, ApplicationRoleManager, ApplicationSignInManager etc using moq framework, but I am not successful testing/mocking everything. <br />\n",
    "PostedDate": "2014-11-14T21:00:22.9-08:00",
    "UserRole": null,
    "MarkedAsAnswerDate": null
  },
  {
    "Id": "1325191",
    "ThreadId": "572141",
    "Html": "You may want to take a look at thinktecture IdentitySServer 3.0 or MembershipReboot libraries that contain some really good examples of setting up the unit tests using moq. I assume you will be able to translate the ideas for Asp.net identity. Good luck.<br />\n",
    "PostedDate": "2014-11-23T03:45:29.773-08:00",
    "UserRole": null,
    "MarkedAsAnswerDate": null
  }
]