[
  {
    "Id": "1142314",
    "ThreadId": "478022",
    "Html": "For those of us not using EF but NHibernate or Direct SQL ADO, the actual version is a show stopper.<br />\n",
    "PostedDate": "2013-12-26T04:05:47.393-08:00",
    "UserRole": null,
    "MarkedAsAnswerDate": null
  },
  {
    "Id": "1143956",
    "ThreadId": "478022",
    "Html": "Agreed.  It's not ideal to need to add EF to the solution to get this functionality.<br />\n",
    "PostedDate": "2013-12-30T09:51:36.117-08:00",
    "UserRole": null,
    "MarkedAsAnswerDate": null
  },
  {
    "Id": "1144673",
    "ThreadId": "478022",
    "Html": "Feel free to check out my custom stores <a href=\"http://www.codeproject.com/Tips/680418/Microsoft-ASP-NET-Identity-MerlinFramework\" rel=\"nofollow\">here</a>.<br />\n",
    "PostedDate": "2014-01-02T08:48:45.04-08:00",
    "UserRole": null,
    "MarkedAsAnswerDate": null
  }
]