[
  {
    "Id": "1307581",
    "ThreadId": "568202",
    "Html": "Hello everybody,\r<br />\n<br />\nI have a windows form application authenticating users with the old asp.net membership system. I was able to successfully migrate the database to the new format. Can I use ASP.NET Identity 2.0 to authenticate users as I did with the old membership system? \r<br />\n<br />\nThank you for your help<br />\n",
    "PostedDate": "2014-09-23T15:43:51.883-07:00",
    "UserRole": null,
    "MarkedAsAnswerDate": null
  }
]