[
  {
    "Id": "1464451",
    "ThreadId": "651729",
    "Html": "i re-post the question here  for larger audiance<br />\n<br />\n<a href=\"http://stackoverflow.com/questions/35612486/owin-iis-throws-access-denied-for-authenticated-user-while-accessing-child-appl\" rel=\"nofollow\">http://stackoverflow.com/questions/35612486/owin-iis-throws-access-denied-for-authenticated-user-while-accessing-child-appl</a><br />\n",
    "PostedDate": "2016-02-24T10:06:25.737-08:00",
    "UserRole": null,
    "MarkedAsAnswerDate": null
  }
]