[
  {
    "Id": "1306456",
    "ThreadId": "567899",
    "Html": "Hello ,\r<br />\nam using ASP.net MVC 5 with Identity 2\r<br />\nIs there a way to be notified when a user becomes logged out with an ASP.net MVC\r<br />\nNote: A user can become logged out without visiting or clicking a &quot;logout&quot; link.\r<br />\nWhen a user is logged out i want to fetch clear some session related information, and write to a database.\r<br />\nthanks <br />\n",
    "PostedDate": "2014-09-19T12:11:47.07-07:00",
    "UserRole": null,
    "MarkedAsAnswerDate": null
  },
  {
    "Id": "1307160",
    "ThreadId": "567899",
    "Html": "Do you want an explicit notification after the AuthenticationManager.SignOut is called ? Or do you want a notification when the request comes with an expired cookie ?<br />\n",
    "PostedDate": "2014-09-22T14:10:47.19-07:00",
    "UserRole": null,
    "MarkedAsAnswerDate": null
  },
  {
    "Id": "1311279",
    "ThreadId": "567899",
    "Html": "Suhasj, \r<br />\nIt would be nice to have both situations as on the first we may store how long the user has been using the app, despite it is meaningful or not. On the second we may signal to the user that his/her session is now expired and he/she needs to log in again to continue using the application (for sure, it would be better if we get a notification that the cookie is about to expire).\r<br />\n<br />\nRegards.<br />\n",
    "PostedDate": "2014-10-07T10:33:53.087-07:00",
    "UserRole": null,
    "MarkedAsAnswerDate": null
  }
]