[
  {
    "Id": "1173633",
    "ThreadId": "504308",
    "Html": "First off, for reference: <a href=\"http://stackoverflow.com/q/19863961/298053\" rel=\"nofollow\">How to use Identity membership with existing database (n-tier)</a><br />\n<br />\nI was wondering if there is a way (or plans) to make identity play well in a multi-tier environment? As it stands, it looks like the whole structure is marries to the <code>Microsoft.AspNet.Identity.*</code> libraries (and I dislike having to couple multiple libraries that much). Is there any way to do this in a fashion that allows having business objects and membership in one place without the references? Or are you faced with including the <code>Microsoft.aspNet.Identity.*</code> reference in both the WebUI &amp; the Data layer?<br />\n<br />\nKind regards,<br />\nBrad Christie<br />\n",
    "PostedDate": "2014-01-17T05:05:15.277-08:00",
    "UserRole": null,
    "MarkedAsAnswerDate": null
  },
  {
    "Id": "1276588",
    "ThreadId": "504308",
    "Html": "I had the same question some time ago, and my best bet was to put Identity in a separate project.\r<br />\nThen only reference in your WebUI application.\r<br />\n<br />\nI didn't went that route yet, but I'm pretty sure you will have 2 DbContext one for identity, one for everything else (which can include the tables from the Identity DbContext)\r<br />\n<br />\nTake a look at this blog post <a href=\"http://kevin-junghans.blogspot.com/2013/11/decoupling-aspnet-identify-from-your.html\" rel=\"nofollow\">http://kevin-junghans.blogspot.com/2013/11/decoupling-aspnet-identify-from-your.html</a> it may help you.<br />\n",
    "PostedDate": "2014-07-23T21:52:44.483-07:00",
    "UserRole": null,
    "MarkedAsAnswerDate": null
  }
]