[
  {
    "Id": "1223479",
    "ThreadId": "539233",
    "Html": "Relatively new to MVC, but been working with basic controllers and web api controllers for over a year. Began using the new Identity system, 1.0 version, in a project a few weeks ago. Now working on customizing use of the 1.0 version and at same time keeping informed of version 2.0\r<br />\n<br />\nWhat I don't get is the need for Async. For my simple needs, it obscures the straightforward use of model binding, a big strength of MVC architecture.\r<br />\n<br />\nCan the team please explain to me which of the two requirements usually stated for Async  are they trying to achieve. If it's all for the 1st purpose of performance during high concurrency load situations, I don't follow. I mean how many sites are brought to their knees by slow registration systems.\r<br />\n<br />\nIf it is because they are laying a foundation for a very complex application, RIA, with many competing calls to threads, then that is another story. Still, I can see Async as optional, not as the default for so many controller operations.\r<br />\n<br />\nI'm just curious. Someone educate me, please.<br />\n",
    "PostedDate": "2014-03-17T05:23:53.287-07:00",
    "UserRole": null,
    "MarkedAsAnswerDate": null
  },
  {
    "Id": "1223666",
    "ThreadId": "539233",
    "Html": "How does the use of Async hinder MVC's model binding? I don't understand. Also the Identity system is not only used for registrations but for authentication as well. Async is particularly useful in Web API's where you need to authenticate each incoming request for instance every time (whether it be via Bearer token, basic auth, etc).<br />\n",
    "PostedDate": "2014-03-17T13:33:39.437-07:00",
    "UserRole": null,
    "MarkedAsAnswerDate": null
  }
]