[
  {
    "Id": "1246218",
    "ThreadId": "545584",
    "Html": "For Forms Based Authentication currently there is support for building custom Membership and Role providers and configuring in SharePoint. <br />\nWondering if the same can be done using Asp.Net Identity framework. <br />\nI did a lot of search on this and could not find any resources on this online. Can anyone please tell me whether there is support for Asp.Net Identity in SharePoint or should i just use the Membership Providers for SharePoint at this moment.<br />\n",
    "PostedDate": "2014-05-16T09:45:32.29-07:00",
    "UserRole": null,
    "MarkedAsAnswerDate": null
  }
]