[
  {
    "Id": "1351821",
    "ThreadId": "580588",
    "Html": "All,<br />\n<br />\nI noticed the Identity framework samples never set the following setting to TRUE in the Web.config under appSettings:<br />\n<br />\nUseTaskFriendlySynchronizationContext <br />\n<br />\nHowever, the identity framework does a lot of task based asynchronous operations.<br />\n<br />\nWe have been noticing occasional thread deadlocks in our production servers since moving to ASP .NET Identity and I am wondering if this is occurring because we have not set UseTaskFriendlySynchronizationContext to TRUE in web.config?<br />\n",
    "PostedDate": "2015-02-12T09:14:30.03-08:00",
    "UserRole": null,
    "MarkedAsAnswerDate": null
  }
]