[
  {
    "Id": "1460714",
    "ThreadId": "650508",
    "Html": "Hello,\r<br />\n<br />\nAs an almost beginner in the mysteries of ASP.NET, I am trying to use the Identity system in order to achieve my task. I need a more complex system which would also comprise groups of users so I tried to follow this example:\r<br />\n<a href=\"http://johnatten.com/2014/08/10/asp-net-identity-2-0-implementing-group-based-permissions-management/\" rel=\"nofollow\">ASP.NET Identity 2.0: Implementing Group-Based Permissions Management</a>\r<br />\n<br />\nI encounter a first difficulty yet: my project is a WebForms app, not MVC, I have installed the package Identity 2.2.1 and now I cannot find an implementation of the RoleStore class. When I try to do it myself, just as suggested in the link, I find the following error: 'EntityStore&lt;TEntity&gt;' is inaccessible due to its protection level.\r<br />\n<br />\nWhat can I do about it?\r<br />\n<br />\nOr do you have any other suggestion for implementing a group-based approach according to the Identity system? \r<br />\n<br />\nThank you very much!<br />\n",
    "PostedDate": "2016-01-26T03:29:56.023-08:00",
    "UserRole": null,
    "MarkedAsAnswerDate": null
  }
]