[
  {
    "Id": "1229232",
    "ThreadId": "540868",
    "Html": "I haventh been able to find much info about it.\r<br />\n<br />\nBut lately i have been using Identity, but i come to a problem, best practice is 1 DbContext per request, but also best to make all changes to the DbContext and in the end save the changes. (Batch transaction)\r<br />\n<br />\nHowever RoleStore doesnt seem to implement AutoSaveChanges variable as UserStore does, so would have to make my own version just to get around this.\r<br />\nIs this something which is meant to be, or was missed?<br />\n",
    "PostedDate": "2014-04-01T17:24:49.223-07:00",
    "UserRole": null,
    "MarkedAsAnswerDate": null
  },
  {
    "Id": "1229580",
    "ThreadId": "540868",
    "Html": "@Zaixu: The UserStore works on the user object which has other dependent objects like Logins, claims and roles and hence the state is unpredictable. The auto save is added since for a particular CRUD operation we might not know the state of the user object and the user may choose to do a batch update at end of multiple changes on the user object. The RoleStore works contains basic CRUD operations only on the Role class whose state is predictable due to no dependent objects. Hence update is done with each operation. You can file a bug and we can triage this for next release if you think the team should reconsider this.<br />\n",
    "PostedDate": "2014-04-02T10:47:02.813-07:00",
    "UserRole": null,
    "MarkedAsAnswerDate": null
  }
]