[
  {
    "Id": "1223222",
    "ThreadId": "539153",
    "Html": "Hi,\r<br />\n<br />\nI've noticed, that when I use SecurityStampValidator.OnValidateIdentity there will be sliding expiration, even if you have not activated it.\r<br />\n<br />\nThis seems to be due to the call of AuthenticationManager.SignIn, which - as I understand it - is done to renew the issued-timestamp within the auth-cookie.\r<br />\n<br />\nWishes,\r<br />\nManfred<br />\n",
    "PostedDate": "2014-03-16T05:33:11.76-07:00",
    "UserRole": null,
    "MarkedAsAnswerDate": null
  }
]