[
  {
    "Id": "1467730",
    "ThreadId": "652822",
    "Html": "Sorry, noob question here.<br />\n<br />\nI'm trying to understand how the Identity database is created for a new project. I have seen that it is created in localDB the first time an account is added to a new MVC project. I created a Git repo of the Identity project, but I can't find code in the project containing any T-SQL that I expected to find to actually create a new database and its tables.<br />\n<br />\nCan someone clue me in?<br />\n<br />\nThanks.<br />\n",
    "PostedDate": "2016-03-22T22:25:14.787-07:00",
    "UserRole": null,
    "MarkedAsAnswerDate": null
  }
]