[
  {
    "Id": "1223469",
    "ThreadId": "539229",
    "Html": "I tried to set the UserName as my custom Firstname+ Lastname properties. It sets it ok. But when I try to log in fails. Is this because the password is hashed using the email as salt? any way I can override this to still use the email as hash at login time but use the username as username?<br />\n<br />\nI am using Identity 2.0.0 beta1<br />\n",
    "PostedDate": "2014-03-17T04:50:12.973-07:00",
    "UserRole": null,
    "MarkedAsAnswerDate": null
  },
  {
    "Id": "1223736",
    "ThreadId": "539229",
    "Html": "@AarifSaiyed: The password hash is independent of the email so that should not be the case. Do check if the correct user object is fetched from the database with UserManager.FindbyEmailAsync and UserManager.FindByUsernameAsync. <br />\n",
    "PostedDate": "2014-03-17T17:35:59.213-07:00",
    "UserRole": null,
    "MarkedAsAnswerDate": null
  },
  {
    "Id": "1223873",
    "ThreadId": "539229",
    "Html": "<strong>AarifSaiyed wrote:</strong><br />\n<blockquote>\nI tried to set the UserName as my custom Firstname+ Lastname properties. It sets it ok. But when I try to log in fails. Is this because the password is hashed using the email as salt? any way I can override this to still use the email as hash at login time but use the username as username?<br />\n<br />\nI am using Identity 2.0.0 beta1<br />\n</blockquote>\nFixed 18/03/2014<br />\nI had left a space for aesthetic purposes between the firstname and lastname fields. removing this space has resolved the issue. <br />\n<br />\nSorry @suhasj did not answer earlier.<br />\n",
    "PostedDate": "2014-03-18T03:56:59.613-07:00",
    "UserRole": null,
    "MarkedAsAnswerDate": "2014-03-18T03:57:13.077-07:00"
  }
]