[
  {
    "Id": "1135355",
    "ThreadId": "473460",
    "Html": "The following project contains ASP.NET Identity SQL Database project, EF Database-First providers and code samples:<br />\n<br />\n<a href=\"https://github.com/KriaSoft/AspNet.Identity\" rel=\"nofollow\">https://github.com/KriaSoft/AspNet.Identity</a><br />\n<br />\nIt can be used as a groundwork for developing a custom membership solution based on ASP.NET Identity and utilizing Database-First development approach.<br />\n<br />\n<a href=\"http://visualstudiogallery.msdn.microsoft.com/6780f8e4-d204-4e88-83c2-853098727ffb\" rel=\"nofollow\"><img src=\"http://i.imgur.com/5rxiyS2.png\" alt=\"Image\" /></a><br />\n<br />\n<a href=\"http://visualstudiogallery.msdn.microsoft.com/6780f8e4-d204-4e88-83c2-853098727ffb\" rel=\"nofollow\">http://visualstudiogallery.msdn.microsoft.com/6780f8e4-d204-4e88-83c2-853098727ffb</a><br />\n<br />\nFeedback is always welcome! You can ping me on Skype: koistya<br />\n",
    "PostedDate": "2013-12-12T22:08:58.937-08:00",
    "UserRole": null,
    "MarkedAsAnswerDate": null
  },
  {
    "Id": "1430250",
    "ThreadId": "473460",
    "Html": "What is the password for the admin and demo users?\r<br />\n<br />\nAlso, can you tell me how I can seed the user table via a sql script?<br />\n",
    "PostedDate": "2015-06-12T07:37:40.943-07:00",
    "UserRole": null,
    "MarkedAsAnswerDate": null
  }
]