[
  {
    "Id": "1293852",
    "ThreadId": "562232",
    "Html": "Hi,\r<br />\nI want to use Identity 2.0 in my project , i'm  new to ASP.NET Identity 2.0, plz tell me how to use identity 2.0 with my sql server database and tell actually where username and its roles are retrieved from database and check in c# code. how to pass table names like UserProfile and UserRole to identity code.\r<br />\n<br />\nPlease do reply \r<br />\n<br />\nIf anyone had working code of Identity 2.0 only login page and home page with role based authorization .\r<br />\n<br />\nThanks<br />\n",
    "PostedDate": "2014-08-27T02:53:34.083-07:00",
    "UserRole": null,
    "MarkedAsAnswerDate": null
  },
  {
    "Id": "1294365",
    "ThreadId": "562232",
    "Html": "On an empty project install the Microsoft.AspNet.Identity.Samples package. This is a sample web application with Identity that has roles and user profile configured<br />\n",
    "PostedDate": "2014-08-28T10:46:50.5-07:00",
    "UserRole": null,
    "MarkedAsAnswerDate": null
  },
  {
    "Id": "1301261",
    "ThreadId": "562232",
    "Html": "(comment removed)<br />\n",
    "PostedDate": "2014-09-06T08:10:00.567-07:00",
    "UserRole": null,
    "MarkedAsAnswerDate": null
  }
]