[
  {
    "Id": "1421561",
    "ThreadId": "635985",
    "Html": "Hello,\r<br />\n<br />\nI have implemented the default individual user account identity.net authentication for a forms based app.   I am new to this so I've only implemented the bare minimum to to authenticate certain sections of my webapp.  Here is the tutorial that I followed for my implementation: <a href=\"http://www.asp.net/identity/overview/getting-started/adding-aspnet-identity-to-an-empty-or-existing-web-forms-project\" rel=\"nofollow\">http://www.asp.net/identity/overview/getting-started/adding-aspnet-identity-to-an-empty-or-existing-web-forms-project</a>\r<br />\n<br />\nI am having an intermittent login problem with my app.  This happens on both my development environment (VS 2013) and my deployed application on an IIS server.  When the issue arises, I am unable to login to the app, though I am certain I am providing the correct username and password.  The authentication page, does not provide any type of error.  The form just resets, removing both the username and password.  I can continue to try to login but the same things happens.  If I wait long enough, I will be able to login.  Perhaps this is after the session expires???\r<br />\n<br />\nHere is my very basic authentication code:<br />\n<pre><code>protected void Page_Load(object sender, EventArgs e)\n        {\n            RegisterHyperLink.NavigateUrl = &quot;Register&quot;;\n            OpenAuthLogin.ReturnUrl = Request.QueryString[&quot;ReturnUrl&quot;];\n            var returnUrl = HttpUtility.UrlEncode(Request.QueryString[&quot;ReturnUrl&quot;]);\n            if (!String.IsNullOrEmpty(returnUrl))\n            {\n                RegisterHyperLink.NavigateUrl += &quot;?ReturnUrl=&quot; + returnUrl;\n            }\n        }\n\n        protected void LogIn(object sender, EventArgs e)\n        {\n            if (IsValid)\n            {\n                // Validate the user password\n                var manager = new UserManager();\n                ApplicationUser user = manager.Find(UserName.Text, Password.Text);\n                if (user != null)\n                {\n                    IdentityHelper.SignIn(manager, user, RememberMe.Checked);\n                    IdentityHelper.RedirectToReturnUrl(Request.QueryString[&quot;ReturnUrl&quot;], Response);\n                }\n                else\n                {\n                    FailureText.Text = &quot;Invalid username or password.&quot;;\n                    ErrorMessage.Visible = true;\n                }\n            }\n        }</code></pre>\n\nThe page require authentication are in a subfolder with this webconfig file:<br />\n<pre><code>&lt;?xml version=&quot;1.0&quot;?&gt;\n&lt;configuration&gt;\n\n\n    &lt;system.web&gt;\n      &lt;authorization&gt;\n        &lt;deny users=&quot;?&quot;/&gt;\n      &lt;/authorization&gt;\n    &lt;/system.web&gt;\n\n&lt;/configuration&gt;\n</code></pre>\n\nI have looked at both my IIS standard and error logs but do not see anything indicative of an issue. Would anyone have any idea on what might cause this or tips on better troubleshooting this issue?\r<br />\n<br />\nThanks,\r<br />\n<br />\nB<br />\n",
    "PostedDate": "2015-04-29T14:07:01.78-07:00",
    "UserRole": null,
    "MarkedAsAnswerDate": null
  },
  {
    "Id": "1480100",
    "ThreadId": "635985",
    "Html": "I am having this issue as well. Anyone ever solve this?<br />\n",
    "PostedDate": "2016-07-29T07:19:04.18-07:00",
    "UserRole": null,
    "MarkedAsAnswerDate": null
  }
]