[
  {
    "Id": "1133026",
    "ThreadId": "470394",
    "Html": "The nightly builds are going much different to the current Released version. Any efforts now, may need be done again very soon in future.\r<br />\n<br />\nRoadmap will help think in right direction.  \r<br />\n",
    "PostedDate": "2013-12-09T00:00:34.22-08:00",
    "UserRole": null,
    "MarkedAsAnswerDate": null
  },
  {
    "Id": "1133455",
    "ThreadId": "470394",
    "Html": "Looks we have the <a href=\"https://aspnetidentity.codeplex.com/wikipage?title=Roadmap\" rel=\"nofollow\">roadmap</a><br />\n<br />\nRead the Spring 2013 as Spring 2014 in roadmap<br />\n<ul>\n<li>Mr. Pranav, thank you and do correct the year. Also check in home page, link to readmap is pointing to version 1.</li>\n</ul>\n",
    "PostedDate": "2013-12-10T00:12:45.763-08:00",
    "UserRole": null,
    "MarkedAsAnswerDate": null
  }
]