[
  {
    "Id": "1237194",
    "ThreadId": "543112",
    "Html": "All,\r<br />\n<br />\nDoes anyone have examples of a custom data protector token provider?\r<br />\n<br />\nIt seems to me the way it's done now is overly complex and results in very long URL's.\r<br />\n<br />\nTypically we have just implemented the &quot;code&quot; flag to be a GUID value, and we would compare that GUID value to the generated time stamp in the database to ensure that A) The GUID is for the user ID in question, and B) that it has not expired\r<br />\n<br />\nWhats wrong with a GUID and the expiration database check?\r<br />\n<br />\nIt results in much shorter URL's and is way easier to implement.  Why all the complexity of RFC6238?<br />\n",
    "PostedDate": "2014-04-23T11:04:05.69-07:00",
    "UserRole": null,
    "MarkedAsAnswerDate": null
  }
]