[
  {
    "Id": "1250947",
    "ThreadId": "546951",
    "Html": "Hi! Could you please tell me how I can manually add external authentication providers that are different from default once (facebook, twitter, google, microsoft)? In particular, I would like to add salesforce.com as a new authentication provider.<br />\n",
    "PostedDate": "2014-05-29T10:49:07.717-07:00",
    "UserRole": null,
    "MarkedAsAnswerDate": null
  },
  {
    "Id": "1251340",
    "ThreadId": "546951",
    "Html": "you need to add a new middleware on the lines of the the existing ones like google, windows live etc. Please look at the Katana source code for the implementation details <a href=\"https://katanaproject.codeplex.com/SourceControl/latest#src/Microsoft.Owin.Security.MicrosoftAccount/\" rel=\"nofollow\">https://katanaproject.codeplex.com/SourceControl/latest#src/Microsoft.Owin.Security.MicrosoftAccount/</a> <br />\n",
    "PostedDate": "2014-05-30T09:50:30.927-07:00",
    "UserRole": null,
    "MarkedAsAnswerDate": null
  }
]