[
  {
    "Id": "1242773",
    "ThreadId": "544637",
    "Html": "All,<br />\n<br />\nI have a user administration program that does not use identity framework but I would like to interact with it using the UserManager class I inherit from.<br />\n<br />\nIf I use my UserManager class from the identity framework and attempt to call &quot;GeneratePasswordResetTokenAsync&quot; method I get the following error:<br />\n<br />\n<em>No IUserTokenProvider is registered.</em> <br />\n<br />\nWhich makes sense, since this only gets setup during the following method:<br />\n<h1></h1>\npublic static ApplicationUserManager Create(IdentityFactoryOptions&lt;ApplicationUserManager&gt; options, IOwinContext context)<br />\n<pre><code>    {\n        var manager = new ApplicationUserManager(new ARRTUserStore(new DB2(), context));\n        manager.SetContextDefaults(options, context);\n        return manager;\n    }\n\n    public void SetContextDefaults(IdentityFactoryOptions&lt;ApplicationUserManager&gt; options, IOwinContext context)\n    {\n        this.UserValidator = new UserValidator&lt;IdentityUser, long&gt;(this)\n        {\n            AllowOnlyAlphanumericUserNames = false,\n            RequireUniqueEmail = true\n        };\n        this.PasswordValidator = new PasswordValidator()\n        {\n            RequiredLength = 8,\n            RequireNonLetterOrDigit = false,\n            RequireDigit = true,\n            RequireLowercase = true,\n            RequireUppercase = true\n        };\n        this.DefaultAccountLockoutTimeSpan = new TimeSpan(0, 15, 0); //Default lockout time of 15 minutes\n        this.EmailService = new EmailService(); \n        this.MaxFailedAccessAttemptsBeforeLockout = 5;\n        this.UserLockoutEnabledByDefault = true;\n\n        var dataProtectionProvider = options.DataProtectionProvider;\n        if (dataProtectionProvider != null)\n        {\n            DataProtectorTokenProvider&lt;IdentityUser, long&gt; provider = new DataProtectorTokenProvider&lt;IdentityUser, long&gt;(dataProtectionProvider.Create(&quot;PR&quot;));\n            //provider.TokenLifespan (if we want to change default token life span)\n            provider.TokenLifespan = new TimeSpan(0, 5, 0); //Change from default of 90 seconds to 5 minutes.\n            this.UserTokenProvider = provider;\n\n        }\n    }\n</code></pre>\n\nSo how do we set some of these properties on the UserManager object without a valid OwinContext and more importantly some IdentityFactoryOptions that already have the DataProtectionProvider defined so you can get a UserTokenProvider?<br />\n<br />\nThanks!<br />\n",
    "PostedDate": "2014-05-07T14:32:25.35-07:00",
    "UserRole": null,
    "MarkedAsAnswerDate": null
  },
  {
    "Id": "1242779",
    "ThreadId": "544637",
    "Html": "Figured it out:\r<br />\n<br />\nvar provider = new Microsoft.Owin.Security.DataProtection.DpapiDataProtectionProvider(&quot;ApplicationNameHere&quot;);\r<br />\nthis.UserTokenProvider = new Microsoft.AspNet.Identity.Owin.DataProtectorTokenProvider&lt;IdentityUser, long&gt;(provider.Create(&quot;PR&quot;));<br />\n",
    "PostedDate": "2014-05-07T14:41:06.33-07:00",
    "UserRole": null,
    "MarkedAsAnswerDate": null
  },
  {
    "Id": "1328533",
    "ThreadId": "544637",
    "Html": "As a follow up to this, see this post for a better explanation.  The solution I previous posted doesn't actually work because Microsoft actually uses a MachineKeyDataProtectionProvider class which they have marked internal (can't use in your own code), thus you must roll your own for things to actually work properly.\r<br />\n<br />\nSee here: <a href=\"https://aspnetidentity.codeplex.com/discussions/573929\" rel=\"nofollow\">https://aspnetidentity.codeplex.com/discussions/573929</a><br />\n",
    "PostedDate": "2014-12-03T12:45:32.377-08:00",
    "UserRole": null,
    "MarkedAsAnswerDate": "2014-12-03T12:45:35.387-08:00"
  }
]