[
  {
    "Id": "1242322",
    "ThreadId": "544519",
    "Html": "All of the documentation and examples show using either local/social login providers or organizational login providers. Is there a way to leverage both in the same application? It is quite common for applications that target businesses as well as consumers to want to support both local username/password and social authentication methods as well as federated authentication methods depending on the application tenant. Is this possible with ASP.NET Identity today? If so, are there any samples that can demonstrate this and if not, is it on the roadmap at all?<br />\n",
    "PostedDate": "2014-05-06T18:01:40.52-07:00",
    "UserRole": null,
    "MarkedAsAnswerDate": null
  },
  {
    "Id": "1242792",
    "ThreadId": "544519",
    "Html": "You can check this post <a href=\"http://www.cloudidentity.com/blog/2014/02/20/ws-federation-in-microsoft-owin-componentsa-quick-start/\" rel=\"nofollow\">http://www.cloudidentity.com/blog/2014/02/20/ws-federation-in-microsoft-owin-componentsa-quick-start/</a> which shows including WsFed into an MVC application. You can include that along with other OAuth providers<br />\n",
    "PostedDate": "2014-05-07T15:11:39.14-07:00",
    "UserRole": null,
    "MarkedAsAnswerDate": null
  },
  {
    "Id": "1242837",
    "ThreadId": "544519",
    "Html": "That definitely gives me a place to start, thanks. I have some more questions but I can save those for the Katana project team.<br />\n",
    "PostedDate": "2014-05-07T18:06:39.563-07:00",
    "UserRole": null,
    "MarkedAsAnswerDate": null
  }
]