[
  {
    "Id": "1279522",
    "ThreadId": "554718",
    "Html": "Is it possible, or will it be possible in the near future to use ADFS and social accounts for authentication on the same site?<br />\n<br />\nI have setup two web sites. One does ADFS, the other does GOOGLE. That works fine.<br />\nI also tried to setup one web site and allow ADFS and GOOGLE authentication at the same time. But now, none of the authentication is working (using the latest (NuGet) packages).<br />\n<br />\nWhen authentication is working, will they both integrate into ASP.NET identity, so that one user could have an ADFS and a social account to login to the same (site) account?<br />\n<br />\nThankx, Harry<br />\n",
    "PostedDate": "2014-07-31T04:19:16.243-07:00",
    "UserRole": null,
    "MarkedAsAnswerDate": null
  },
  {
    "Id": "1279735",
    "ThreadId": "554718",
    "Html": "You can now use the Katana WsFed and Open IDC middlewares along with the other social login providers in the same site. The current version is 3.0.0.-rc2 which you can test and see if that works for you<br />\n",
    "PostedDate": "2014-07-31T13:59:33.113-07:00",
    "UserRole": null,
    "MarkedAsAnswerDate": null
  },
  {
    "Id": "1279817",
    "ThreadId": "554718",
    "Html": "Thankx suhasj. I am currently doing this in my test site. But somehow I do not get all the bits it needs. Do you have an example or some steps I need to be aware of?<br />\n",
    "PostedDate": "2014-07-31T21:14:38.933-07:00",
    "UserRole": null,
    "MarkedAsAnswerDate": null
  },
  {
    "Id": "1280237",
    "ThreadId": "554718",
    "Html": "can  you tell me the exact error so that I might be able to look into it?<br />\n",
    "PostedDate": "2014-08-01T14:14:33.733-07:00",
    "UserRole": null,
    "MarkedAsAnswerDate": null
  }
]