[
  {
    "Id": "1310064",
    "ThreadId": "568921",
    "Html": "Would be nice if I could discard de UserName and keep the Email for authentication. Today I have both fields with same data.\r<br />\n<br />\nI think its very complex (to me) to change that Guid user id and start use int. Same thing to rewrite the error messages returned when the manager validade that user already exists. Today Im showing to my user the &quot;Name {0} ia already taken&quot; message for an Email field.\r<br />\n<br />\nAnother thing is that I using a DAL (with procs and EF) to access the data and have to mainteining the Identity access layer.<br />\n",
    "PostedDate": "2014-10-02T15:34:56.563-07:00",
    "UserRole": null,
    "MarkedAsAnswerDate": null
  },
  {
    "Id": "1313519",
    "ThreadId": "568921",
    "Html": "I think it makes sense to expose the email as two properties. You don't have to actually store it twice; if may only be a single property in your DAL / a single column in your database table / whatever is relevant for your data store. Think about it: you'd still need a way to say &quot;the identifier used for authentication is the email&quot;. The choice roughly comes down to setting a flag and checking it everywhere or setting two properties to the same string object and just use the appropriate property when you need it without thinking about it. I believe the latter (which is used today) is better (more flexible, simpler all-around, probably more efficient - though negligibly).\r<br />\n<br />\nI agree though that the name of the property &quot;UserName&quot; is not appropriate, and neither are the error messages. That being said, no good generic replacement immediately comes to mind. I think your best bet is to provide your own translation for this string, falling back to the official resource files for the other strings.\r<br />\n<br />\nThey could use a flag (or check if UserName == Email) to switch the message to return (providing another one specifically for the case when the identifier is the email address), but I feel this is too specific to be accepted. Indeed, the identifier (UserName) could be any other property on the type (which you may extend, don't forget), so at some point it becomes application-specific.\r<br />\n<br />\nLetting applications specify just that property name in a localized string (to be embedded in the localized error message) is not satisfactory either, as some languages may see the order of words change depending on the words themselves.\r<br />\n<br />\nHence, the only correct solution (short of special-casing for a subset of the problem) is to ask the developers to provide the entire application-specific string for that message (if they're not happy with the default).<br />\n",
    "PostedDate": "2014-10-15T04:34:48.007-07:00",
    "UserRole": null,
    "MarkedAsAnswerDate": null
  }
]