[
  {
    "Id": "1244927",
    "ThreadId": "545230",
    "Html": "Hi,\r<br />\n<br />\nI'm new to Identity, so please bear with me.  In trying to implement Lockout logic, I'm having issues with lockout increment count resetting itself back to zero.   First time pass, UserManager.AccessFailed(user.Id) increments to one, the second time it resets to zero.  My understanding is that it should increment each time, but this is not the case. Please advice.<br />\n<pre><code>UserManager.AccessFailed(user.Id);\n\nif (UserManager.GetAccessFailedCount(user.Id) &gt;=\nUserManager.MaxFailedAccessAttemptsBeforeLockout)\n{\n    UserManager.SetLockoutEnabled(user.Id, true);\n}</code></pre>\n\n",
    "PostedDate": "2014-05-13T11:05:08.203-07:00",
    "UserRole": null,
    "MarkedAsAnswerDate": null
  },
  {
    "Id": "1245007",
    "ThreadId": "545230",
    "Html": "Internally it checks the MaxFailedAccessAttemptsBeforeLockout value and resets the count once it reaches that value. This is done to lockout the user. The SetLockoutEnabled method enables the user to be locked out and does not lockout the user. This is done for admin scenarios where the admin user should never be locked out<br />\n",
    "PostedDate": "2014-05-13T14:10:44.997-07:00",
    "UserRole": null,
    "MarkedAsAnswerDate": null
  },
  {
    "Id": "1245261",
    "ThreadId": "545230",
    "Html": "Are you saying that lockout occurs automatically?  I'm not seeing the lockoutEnabled field set. Is there code sample out there or an documentation/article? There seems to be very little information on how this is meant to work.  <br />\n",
    "PostedDate": "2014-05-14T05:54:58.397-07:00",
    "UserRole": null,
    "MarkedAsAnswerDate": null
  },
  {
    "Id": "1245495",
    "ThreadId": "545230",
    "Html": "Install the Microsoft.AspNet.Identity.Samples package on an empty project. This is a web application with the best practices to hooking Identity features. It has the sample code to enable and use user lockout feature<br />\n",
    "PostedDate": "2014-05-14T13:28:19.5-07:00",
    "UserRole": null,
    "MarkedAsAnswerDate": null
  },
  {
    "Id": "1245719",
    "ThreadId": "545230",
    "Html": "Thank you!<br />\n",
    "PostedDate": "2014-05-15T06:26:04.073-07:00",
    "UserRole": null,
    "MarkedAsAnswerDate": null
  }
]