[
  {
    "Id": "1328471",
    "ThreadId": "573929",
    "Html": "All,<br />\n<br />\nI have an internal admin website where we need to add a feature to create a password reset token.  Here is what we have done so far (but it doesn't work):<br />\n<pre><code>        var manager = new ARRTUserManager(new ARRTUserStore(new DB2(), HttpContext.Current));\n        manager.SetApplicationIdentity(Convert.ToInt32(ConfigurationManager.AppSettings[&quot;AuthenticationApplicationID&quot;]));\n        IdentityUser idUser = manager.FindByEmail(user.Email);\n\n        var provider = new Microsoft.Owin.Security.DataProtection.DpapiDataProtectionProvider(&quot;ARRTAuth&quot;);\n        manager.UserTokenProvider = new Microsoft.AspNet.Identity.Owin.DataProtectorTokenProvider&lt;IdentityUser, long&gt;(provider.Create(&quot;PR&quot;));\n        string s = manager.UserTokenProvider.GenerateAsync(&quot;ResetPassword&quot;, manager, idUser).Result;</code></pre>\n\nNow when we create a password reset code, it generates one however it is not generated properly.<br />\n<br />\nOn the production website we have available to us an OWIN object that seems to have the DPAPI provider all initialized for us, and this code works just fine on it.  However because our internal website doesn't use IDENTITY Framework, we of course have no reference to an IAppBuilder object or OWIN context information:<br />\n<pre><code>      var manager = Context.GetOwinContext().GetUserManager&lt;ApplicationUserManager&gt;();\n      IdentityUser idUser = manager.FindByEmail(&quot;joe@smith.com&quot;);\n\n      string resetCode = manager.GeneratePasswordResetToken(idUser.Id);</code></pre>\n\nRunning the above code on the public facing website itself however works fine as long as you let the OWIN stuff create the OWIN object in a startup class like this:<br />\n<pre><code>     public void ConfigureAuth(IAppBuilder app)\n    {\n      app.CreatePerOwinContext&lt;ApplicationUserManager&gt;(ApplicationUserManager.Create); \n    }\n</code></pre>\n\nHowever our internal admin we were hopping to initialize it as shown in the first code snippet, however the password reset codes that are generated are INCORRECT and do not work on the production website.<br />\n<br />\nHow to generate password reset tokens for a website that is using Identity Framework, but do it within a different internal application that is NOT using the identity framework?<br />\n",
    "PostedDate": "2014-12-03T10:02:09.05-08:00",
    "UserRole": null,
    "MarkedAsAnswerDate": null
  },
  {
    "Id": "1328530",
    "ThreadId": "573929",
    "Html": "After a lot of reflection and google searching I finally figured out how this works with ASP .NET identity framework.\r<br />\n<br />\nA good read is this: <a href=\"http://stackoverflow.com/questions/23455579/generating-reset-password-token-does-not-work-in-azure-website\" rel=\"nofollow\">http://stackoverflow.com/questions/23455579/generating-reset-password-token-does-not-work-in-azure-website</a>\r<br />\n<br />\nBasically the Identity framework uses it's own implementation of a MachineKeyDataProtectionProvider that is located in Microsoft.Owin.Host.SystemWeb.DataProtection library.\r<br />\n<br />\nI had to create my own implementation because those classes are marked internal.  It basically is exactly the same as the Microsoft ones which is also shown in the stackoverflow article above.\r<br />\n<br />\nOnce I had that I could initialize my UserManager identity framework class with a UserTokenProvider the same way that the OWIN initialization routine does in Microsoft.Owin.Host.SystemWeb.<br />\n<pre><code>        var manager = new ARRTUserManager(new ARRTUserStore(new DB2(), HttpContext.Current));\n        IdentityUser idUser = manager.FindByEmail(user.Email);\n        var provider = new ABIILibrary.IdentityFramework.MachineKeyProtectionProvider();\n        manager.UserTokenProvider = new Microsoft.AspNet.Identity.Owin.DataProtectorTokenProvider&lt;IdentityUser, long&gt;(provider.Create(&quot;PR&quot;));</code></pre>\n\nThe key thing here however is that the internal administrative site needs to have the same MachineKey in the web.config as the public facing website (same issues you normally see in webfarms).  In addition the purpose &quot;PR&quot; in the above .Create(&quot;PR&quot;) statement needs to be the same purpose definition as the public facing website.\r<br />\n<br />\nNow I can create reset codes in the internal admin site the same way as the public facing website can.\r<br />\n<br />\nHurray!\r<br />\n<br />\nTalk about confusing!<br />\n",
    "PostedDate": "2014-12-03T12:43:01.68-08:00",
    "UserRole": null,
    "MarkedAsAnswerDate": "2014-12-03T12:43:05.19-08:00"
  }
]