[
  {
    "Id": "1223225",
    "ThreadId": "539156",
    "Html": "Hi,\r<br />\n<br />\nI've seen, that the current beta of ASP.NET Identity 2.0 implements two ways for creating a confirmation code: For the purpose of confirming the email-adress, it creates an encrypted string, for the purpose of confirming the phone-number as well as for two-factor authentication it creates a shorter code using RFC 6238.\r<br />\n<br />\nWhat is the reason for thouse two ways, to create a code?\r<br />\n<br />\nWishes,\r<br />\nManfred<br />\n",
    "PostedDate": "2014-03-16T05:40:52.313-07:00",
    "UserRole": null,
    "MarkedAsAnswerDate": null
  }
]