[
  {
    "Id": "1308219",
    "ThreadId": "568391",
    "Html": "I want to be able to log my users in using an email address as in many modern sites (i.e. FB). People are more likely to remember their email than their user name allot of the time. <br />\n<br />\nBelow is a naive implementation. Maybe a more flexible way would be to allow us to pass in a Func with a method for getting the user? <br />\n<pre><code>public virtual async Task&lt;SignInStatus&gt; PasswordEmailSignInAsync(string emailAddress, string password, bool isPersistent, bool shouldLockout)\n        {\n            if (UserManager == null)\n            {\n                return SignInStatus.Failure;\n            }\n            var user = await UserManager.FindByEmailAsync(emailAddress).WithCurrentCulture();\n            if (user == null)\n            {\n                return SignInStatus.Failure;\n            }\n            if (await UserManager.IsLockedOutAsync(user.Id).WithCurrentCulture())\n            {\n                return SignInStatus.LockedOut;\n            }\n            if (await UserManager.CheckPasswordAsync(user, password).WithCurrentCulture())\n            {\n                return await SignInOrTwoFactor(user, isPersistent).WithCurrentCulture();\n            }\n            if (shouldLockout)\n            {\n                // If lockout is requested, increment access failed count which might lock out the user\n                await UserManager.AccessFailedAsync(user.Id).WithCurrentCulture();\n                if (await UserManager.IsLockedOutAsync(user.Id).WithCurrentCulture())\n                {\n                    return SignInStatus.LockedOut;\n                }\n            }\n            return SignInStatus.Failure;\n        }</code></pre>\n\nGoing to extend it for now but be nice to have this feature baked in. <br />\n<br />\nCheers<br />\n<br />\nSteve<br />\n",
    "PostedDate": "2014-09-25T16:16:34.25-07:00",
    "UserRole": null,
    "MarkedAsAnswerDate": null
  },
  {
    "Id": "1309691",
    "ThreadId": "568391",
    "Html": "You can use the email=username and this feature would work with built in apis. Do you want to keep the username and email separate ?<br />\n",
    "PostedDate": "2014-10-01T12:19:07.913-07:00",
    "UserRole": null,
    "MarkedAsAnswerDate": null
  },
  {
    "Id": "1310059",
    "ThreadId": "568391",
    "Html": "Hi Suhasj, thanks for getting back. \r<br />\n<br />\nThat's exactly what I mean. I have a site with both user names such as suhasj and SketchySteve but want to record their email addresses too. In this instance I would like them to be able to sign in with their emails.<br />\n\r<br />\nMaybe you could bake in a more extensible way of doing it, maybe if their was an option for a Fnc returning a user. \r<br />\n<br />\nFunc&lt;User, bool&gt;. \r<br />\n<br />\nWe could then just chuck in a delegate. \r<br />\n<br />\nCheers\r<br />\n<br />\nSteve<br />\n",
    "PostedDate": "2014-10-02T14:52:19.643-07:00",
    "UserRole": null,
    "MarkedAsAnswerDate": null
  },
  {
    "Id": "1310333",
    "ThreadId": "568391",
    "Html": "I'll take this up with the team. Meanwhile you could override the PasswordSignin method to get the user from the email and then pass it to the base.PasswordSignin(user.username, password)<br />\n<pre><code> public override async Task&lt;SignInStatus&gt; PasswordEmailSignInAsync(string email, string password, bool isPersistent, bool shouldLockout)\n{\n var user = async UserManager.FindByEmailAsync(email);\n return PasswordSignInAsync(user.UserName,password,isPersistent,shouldLockout);\n}</code></pre>\n\n",
    "PostedDate": "2014-10-03T12:40:36.12-07:00",
    "UserRole": null,
    "MarkedAsAnswerDate": null
  },
  {
    "Id": "1310620",
    "ThreadId": "568391",
    "Html": "Cheers suhasj,\r<br />\n<br />\nThink it would be useful to have that feature, in the mean time that's allot cleaner than my copy and paste job. Will implement it that way for now.\r<br />\n<br />\nThanks<br />\n",
    "PostedDate": "2014-10-05T16:55:47.107-07:00",
    "UserRole": null,
    "MarkedAsAnswerDate": null
  }
]