[
  {
    "Id": "1144860",
    "ThreadId": "479381",
    "Html": "This confirmation of email feature is nice and more than welcome.<br />\n<br />\n Now I am wondering if there are any plans to support extensibility for confirmation token of accounts registration data properties to support following scenarios:<br />\n<br />\n<strong>Confirm mobile phone registered in Account extension</strong><br />\n<br />\nGenerating token (simpler) for mobile phone confirmation (requires site integration) sent by one of the 3rd party SMS provider or Skype.<br />\n<br />\n<strong>Generate token (simpler) with expiry time and action to taken when expired or confirmed</strong><br />\n<br />\nSome EU countries require consumer address registered in database to be validated in periodically and cleanse.  This is to ensure that any database contains consumer address belongs to corresponding registered owner. The standard way is to send letter in certain periods and ask consumer to confirm the address by use of the letter confirmation code. This type confirmation code have longer expiry than email or mobile phone. <br />\n<br />\nIn essence, the above requirements could be simply satisfy by flexible token generation where generated token is persisted for particular action, such as email registration, email change, mobile phone change. These persisted token-action(s) can be used to confirm, they may expire in certain periods, or removed/revoked. <br />\n",
    "PostedDate": "2014-01-02T17:49:05.443-08:00",
    "UserRole": null,
    "MarkedAsAnswerDate": null
  },
  {
    "Id": "1200687",
    "ThreadId": "479381",
    "Html": "@alexanderQX: In the beta release of Identity package, users can register phone numbers and confirm them. For the generic token provider, the current implementation is changed  to have a generic user token provider. You can extend that behavior to your requirement.<br />\n",
    "PostedDate": "2014-01-29T14:44:03.057-08:00",
    "UserRole": null,
    "MarkedAsAnswerDate": null
  }
]