[
  {
    "Id": "1319271",
    "ThreadId": "571335",
    "Html": "I'm building a custom ASP.NET Identity 2.0 implementation that uses our own data model, another ORM, other business logic, etc. By default, a user is logged in by setting the ApplicationCookie, after which the AuthorizeAttribute recognizes the cookie and logs the user in. For our own implementation, I want to add more ways to log in. For example:<br />\n<ul>\n<li>Impersonation</li>\n<li>Password reset token</li>\n<li>Google Authenticator (two-factor)</li>\n<li>\nSMS (two-factor)<br />\n</li>\n</ul>\nIn all these scenarios the user must be logged in, but what actions the user is allowed to perform depends on the way he logged in. For example: when the user logged in using a 'password reset token', he may change his password but not do anything else. When the user logged in with 'username + password', he may do basically everything, except for the actions that need a higher permission level (where the two-factor methods come in play). In order to do this, I want to build a custom AuthorizeAttribute that checks what login method was used, and then decides whether the user may perform the action or not.\r<br />\n<br />\nThe problem I'm facing is that I can set other cookies than ApplicationCookie (e.g. the TwoFactorCookie that is being set by going through the SMS process), but those cookies are not recognized as authentication cookies. Thus, when I have a TwoFactorCookie, I can't use that cookie to log in. Only having an ApplicationCookie results in a log in.\r<br />\n<br />\nThe issues I'm struggling with:<br />\n<ul>\n<li>Do I always need to use ApplicationCookie to log in or can I use custom cookies to log in as well (so for example I can log in using ApplicationCookie, TwoFactorCookie and XYZCookie?</li>\n<li>Should I have different cookies for each authentication method or should I have only 1 cookie and store the authentication method/type in a different way (for example in a Claim)?</li>\n<li>\nIf I should use different cookies, should I also write custom authentication middleware for each authentication method/type or can I use the default CookieAuthenticationMiddleware? As far as I know, the only thing that has to be done is set a cookie, and flag it with the correct authentication method so I can see how the user was logged in.<br />\n</li>\n</ul>\nEdit:\r<br />\n<br />\nAs per Hao Kung's suggestion (<a href=\"http://stackoverflow.com/a/26664061/3828723\" rel=\"nofollow\">http://stackoverflow.com/a/26664061/3828723</a>) I made a couple of extension methods that look like this:<br />\n<pre><code>public static void UseSmsSignInCookie(this IAppBuilder app, TimeSpan expires)\n{\n    if (app == null)\n        throw new ArgumentNullException(&quot;app&quot;);\n\n    app.UseCookieAuthentication(new CookieAuthenticationOptions\n    {\n        AuthenticationType = ApplicationAuthenticationTypes.Sms,\n        AuthenticationMode = AuthenticationMode.Passive,\n        CookieName = CookiePrefix + ApplicationAuthenticationTypes.Sms,\n        ExpireTimeSpan = expires,\n    });\n}</code></pre>\n\nI try to log someone in by calling AuthenticationManager.SignIn with a custom ClaimsIdentity that has my custom AuthenticationType (SMS). This doesn't work though: after calling SignIn, the result of HttpContext.Current.User.Identity.AuthenticationType still equals ApplicationCookie. The cookie has been set as expected though.\r<br />\n<br />\nDoes anyone have an idea what I'm missing?<br />\n",
    "PostedDate": "2014-11-05T01:04:39.91-08:00",
    "UserRole": null,
    "MarkedAsAnswerDate": null
  }
]