[
  {
    "Id": "1298339",
    "ThreadId": "565005",
    "Html": "I realize Katana Owin v3 is only just RC but any ideas on a roadmap for supporting this version in Microsoft.AspNet.Identity.Owin?  I ask as I'm looking to store the identity cookie in session and send a cookie reference only to the client.<br />\n",
    "PostedDate": "2014-09-02T14:34:58.35-07:00",
    "UserRole": null,
    "MarkedAsAnswerDate": null
  },
  {
    "Id": "1298386",
    "ThreadId": "565005",
    "Html": "The RTM version of Katana is released <a href=\"http://blogs.msdn.com/b/webdev/archive/2014/08/20/announcing-rtm-of-katana-3.aspx\" rel=\"nofollow\">http://blogs.msdn.com/b/webdev/archive/2014/08/20/announcing-rtm-of-katana-3.aspx</a> \r<br />\n<br />\nWe have tested this with the new cookie reference mode and the cookie chunking feature. Do let us know if you face additional issues.<br />\n",
    "PostedDate": "2014-09-02T18:16:31.893-07:00",
    "UserRole": null,
    "MarkedAsAnswerDate": "2014-09-03T18:46:33.923-07:00"
  },
  {
    "Id": "1298419",
    "ThreadId": "565005",
    "Html": "I had created a basic web app project created in VS2013 R3 using its current web app template which references v2.1 of the OWIN dlls.  Upgraded NuGet refs for those libraries and the functionality is available now.\r<br />\n<br />\nMany thanks.<br />\n",
    "PostedDate": "2014-09-02T22:42:03.213-07:00",
    "UserRole": null,
    "MarkedAsAnswerDate": null
  }
]