[
  {
    "Id": "1316472",
    "ThreadId": "570618",
    "Html": "This is a cross post from the Autofac github page, but I am hoping someone here can shed some like on this. I am essentially trying to write end-to-end tests for my WebAPI controllers, but the Identity system introduces things that cannot be injected since they are required in the Startup class. Has anyone worked around this, while still using DI with Identity 2.0?\r<br />\n<br />\nI am trying to use Autofac in a ASP.net WebApi2 application that uses the ASP.net Identity 2 system. Part of this system uses an extension on the IAppBuilder to register an OAuth provider. I have created a interface for this class, however I cannot get any dependencies to resolve in the startup class- I have tried the following<br />\n<pre><code>public static void ConfigureAuth(IAppBuilder app)\n{\n    //allow cors\n    app.UseCors(CorsOptions.AllowAll);\n\n    // Enable the application to use bearer tokens to authenticate users\n    var opts = new OAuthBearerAuthenticationOptions\n    {\n        AuthenticationType = &quot;Bearer&quot;,\n        AuthenticationMode = AuthenticationMode.Active,\n        Provider = new QueryStringOAuthBearerProvider(&quot;access_token&quot;)\n    };\n   //service locator ugh, -- only option I see here\nvar options=  GlobalConfiguration.Configuration.DependencyResolver.\n    GetService(typeof (IOAuthAuthorizationServerOptions)) as IOAuthAuthorizationServerOptions;\n\n    app.UseOAuthBearerAuthentication(opts);\n\n    app.UseOAuthAuthorizationServer(options.GetOptions());\n}</code></pre>\n\nHowever, this doesn't work and gets a &quot;No scope with a Tag matching 'AutofacWebRequest' is visible from the scope in which the instance was requested&quot;. I tried changing the method to pass the container directly, and using<br />\n<pre><code>app.UseOAuthAuthorizationServer(container.Resolve&lt;IOAuthAuthorizationServerOptions&gt;().GetOptions());</code></pre>\n\nThis also exhibits the same behavior. Any thoughts on how I can get my OAuth options injected here?<br />\n",
    "PostedDate": "2014-10-25T09:17:02.67-07:00",
    "UserRole": null,
    "MarkedAsAnswerDate": null
  }
]