[
  {
    "Id": "1225019",
    "ThreadId": "539668",
    "Html": "Hi,\r<br />\n<br />\nThere is no IUserTwoFactorStore&lt;TUser&gt; on the RTMed bits. any reason why?<br />\n",
    "PostedDate": "2014-03-20T14:54:14.717-07:00",
    "UserRole": null,
    "MarkedAsAnswerDate": null
  },
  {
    "Id": "1225021",
    "ThreadId": "539668",
    "Html": "same applies to IUserLockoutStore&lt;TUser, string&gt;. There is no IUserLockoutStore&lt;TUser&gt;<br />\n",
    "PostedDate": "2014-03-20T15:03:31.453-07:00",
    "UserRole": null,
    "MarkedAsAnswerDate": null
  },
  {
    "Id": "1225027",
    "ThreadId": "539668",
    "Html": "The 1.0.0 Identity core had IXXXStore&lt;TUser,string&gt; for convenience since the PK for Identity.Framework users was string. No functionality is affected if they are not present so we skipped adding them for 2.0.0 be generic enough. You can open a bug if you feel strongly that it should be there <br />\n",
    "PostedDate": "2014-03-20T15:13:12.25-07:00",
    "UserRole": null,
    "MarkedAsAnswerDate": null
  }
]