[
  {
    "Id": "1276940",
    "ThreadId": "553753",
    "Html": "I'm trying to adapt the 2.1.0-alpha1 sample application to use derived entities for the User,Role,UserClaim,UserRole &amp; UserLogin classes. To do this, I've had to change the base class of my UserManager from UserManager&lt;TUser&gt; to UserManager&lt;TUser,TKey&gt; in order to accept a UserStore that is templated with all of my derived classes in its constructor.\r<br />\n<br />\nHowever, the sign-in manager class in the sample includes the override:<br />\n<pre><code>public override Task&lt;ClaimsIdentity&gt; CreateUserIdentityAsync(MyUserClass user)\n{\n            return user.GenerateUserIdentityAsync((MyUserManagerClass)UserManager);\n }</code></pre>\n\nThe problem is that GenerateUserIdentityAsync doesn't have an implementation that accepts a class derived from UserManager&lt;TUser,TKey&gt; - it only accepts a UserManager&lt;TUser&gt;. How should I implement the CreateUserIdentityAsync method in this scenario?<br />\n",
    "PostedDate": "2014-07-23T23:52:27.593-07:00",
    "UserRole": null,
    "MarkedAsAnswerDate": null
  },
  {
    "Id": "1276950",
    "ThreadId": "553753",
    "Html": "Ignore me - I thought GenerateUserIdentityAsync was part of the framework, whereas it's actually another method in the sample application.<br />\n",
    "PostedDate": "2014-07-24T00:03:31.083-07:00",
    "UserRole": null,
    "MarkedAsAnswerDate": "2014-07-24T00:16:38.14-07:00"
  }
]