[
  {
    "Id": "1208356",
    "ThreadId": "531881",
    "Html": "How can I specify in &quot;UserManager&quot; to ignore &quot;username&quot; and do the login with email?\r<br />\n<br />\nIf it is possible, remove/without a database column, I try to override several classes and nothing.\r<br />\n<br />\n(using Microsoft ASP.NET Identity Core 2.0.0-beta1)<br />\n",
    "PostedDate": "2014-02-14T05:44:47.137-08:00",
    "UserRole": null,
    "MarkedAsAnswerDate": null
  },
  {
    "Id": "1209995",
    "ThreadId": "531881",
    "Html": "@relmaster: username is a mandatory property on the user according to IUser interface in Identity core. The simplest way to go around this is to set the username to email. So the method call UserManager.FindAsync(username,password) would be using the email and password for login. There is no explicit method that takes in email and the password  though you can write an extension method by yourself. Let me know if this solves your issue.<br />\n",
    "PostedDate": "2014-02-18T10:44:27.28-08:00",
    "UserRole": null,
    "MarkedAsAnswerDate": null
  },
  {
    "Id": "1210740",
    "ThreadId": "531881",
    "Html": "Ok, I understood, today I currently still using both properties.\r<br />\n<br />\nIf I disable the &quot;Email&quot; property, and set in UserManager, &quot;SupportsUserEmail&quot; to false, what impact I will have? The features that using email will continue to working? Maybe I can make a workaround..<br />\n",
    "PostedDate": "2014-02-19T12:28:11.02-08:00",
    "UserRole": null,
    "MarkedAsAnswerDate": null
  },
  {
    "Id": "1215262",
    "ThreadId": "531881",
    "Html": "So SupportsUserEmail property is read only so you cannot set it to false. You can keep the 'Email' field empty and set the Username to email. You would need to skip all the APIs that need email like FindByEmail, the EmailService for notifying user email with security tokens etc<br />\n",
    "PostedDate": "2014-02-26T10:52:13.443-08:00",
    "UserRole": null,
    "MarkedAsAnswerDate": null
  }
]