[
  {
    "Id": "1232102",
    "ThreadId": "541664",
    "Html": "Any chance of samples or guidance for how to create a QR code or &quot;secret key&quot; to use in an authenticator app? Thanks, love the new features!<br />\n",
    "PostedDate": "2014-04-08T19:50:03.983-07:00",
    "UserRole": null,
    "MarkedAsAnswerDate": null
  },
  {
    "Id": "1232895",
    "ThreadId": "541664",
    "Html": "This blog post explains how you can add QR code as a 2FA provider\r<br />\n<a href=\"http://blog.beabigrockstar.com/using-google-authenticator-asp-net-identity/\" rel=\"nofollow\">http://blog.beabigrockstar.com/using-google-authenticator-asp-net-identity/</a><br />\n",
    "PostedDate": "2014-04-10T10:22:02.45-07:00",
    "UserRole": null,
    "MarkedAsAnswerDate": "2014-04-10T10:25:00.787-07:00"
  }
]