[
  {
    "Id": "1209346",
    "ThreadId": "532294",
    "Html": "When working with AspNet Identity, is there any reason to that CreatePerOwinContext have to create an instance for each request and not just lazy load it when it actually is needed?\r<br />\n<br />\nAt least that the behaviour I am seeing and I am just wondering if its indented, and if so, why. If this is not the case, sorry for the inconvenience. <br />\n",
    "PostedDate": "2014-02-17T03:09:18.577-08:00",
    "UserRole": null,
    "MarkedAsAnswerDate": null
  },
  {
    "Id": "1209989",
    "ThreadId": "532294",
    "Html": "All this code is not IOC friendly, I tried using autofac but not very easy and not clear especially concerning the various Options containing handlers which must be set on startup AND EF DbContext....any feed back concerning an implentation of autofac for this highly appreciated.<br />\n",
    "PostedDate": "2014-02-18T10:32:01.58-08:00",
    "UserRole": null,
    "MarkedAsAnswerDate": null
  },
  {
    "Id": "1209994",
    "ThreadId": "532294",
    "Html": "I assume the idea is that you should not use IOC / autofac for this? \r<br />\n<br />\nRegister it with CreatePerOwinContext and get it again with the Get method on IOwinContext.\r<br />\n<br />\nI have not tried autofac as I normaly just go with Unity. But what is causing your problems with IOC? You could register the UserManager with your DI framework and use it as normal with a factory of the create method that the CreatePerOwinContext also uses.\r<br />\n<br />\nIf its IdentityFactoryOptions that is giving you problems, its simply a <br />\n<pre><code>            IdentityFactoryOptions&lt;T&gt; options = new IdentityFactoryOptions&lt;T&gt; {\n                DataProtectionProvider = app.GetDataProtectionProvider()\n            };</code></pre>\n\n",
    "PostedDate": "2014-02-18T10:43:30.743-08:00",
    "UserRole": null,
    "MarkedAsAnswerDate": null
  },
  {
    "Id": "1210075",
    "ThreadId": "532294",
    "Html": "Yes but it is dommage when 98% of a code already uses IOC !<br />\n<br />\nYes part of pb is in UserMAnager but also in code like this sample<br />\n<pre><code>        static Startup()\n        {\n            PublicClientId      = &quot;self&quot;;\n\n            OAuthOptions        = new OAuthAuthorizationServerOptions\n            {\n                TokenEndpointPath           = new PathString(&quot;/api/v1/Token&quot;),\n                Provider                            = newMyOAuthProvider(PublicClientId),\n                AuthorizeEndpointPath       = new PathString(&quot;/api/v1/Account/ExternalLogin&quot;),\n                AccessTokenExpireTimeSpan   = TimeSpan.FromDays(14),\n#if DEBUG\n                AllowInsecureHttp           = true, // to remove in prod\n                ApplicationCanDisplayErrors = true,\n#else\n                AllowInsecureHttp           = false, \n                ApplicationCanDisplayErrors = false,\n#endif\n\n                AuthorizationCodeProvider   = new MyAuthenticationTokenProvider(TokenType.Code),\n                AccessTokenProvider         = new MyAuthenticationTokenProvider(TokenType.Access),\n                RefreshTokenProvider        = new MyAuthenticationTokenProvider(TokenType.Refresh),\n                AuthorizationCodeFormat     = new TicketFormatProvider(),\n                AccessTokenFormat           = new TicketFormatProvider(),\n                RefreshTokenFormat          = new TicketFormatProvider()\n            };\n\n        }\n\n\n        public static OAuthAuthorizationServerOptions OAuthOptions { get; private set; }\n\n        public static string PublicClientId { get; private set; }\n\n        // For more information on configuring authentication, please visit http://go.microsoft.com/fwlink/?LinkId=301864\n        public void ConfigureAuth(IAppBuilder app)\n        {\n            app.CreatePerOwinContext(ConnectorDbContext.Create);\n            // Configure the UserManager\n            app.CreatePerOwinContext&lt;DatwendoUserManager&gt;(DatwendoUserManager.Create);\n\n            // Enable the application to use a cookie to store information for the signed in user\n            // and to use a cookie to temporarily store information about a user logging in with a third party login provider\n            // Configure the sign in cookie\n            app.UseCookieAuthentication(new CookieAuthenticationOptions {\n                AuthenticationType = DefaultAuthenticationTypes.ApplicationCookie,\n                Provider = new CookieAuthenticationProvider {\n                        OnValidateIdentity = SecurityStampValidator.OnValidateIdentity&lt;MyUserManager, MyUser, int&gt;(\n                        validateInterval: TimeSpan.FromMinutes(20), \n                        regenerateIdentityCallback: (manager, user) =&gt; user.GenerateUserIdentityAsync(manager),\n                        getUserIdCallback:(id)=&gt;(Int32.Parse(id.GetUserId())))\n                }\n            });\n\n\n            app.UseExternalSignInCookie(DefaultAuthenticationTypes.ExternalCookie);\n\n            // Enable the application to use bearer tokens to authenticate users\n            app.UseOAuthBearerTokens(OAuthOptions);</code></pre>\n\nSuppose your ticketFormatProvider has some dependency alreday managed by IOC....<br />\nAnd idem for ConnectorDbContext.Create, if it contains some services normally bought by Ioc....<br />\nThis is the reason why I say this is not easy to integrate in an already Ioc project.<br />\n",
    "PostedDate": "2014-02-18T13:14:02.457-08:00",
    "UserRole": null,
    "MarkedAsAnswerDate": null
  },
  {
    "Id": "1210086",
    "ThreadId": "532294",
    "Html": "But you dont have to use the CreatePerOwinContext. Correct me if I am wrong, but its not used internal to get the UserManager, but used in the samples like this:<br />\n<pre><code>        public RolesAdminController(ApplicationUserManager userManager,\n            RoleManager&lt;IdentityRole&gt; roleManager)\n        {\n            UserManager = userManager;\n            RoleManager = roleManager;\n        }\n\n        private ApplicationUserManager _userManager;\n        public ApplicationUserManager UserManager\n        {\n            get\n            {\n                return _userManager ?? HttpContext.GetOwinContext().GetUserManager&lt;ApplicationUserManager&gt;();\n            }\n            set\n            {\n                _userManager = value;\n            }\n        }</code></pre>\n\nSo if you use your own IOC to put the UserManager into the controller, the one from the owin context wont be used and you dont need to register it.  But I am just speculating here. <br />\n",
    "PostedDate": "2014-02-18T13:42:15.013-08:00",
    "UserRole": null,
    "MarkedAsAnswerDate": null
  },
  {
    "Id": "1210353",
    "ThreadId": "532294",
    "Html": "<blockquote>\nBut you dont have to use the CreatePerOwinContext. Correct me if I am wrong, but its not used internal to get the UserManager, but used in the samples like this:<br />\n</blockquote>\nWho knows ? No code available ?<br />\n",
    "PostedDate": "2014-02-19T00:29:54.127-08:00",
    "UserRole": null,
    "MarkedAsAnswerDate": null
  },
  {
    "Id": "1234879",
    "ThreadId": "532294",
    "Html": "Yep pksorensen is correct, you are free to retrieve/manage UserManager instances however you like.  We only introduced PerOwinContext since we don't have any IOC we can depend on, so we chose to stash it in the OwinContext.  You are free to remove that and use whatever IOC you like to get the UserManager out.  <br />\n",
    "PostedDate": "2014-04-16T16:03:06.437-07:00",
    "UserRole": null,
    "MarkedAsAnswerDate": null
  },
  {
    "Id": "1234943",
    "ThreadId": "532294",
    "Html": "Ok, thanks for the confirmation.\r<br />\nWhat is the Status of project now that the 2.0 is out ? I see some work still goes on, is it bug fixing or new implementation.\r<br />\nWhat about going Open ?<br />\n",
    "PostedDate": "2014-04-17T01:00:30.44-07:00",
    "UserRole": null,
    "MarkedAsAnswerDate": null
  },
  {
    "Id": "1240962",
    "ThreadId": "532294",
    "Html": "I tried to use unity and PerRequestLifetimeManager to instanciate UserManager but I don't figure out how to send this line of code in UnityConfig.cs<br />\n<div style=\"color:Black;background-color:White;\"><pre>\r\nIdentityFactoryOptions&lt;T&gt; options = <span style=\"color:Blue;\">new</span> IdentityFactoryOptions&lt;T&gt; {\n                DataProtectionProvider = app.GetDataProtectionProvider()\n            };\r\n</pre></div>since app is not accessible in UnityConfig.RegisterTypes method.<br />\n<br />\nIn this method I have that : <br />\n<div style=\"color:Black;background-color:White;\"><pre>\r\ncontainer\n                .RegisterType&lt;IDbContextAsync, AppDbContext&gt;(<span style=\"color:Blue;\">new</span> PerRequestLifetimeManager())               \n                .RegisterType&lt;IUnitOfWorkAsync, UnitOfWork&gt;(<span style=\"color:Blue;\">new</span> PerRequestLifetimeManager())\n                .RegisterType&lt;AppUserManager&gt;(<span style=\"color:Blue;\">new</span> PerRequestLifetimeManager())\n                .RegisterType&lt;IUserStore&lt;AppUser, <span style=\"color:Blue;\">string</span>&gt;, UserStoreRepository&gt;(<span style=\"color:Blue;\">new</span> PerRequestLifetimeManager())\r\n</pre></div>Anyone know how to do ?<br />\n",
    "PostedDate": "2014-05-03T02:19:31.19-07:00",
    "UserRole": null,
    "MarkedAsAnswerDate": null
  }
]