[
  {
    "Id": "1345975",
    "ThreadId": "578631",
    "Html": "I can successfully add a new claim to the user by doing the following:<br />\n<ol>\n<li>user = UserManager.FindByIdAsync(userId)</li>\n<li>user.Claims.Add(newClaim)</li>\n<li>\nUserManager.UpdateAsync(user)<br />\n</li>\n</ol>\nHowever, if I try to delete a claim of a user by doing the similar:<br />\n<ol>\n<li>user = UserManager.FindByIdAsync(userId)</li>\n<li>user.Claims.Remove(existingClaim)</li>\n<li>\nUserManager.UpdateAsync(user)<br />\n</li>\n</ol>\nThen, an exception is thrown: The operation failed: The relationship could not be changed because one or more of the foreign-key properties is non-nullable. When a change is made to a relationship, the related foreign-key property is set to a null value. If the foreign-key does not support null values, a new relationship must be defined, the foreign-key property must be assigned another non-null value, or the unrelated object must be deleted.\r<br />\n<br />\nMy question is: is one supposed to be able to manage a user's claims by operating on IdentityUser&lt;TKey, TLogin, TRole, TClaim&gt;.Claims collection?\r<br />\nOr, must one resort to UserManager.RemoveClaimAsync when it comes to deleting a claim?<br />\n",
    "PostedDate": "2015-01-26T14:49:22.653-08:00",
    "UserRole": null,
    "MarkedAsAnswerDate": null
  }
]