[
  {
    "Id": "1252890",
    "ThreadId": "547545",
    "Html": "If you want to change the LoginPath depending on your location within an application, how would you do that?\r<br />\n<br />\nIAppBuilder.UserCookieAuthentication only accepts a type of CookieAuthenticationOptions and CookieAuthenticationOptions does not allow overriding the LoginPath property.\r<br />\n<br />\nIt would be nice if I could point LoginPath to an MVC route or else make LoginPath accept parameters from an MVC route.<br />\n",
    "PostedDate": "2014-06-04T08:21:42.563-07:00",
    "UserRole": null,
    "MarkedAsAnswerDate": null
  },
  {
    "Id": "1254921",
    "ThreadId": "547545",
    "Html": "The CookieAuthenticationOptions has a property LoginPath that you can override. That is the recommended approach. Please look at the Microsoft.AspNet.Identity.Samples package on how it is configured<br />\n",
    "PostedDate": "2014-06-10T11:04:34.36-07:00",
    "UserRole": null,
    "MarkedAsAnswerDate": null
  }
]