[
  {
    "Id": "1238940",
    "ThreadId": "543632",
    "Html": "I am using ASP.NET Identity version 1, and I have configured CookeAuthentication with the following code in Startup.Auth.cs.  This automatically logs the user out if they are inactive for more than 60 minutes, and redirects them back to the login page.  That works fine, but I would like to display a message on the login screen when that happens, so the user knows <em>why</em> they were logged out.  Ideally, the redirect would just append a URL parameter to the end of the URL, similar to the ReturnUrl parameter (i.e. ~/Account/Login?SessionExpired=1)\r<br />\n<br />\nI don't see any obvious way to accomplish this.  My original thought was that I could write my own authorization filter and check the expiration date of the cookie whenever a request is made, but in examining the cookies, the cookie is actually set as a &quot;session&quot; cookie rather than one with an expiration date.<br />\n\r<br />\nIs there anything exposed in the ASP.NET Identity version1 that would allow me to display a message when this happens?\r<br />\n<br />\nThanks<br />\n<pre><code>public partial class Startup\n{\n    // For more information on configuring authentication, please visit http://go.microsoft.com/fwlink/?LinkId=301864\n    public void ConfigureAuth(IAppBuilder app)\n    {\n\n\n        // Enable the application to use a cookie to store information for the signed in user\n        app.UseCookieAuthentication(new CookieAuthenticationOptions\n        {\n            AuthenticationType = DefaultAuthenticationTypes.ApplicationCookie,\n            LoginPath = new PathString(&quot;/Account/Login&quot;),\n            LogoutPath = new PathString(&quot;/Account/Logout&quot;),\n            ExpireTimeSpan = System.TimeSpan.FromMinutes(60),\n\n            SlidingExpiration = true,\n            CookieName = &quot;LoginCookie&quot;\n        });\n        // Use a cookie to temporarily store information about a user logging in with a third party login provider\n        app.UseExternalSignInCookie(DefaultAuthenticationTypes.ExternalCookie);\n\n        // Uncomment the following lines to enable logging in with third party login providers\n        //app.UseMicrosoftAccountAuthentication(\n        //    clientId: &quot;&quot;,\n        //    clientSecret: &quot;&quot;);\n\n        //app.UseTwitterAuthentication(\n        //   consumerKey: &quot;&quot;,\n        //   consumerSecret: &quot;&quot;);\n\n        //app.UseFacebookAuthentication(\n        //   appId: &quot;&quot;,\n        //   appSecret: &quot;&quot;);\n\n        //app.UseGoogleAuthentication();\n    }\n}```\n</code></pre>\n\n```<br />\n",
    "PostedDate": "2014-04-28T11:13:12.377-07:00",
    "UserRole": null,
    "MarkedAsAnswerDate": null
  },
  {
    "Id": "1238954",
    "ThreadId": "543632",
    "Html": "@pgaule: In the Startup class I tried new PathString(&quot;/Account/Login/1&quot;) and the Login action was defined as Login(string id,string returnurl) and it was bound correctly. This might be a work around so that you are unblocked currently <br />\n",
    "PostedDate": "2014-04-28T11:36:26.513-07:00",
    "UserRole": null,
    "MarkedAsAnswerDate": null
  },
  {
    "Id": "1238957",
    "ThreadId": "543632",
    "Html": "But there are two reasons why a user could get directed to the login page:\r<br />\n<br />\n1.)  They have not logged in yet\r<br />\n2.)  They were logged in but their session expired\r<br />\n<br />\nIf I implemented that &quot;workaround&quot;, I don't see how I could distinguish between each case.  The user would be directed to /Account/Login/1 in both cases.\r<br />\n<br />\nSo, let me rephrase my question to be more clear...is there any way to determine that a user has been logged out <em>because</em> their session expired?<br />\n",
    "PostedDate": "2014-04-28T11:47:25.22-07:00",
    "UserRole": null,
    "MarkedAsAnswerDate": null
  },
  {
    "Id": "1239456",
    "ThreadId": "543632",
    "Html": "Got it. The OWIN cookiemiddleware intercepts the cookies in the browser and rejects it if it is expired. Refer to the AuthenticateCoreAsync method in <a href=\"https://katanaproject.codeplex.com/SourceControl/latest#src/Microsoft.Owin.Security.Cookies/CookieAuthenticationHandler.cs\" rel=\"nofollow\">https://katanaproject.codeplex.com/SourceControl/latest#src/Microsoft.Owin.Security.Cookies/CookieAuthenticationHandler.cs</a> class. You might want to plugin you custom middleware that intercepts the cookie and then takes appropriate action if it is expired. Identity does not provide any out of the box solution for this, since this is handled in the OWIN middleware<br />\n",
    "PostedDate": "2014-04-29T10:50:47.367-07:00",
    "UserRole": null,
    "MarkedAsAnswerDate": null
  },
  {
    "Id": "1239570",
    "ThreadId": "543632",
    "Html": "Thanks for the response...that makes sense. \r<br />\n<br />\nI didn't really want to mess with re-writing any of the owin stuff so I just implemented a cookie/javascript solution that works alongside my authentication system.  It tracks the user's activity on the site and will give them a warning after a certain period of inactivity.  If they don't respond, they get logged out of the site.  I used this jquery plugin to accomplish this -&gt; <a href=\"https://github.com/Epilgrim/jquerySessionTimeoutHandler\" rel=\"nofollow\">https://github.com/Epilgrim/jquerySessionTimeoutHandler</a>\r<br />\n<br />\nThis isn't a fool-proof solution, but the owin authentication will still kick them out after a certain period of inactivity if they manage to bypass it.<br />\n",
    "PostedDate": "2014-04-29T16:03:04.12-07:00",
    "UserRole": null,
    "MarkedAsAnswerDate": null
  }
]