[
  {
    "Id": "1436871",
    "ThreadId": "642229",
    "Html": "I've been reading a lot of material regarding Identity (very difficult to weed out articles for past versions!), because  I'm trying to implement a custom authentication method, which should be very simple.\r<br />\n<br />\nMy application will be accessed by a simple link which will contain an Id in its URL. Since I can validate the referrer I'll accept anything they sent to me as &quot;authenticated&quot;, and from that point on I want to use the [Authorize] attribute normally.\r<br />\n<br />\nWhat is the right approach to do this with Identity 2 and ASP.NET 5?<br />\n",
    "PostedDate": "2015-08-01T13:49:47.32-07:00",
    "UserRole": null,
    "MarkedAsAnswerDate": null
  }
]