[
  {
    "Id": "1262294",
    "ThreadId": "550455",
    "Html": "I have tried now on different channels Twitter and even Channel9 to get information's on how to debug or trace ASP .NET Identity and still have no answer or feedback. Is that a secret? And another question: Are there at least PDB files available for the latest release? <br />\n",
    "PostedDate": "2014-07-03T02:25:58.603-07:00",
    "UserRole": null,
    "MarkedAsAnswerDate": null
  },
  {
    "Id": "1290766",
    "ThreadId": "550455",
    "Html": "Hi, I also need to debug Asp.Net Identity,\r<br />\n<br />\nHow can i do it?\r<br />\n<br />\nThanks<br />\n",
    "PostedDate": "2014-08-16T14:54:01.58-07:00",
    "UserRole": null,
    "MarkedAsAnswerDate": null
  },
  {
    "Id": "1291423",
    "ThreadId": "550455",
    "Html": "The home page of the codeplex site has information on setting up VS for debugging Identity code. Additionally you can go through the following link too <a href=\"http://www.symbolsource.org/Public/Home/VisualStudio\" rel=\"nofollow\">http://www.symbolsource.org/Public/Home/VisualStudio</a> <br />\n",
    "PostedDate": "2014-08-19T10:21:38.823-07:00",
    "UserRole": null,
    "MarkedAsAnswerDate": null
  }
]