[
  {
    "Id": "1244298",
    "ThreadId": "545071",
    "Html": "Hello,\r<br />\n<br />\nWith the current implementation of ASP.NET identity the result for methods like UserManager.Create return IdentityResult where one can check if the operation is successful. However the errors are only returned as a string. If I wanted to provide specific messages to the user I would either need to use the strings provided by the framework or compare the strings returned to predetermined strings. Both are not acceptable. The first method is not good for localization and not customizable and the second depends on fragile string comparison. \r<br />\n<br />\nWouldn't it be better if failure returned something more than string errors? Seems like an enum would be a good fit here.<br />\n",
    "PostedDate": "2014-05-12T03:57:17.83-07:00",
    "UserRole": null,
    "MarkedAsAnswerDate": null
  },
  {
    "Id": "1245005",
    "ThreadId": "545071",
    "Html": "Open an issue and we can triage it<br />\n",
    "PostedDate": "2014-05-13T14:08:41.663-07:00",
    "UserRole": null,
    "MarkedAsAnswerDate": null
  },
  {
    "Id": "1245910",
    "ThreadId": "545071",
    "Html": "<strong>suhasj wrote:</strong><br />\n<blockquote>\nOpen an issue and we can triage it<br />\n</blockquote>\nDone - <a href=\"https://aspnetidentity.codeplex.com/workitem/2222\" rel=\"nofollow\">https://aspnetidentity.codeplex.com/workitem/2222</a><br />\n",
    "PostedDate": "2014-05-15T13:56:43.79-07:00",
    "UserRole": null,
    "MarkedAsAnswerDate": null
  }
]