[
  {
    "Id": "1228579",
    "ThreadId": "540693",
    "Html": "Before Identity 2.0 I had implemented 1.0 and implemented all of the classes I needed from the interfaces provided in the .Core library. I'm trying to use more of your implementation this go 'round and am trying to use the .EntityFramework implementations. I've noticed that the IdentityUser class has a navigation property mapping to the IdentityUserRole class which is only a link table in the database. Is this needed? Couldn't this be handled through foreign keys and just mapped out in a EF configuration mapping? This is how I had it set up previously with my implementation of it. <br />\n<br />\nIt seems odd and cumbersome to try and access the Roles from the User class by typing User.Roles[0].Role.Name to get the role name. It would be much easier to just have User.Roles[0].Name. It is also much clearer and easier to understand. <br />\n<br />\nFrom the Role EFconfiguration you should have:<br />\n<pre><code>this.HasMany(t =&gt; t.Users)\n                .WithMany(t =&gt; t.Roles)\n                .Map(m =&gt;\n                    {\n                        m.ToTable(&quot;UserRoles&quot;);\n                        m.MapKey(&quot;RoleId&quot;, &quot;UserId&quot;);\n                    });</code></pre>\n\n",
    "PostedDate": "2014-03-31T06:01:47.727-07:00",
    "UserRole": null,
    "MarkedAsAnswerDate": null
  },
  {
    "Id": "1229090",
    "ThreadId": "540693",
    "Html": "@KPaxton1182: Thank you for pointing this out. I am taking this up with the team<br />\n",
    "PostedDate": "2014-04-01T10:16:26.237-07:00",
    "UserRole": null,
    "MarkedAsAnswerDate": null
  },
  {
    "Id": "1229582",
    "ThreadId": "540693",
    "Html": "I ran into another issue which is somewhat related and have created an Issue for it regarding the AddRoleToUser method in the UserStore class. \r<br />\n<br />\nThis method takes forever with a larger dataset because it tries to pull back all the User information for the role before it can add a single UserRole item. This is not ideal and is a huge performance hole.\r<br />\n<br />\nThis is something that needs to be fixed ASAP.<br />\n",
    "PostedDate": "2014-04-02T10:54:56.307-07:00",
    "UserRole": null,
    "MarkedAsAnswerDate": null
  }
]