[
  {
    "Id": "1311026",
    "ThreadId": "569180",
    "Html": "Hi, \r<br />\n<br />\nI've hooked into \r<br />\nuser.GenerateUserIdentityAsync(UserManager&lt;IdentityUser&gt; manager)\r<br />\n<br />\nto add addtional claims to my identity. \r<br />\n<br />\nThe identity that is returned is correct however after calling <br />\n<pre><code>var identity = await user.GenerateUserIdentityAsync(UserManager);\nAuthenticationManager.SignIn(new AuthenticationProperties() { IsPersistent = false }, identity);\n</code></pre>\n\nAll claims are lost again. Anybody any suggestions ? <br />\n",
    "PostedDate": "2014-10-06T22:38:43.8-07:00",
    "UserRole": null,
    "MarkedAsAnswerDate": null
  }
]