[
  {
    "Id": "1202285",
    "ThreadId": "528823",
    "Html": "I would like to use EF's optimistic concurrency pattern (using a timestamp/rowversion column) whenever user or role entities are updated or deleted. With ASP.NET Identity v1.0 this does not seem to be possible - or am I missing something?\r<br />\n<br />\nWill this be possible with ASP.NET Identity v2.0? How does the ASP.NET Identity team recommend handling concurrent updates/deletes of user or role entities?\r<br />\n<br />\nThank you!\r<br />\nMattias<br />\n",
    "PostedDate": "2014-02-03T16:07:13.863-08:00",
    "UserRole": null,
    "MarkedAsAnswerDate": null
  }
]