[
  {
    "Id": "1396533",
    "ThreadId": "614283",
    "Html": "I have a password reset action in my mvc controller with this code:<br />\n<pre><code>var user = AuthService.GetUser(command.IdUser);\nif (user == null)\n{\n    return PartialView(&quot;_MessageFailed&quot;, &quot;The user doesn't exists&quot;);\n}\nif (user.TenantId != command.IdWebsite)\n{\n    return PartialView(&quot;_MessageFailed&quot;, &quot;You are not allowed to reset this user password&quot;);\n}\nvar token = AuthService.GenerateUserPasswordToken(user.Id);\nvar result = AuthService.ResetPassword(user.Id, token, command.NewPassword);\nif (result.Succeeded)\n    return PartialView(&quot;_MessageSuccess&quot;, &quot;The password has changed&quot;);\nreturn PartialView(&quot;_MessageFailed&quot;, string.Join(&quot;&lt;br&gt;&quot;, result.Errors));</code></pre>\n\nThe user exists, but I'm having an error in the result object in reset method that says <br />\n<blockquote>\nName <a href=\"mailto:user@domain.com\" rel=\"nofollow\">user@domain.com</a> is already taken.<br />\n</blockquote>\nWhy is this happening? Could be because in the aspnetusers table in the database are two users with the same email and different tenantId? How can I fix this?<br />\n",
    "PostedDate": "2015-03-25T12:09:01.287-07:00",
    "UserRole": null,
    "MarkedAsAnswerDate": null
  }
]