[
  {
    "Id": "1315148",
    "ThreadId": "570295",
    "Html": "Hello,<br />\nI'm trying to port a homemade auth system to identity. I need to support 2 &quot;layers&quot; of authentication. When a user logins, I want to set a permanent cookie and a session only cookie. The permanent cookie let me show him on future visits trivial messages/pages like &quot;welcome [name]&quot; or recommendations, and the session only cookie is required for more secure pages like check his account or buy something. Exactly what Amazon is doing in fact.<br />\n<br />\nSomeone told me to solve this by managing 2 owin cookies, so that's what I tried, I have 2 UseCookieAuthentication in my startup class :<br />\n<pre><code>app.UseCookieAuthentication(new CookieAuthenticationOptions\n            {\n                AuthenticationType = DefaultAuthenticationTypes.ApplicationCookie,\n                LoginPath = new PathString(&quot;/Auth/Login&quot;)\n            });\n            app.UseCookieAuthentication(\n                new CookieAuthenticationOptions\n                    {\n                        ExpireTimeSpan = new TimeSpan(0,10,0),\n                        CookieName = &quot;SecureSession&quot;,\n                        AuthenticationType = &quot;SecureSession&quot;,\n                        AuthenticationMode = AuthenticationMode.Passive\n                    });</code></pre>\n\nAnd when the user logins, I do 2 signins :<br />\n<pre><code>AuthenticationManager.SignIn(new AuthenticationProperties() { IsPersistent = model.RememberMe }, identity.Result);            \n            AuthenticationManager.SignIn(new AuthenticationProperties() { IsPersistent = false }, new ClaimsIdentity(&quot;SecureSession&quot;));</code></pre>\n\nThis effectively issues 2 cookies as it should be, but both are permanent. When model.RememberMe, then both are session based. It seems identity takes the expires of the first cookie and use it for all the others.<br />\n<br />\nIs there a way around this problem, or another way to achieve what I want ?<br />\n<br />\nThanks !<br />\n",
    "PostedDate": "2014-10-20T16:32:15.107-07:00",
    "UserRole": null,
    "MarkedAsAnswerDate": null
  }
]