[
  {
    "Id": "1279147",
    "ThreadId": "554604",
    "Html": "I'm working on a prototype of a MVC system where access to actions relies on having a right claim. We'll mark every action with a claim. The problem that we have 800+ actions in the system.\r<br />\nAnd the bigger the number of claims, the bigger the authentication cookie in the browser. \r<br />\nAnd cookie size is limited to 4Kb. So once we hit enough claims (about 400), cookie is ignored by a browser and user can't login.\r<br />\n<br />\nIs there a better way to preserve claims on user rather than in a cookie? like have it in a session or cache?<br />\n",
    "PostedDate": "2014-07-30T06:22:55.947-07:00",
    "UserRole": null,
    "MarkedAsAnswerDate": null
  },
  {
    "Id": "1279280",
    "ThreadId": "554604",
    "Html": "You can look into the Katana cookie middleware release 3.0.0-rc1 that lets you do cookie chunking and also send a cookie reference instead of the entire cookie for cookie sizes greater than 4K. <br />\n",
    "PostedDate": "2014-07-30T10:54:30.21-07:00",
    "UserRole": null,
    "MarkedAsAnswerDate": null
  },
  {
    "Id": "1279356",
    "ThreadId": "554604",
    "Html": "Yes, I've done some digging and found ChunkingCookieManager <a href=\"https://katanaproject.codeplex.com/SourceControl/latest#src/Microsoft.Owin/Infrastructure/ChunkingCookieManager.cs\" rel=\"nofollow\">https://katanaproject.codeplex.com/SourceControl/latest#src/Microsoft.Owin/Infrastructure/ChunkingCookieManager.cs</a>\r<br />\nThis nicely breaks the cookies into 4K sizes and adds another cookie with a number of chunks available.\r<br />\nAnd this is even available through nuget: <a href=\"http://www.nuget.org/packages/Microsoft.Owin.Security.Cookies/3.0.0-rc2\" rel=\"nofollow\">http://www.nuget.org/packages/Microsoft.Owin.Security.Cookies/3.0.0-rc2</a>\r<br />\n<br />\nHowever, it will be very wasteful to send 4-12Kb of cookies with every request. And the application I work with is heavy on small AJAX calls: the body of ajax calls are 50bytes, cookies are 10Kb. \r<br />\n<br />\nAnother limitation I have found is how much header size I can have in IIS: various sources indicate that IIS by default does not take more than 16Kb of headers. Anyway, this is an insane size of headers/cookies. And I would like to skip storing claims in the cookie.\r<br />\n<br />\n<br />\nYou mention &quot;cookie reference&quot;, I'm not sure what you refer to here. Any more details on that please?<br />\n",
    "PostedDate": "2014-07-30T16:33:25.04-07:00",
    "UserRole": null,
    "MarkedAsAnswerDate": null
  },
  {
    "Id": "1279419",
    "ThreadId": "554604",
    "Html": "If you need to have 800+ claims on the users then you can look at hooking in the callback in the cookie middleware that is called after the ClaimsPrincipal has been created for the request from the cookie. Here you can set the claims on the user, based on a certain unique claim which is sent in the cookie for the user.\r<br />\n<br />\nCookie reference mode is the new feature in cookie middleware where you can store the large cookie in a persistence at the server and send a unique reference for this  in the response cookie. When the cookie is read in the next subsequent requests, the reference is used to load the actual cookie from the persistence and populate all the claims on the ClaimsPrincipal. The below class implements a sample cookie store\r<br />\n<a href=\"https://katanaproject.codeplex.com/SourceControl/latest#tests/Katana.Sandbox.WebServer/AspNetAuthSessionStore.cs\" rel=\"nofollow\">https://katanaproject.codeplex.com/SourceControl/latest#tests/Katana.Sandbox.WebServer/AspNetAuthSessionStore.cs</a> <br />\n",
    "PostedDate": "2014-07-30T22:46:58.217-07:00",
    "UserRole": null,
    "MarkedAsAnswerDate": null
  },
  {
    "Id": "1279637",
    "ThreadId": "554604",
    "Html": "Cookie reference sounds cool. The only problem it is in beta and I rather not use beta version in production system. (Any idea when Owin 3.0 will be released?). \r<br />\n<br />\nThe callback on Cookiemiddleware? Did you mean <br />\n<pre><code>CookieAuthenticationProvider.OnValidateIdentity </code></pre>\n\nwith something like this as implementation: <a href=\"http://stackoverflow.com/q/19192428/809357\" rel=\"nofollow\">http://stackoverflow.com/q/19192428/809357</a> This sounds like the solution to my problem.\r<br />\n<br />\nOr there is something else available?<br />\n",
    "PostedDate": "2014-07-31T09:22:13.877-07:00",
    "UserRole": null,
    "MarkedAsAnswerDate": null
  },
  {
    "Id": "1279734",
    "ThreadId": "554604",
    "Html": "I am not aware of the 3.0 release timelines so sorry about that\r<br />\n<br />\nYeah you can hook on to the OnValidateIdentity callback. Let me know if that worked for you<br />\n",
    "PostedDate": "2014-07-31T13:58:09.153-07:00",
    "UserRole": null,
    "MarkedAsAnswerDate": "2014-08-01T16:58:32.707-07:00"
  },
  {
    "Id": "1280302",
    "ThreadId": "554604",
    "Html": "Suhasj, thanks for your help. I've got the issue sorted. \r<br />\n<br />\nI keep all authorisation claims on a Role (that 600+ claims can only be assigned to a role). Treat roles as user-groups in AD. \r<br />\nAnd then OnValidateIdentity adds these claims to the user on every request: <a href=\"https://github.com/trailmax/ClaimsAuthorisation/blob/master/ClaimsAuth/App_Start/Startup.Auth.cs#L24-L55\" rel=\"nofollow\">https://github.com/trailmax/ClaimsAuthorisation/blob/master/ClaimsAuth/App_Start/Startup.Auth.cs#L24-L55</a>\r<br />\n<br />\nAnd then AuthorisationFilter checks if user can access the MVC action: <a href=\"https://github.com/trailmax/ClaimsAuthorisation/blob/master/ClaimsAuth/Infrastructure/Identity/ClaimsAuthorisationFilter.cs\" rel=\"nofollow\">https://github.com/trailmax/ClaimsAuthorisation/blob/master/ClaimsAuth/Infrastructure/Identity/ClaimsAuthorisationFilter.cs</a>\r<br />\n<br />\nThis is a working prototype. Now due to implement this on the bigger scale. But I think most of the challenges are over.<br />\n",
    "PostedDate": "2014-08-01T16:58:19.663-07:00",
    "UserRole": null,
    "MarkedAsAnswerDate": null
  }
]