[
  {
    "Id": "1329984",
    "ThreadId": "574386",
    "Html": "I created a new project with Visual Studio 2013 and ASP.NET Identity &lt;package id=&quot;Microsoft.AspNet.Identity.Core&quot; version=&quot;2.1.0&quot; targetFramework=&quot;net452&quot; /&gt;, however something is wrong in this line<br />\n<pre><code>var result = await SignInManager.PasswordSignInAsync(model.Email, model.Password, model.RememberMe, shouldLockout: false);</code></pre>\n\n<a href=\"http://bit.ly/130V1oX\" rel=\"nofollow\">Failure Project</a>\r<br />\nThe result is always Failure\r<br />\n<br />\n<br />\nThe same project with ASP.NET Identity &lt;package id=&quot;Microsoft.AspNet.Identity.Core&quot; version=&quot;2.1.0-alpha1&quot; targetFramework=&quot;net451&quot; /&gt; working properly\r<br />\n<a href=\"http://bit.ly/1G8zQz6\" rel=\"nofollow\">Success Project</a>\r<br />\nThe result is always Success\r<br />\n<br />\nCan anyone help? \r<br />\n<br />\nPlease advise, on a fix. \r<br />\nThanks<br />\n",
    "PostedDate": "2014-12-08T20:37:07.347-08:00",
    "UserRole": null,
    "MarkedAsAnswerDate": null
  },
  {
    "Id": "1331166",
    "ThreadId": "574386",
    "Html": "See <a href=\"http://www.asp.net/mvc/overview/security/create-an-aspnet-mvc-5-web-app-with-email-confirmation-and-password-reset\" rel=\"nofollow\">http://www.asp.net/mvc/overview/security/create-an-aspnet-mvc-5-web-app-with-email-confirmation-and-password-reset</a><br />\n",
    "PostedDate": "2014-12-11T16:36:20.323-08:00",
    "UserRole": null,
    "MarkedAsAnswerDate": null
  }
]