[
  {
    "Id": "1293871",
    "ThreadId": "562236",
    "Html": "Are there any plans to support a multi tenant setup in future versions\r<br />\n<br />\nI have found some work to extend identity 2.0 to allow this see below\r<br />\n<a href=\"https://github.com/JSkimming/AspNet.Identity.EntityFramework.Multitenant\" rel=\"nofollow\">https://github.com/JSkimming/AspNet.Identity.EntityFramework.Multitenant</a>\r<br />\n<br />\nBut I would like to see if this will be supported in future version before I implement this version\r<br />\n<br />\nMany thanks\r<br />\nCraig <br />\n",
    "PostedDate": "2014-08-27T04:15:00.713-07:00",
    "UserRole": null,
    "MarkedAsAnswerDate": null
  },
  {
    "Id": "1294399",
    "ThreadId": "562236",
    "Html": "See this post: <a href=\"https://aspnetidentity.codeplex.com/discussions/537085\" rel=\"nofollow\">https://aspnetidentity.codeplex.com/discussions/537085</a><br />\n",
    "PostedDate": "2014-08-28T12:14:17.207-07:00",
    "UserRole": null,
    "MarkedAsAnswerDate": null
  },
  {
    "Id": "1294875",
    "ThreadId": "562236",
    "Html": "Ok, thanks for finding this....\r<br />\n<br />\n I did a search but did not get this back..... should have looked harder. sorry :-)<br />\n",
    "PostedDate": "2014-08-29T05:53:08.36-07:00",
    "UserRole": null,
    "MarkedAsAnswerDate": null
  }
]