[
  {
    "Id": "1249174",
    "ThreadId": "546452",
    "Html": "Hi,<br />\n<br />\nWhen I try to use Identity 2.0 on windows azure I get this error :<br />\n<blockquote>\nThe data protection operation was unsuccessful. This may have been caused by not having the user profile loaded for the current thread's user context, which may be the case when the thread is impersonating.<br />\n</blockquote>\nIt happen when it reach this line of code :<br />\n<div style=\"color:Black;background-color:White;\"><pre>\r\nawait UserManager.GenerateEmailConfirmationTokenAsync(user.Id);\r\n</pre></div>And I do something like that with UserManager constructor (I use unity IOC and not Owin helper to instanciate datacontext) :<br />\n<div style=\"color:Black;background-color:White;\"><pre>\r\n<span style=\"color:Blue;\">public</span> AppUserManager(IUserStore&lt;AppUser, <span style=\"color:Blue;\">string</span>&gt; store):<span style=\"color:Blue;\">base</span>(store)\n        {\n            <span style=\"color:Blue;\">var</span> manager = <span style=\"color:Blue;\">this</span>;\n            <span style=\"color:Blue;\">var</span> dataProtectionProvider = <span style=\"color:Blue;\">new</span> Microsoft.Owin.Security.DataProtection.DpapiDataProtectionProvider(<span style=\"color:#A31515;\">&quot;AppName&quot;</span>);\n            manager.UserTokenProvider = <span style=\"color:Blue;\">new</span> Microsoft.AspNet.Identity.Owin.DataProtectorTokenProvider&lt;AppUser&gt;(dataProtectionProvider.Create(<span style=\"color:#A31515;\">&quot;PR&quot;</span>));\n\n........\n}\r\n</pre></div>Any idea of why I get that ?<br />\n",
    "PostedDate": "2014-05-24T06:36:51.83-07:00",
    "UserRole": null,
    "MarkedAsAnswerDate": null
  },
  {
    "Id": "1249189",
    "ThreadId": "546452",
    "Html": ".<br />\n",
    "PostedDate": "2014-05-24T07:47:10.213-07:00",
    "UserRole": null,
    "MarkedAsAnswerDate": null
  },
  {
    "Id": "1251221",
    "ThreadId": "546452",
    "Html": "I have the same problem. I use Azrue Sites. need help thanks<br />\n",
    "PostedDate": "2014-05-30T05:46:15.857-07:00",
    "UserRole": null,
    "MarkedAsAnswerDate": null
  },
  {
    "Id": "1251260",
    "ThreadId": "546452",
    "Html": "What it your code to instantiate the DataProtectionProvider ? And do you use an IOC ?<br />\n",
    "PostedDate": "2014-05-30T06:53:08.367-07:00",
    "UserRole": null,
    "MarkedAsAnswerDate": null
  },
  {
    "Id": "1256538",
    "ThreadId": "546452",
    "Html": "I run into the same issue. Replacing token provider with a simple one: EmailTokenProvider fixed the problem:<br />\n<pre><code>UserTokenProvider = new EmailTokenProvider&lt;ApplicationUser, string&gt;();</code></pre>\n\n",
    "PostedDate": "2014-06-15T18:34:10.28-07:00",
    "UserRole": null,
    "MarkedAsAnswerDate": null
  }
]