[
  {
    "Id": "1440483",
    "ThreadId": "643682",
    "Html": "Hi,\r<br />\n<br />\nI'm building a system in which a private (admin) portal and several other public portals are sharing the same DB.\r<br />\nWhen adding a new user from the admin portal and sending the reset password to the user for one of the public portals the token validation returns &quot;Invalid token&quot;.\r<br />\n<br />\nI do know the inner works for the validation in detail and I saw different approaches to similar issues (azure hosted sites, web farms but they have a certain age and the Identity library was updated since then) - but is there a standard way of handling this issue?<br />\n",
    "PostedDate": "2015-08-13T14:37:41.173-07:00",
    "UserRole": null,
    "MarkedAsAnswerDate": null
  }
]