[
  {
    "Id": "1440500",
    "ThreadId": "643687",
    "Html": "I have an MVC 5 app with identity 2.0. I am not using features like external authentication and two factor authentication. How do I disable these features so that they are not a security threat. I am afraid someone will exploit unused identity features to get into my website. Do I even need to worry about this?<br />\n",
    "PostedDate": "2015-08-13T18:39:57.033-07:00",
    "UserRole": null,
    "MarkedAsAnswerDate": null
  }
]