[
  {
    "Id": "1260578",
    "ThreadId": "549902",
    "Html": "Why is there a RoleStore but no ClaimStore?\r<br />\nWhy do I have to create a UserStore with TUserRole?\r<br />\n<br />\nRoles may be needed for backwards compatibility with previous identity frameworks (like Membership) but if Claims are a superset of Roles, should I not be able to move forward with just using Claims?\r<br />\n<br />\nIf only using Claims is possible isn't an IsInRoleAsync method needed in IUserClaimStore? (which would only work with claimtype role)\r<br />\n<br />\nMy only implemented class choice is either UserStore&lt;TUser&gt; or UserStore&lt;TUser, TRole, TKey, TUserLogin, TUserRole, TUserClaim&gt;. If I don't want to use roles I'd need to implement my own version of UserStore&lt;TUser, TRole, TKey, TUserLogin, TUserClaim&gt; (without TUserRole)\r<br />\n<br />\nASP.NET Identity is so fluid right now that is hard to understand where it is going. What are the plans for a claims-based system that only uses roles as a type of claim?<br />\n",
    "PostedDate": "2014-06-27T12:29:50.45-07:00",
    "UserRole": null,
    "MarkedAsAnswerDate": null
  },
  {
    "Id": "1261274",
    "ThreadId": "549902",
    "Html": "After further research it appears that I would need to do at least the following to remove Roles and only use Claims. Are there any plans to make something like this available in the implementation of Microsoft.AspNet.Identity.EntityFramework? IMO this should be the default implementation from which you could derive UserStore&lt;TUser, TRole, TKey, TUserLogin, TUserRole, TUserClaim&gt;.<br />\n<br />\nImplement<br />\n<pre><code>public class IdentityUser&lt;TKey, TLogin, TClaim&gt; : IUser&lt;TKey&gt;\nwhere TLogin : IdentityUserLogin&lt;TKey&gt;\nwhere TClaim : IdentityUserClaim&lt;TKey&gt;</code></pre>\n\nImplement<br />\n<pre><code>public class IdentityRole&lt;TKey, TUserClaim&gt; : IRole&lt;TKey&gt;\nwhere TUserRole : IdentityUserClaim&lt;TKey&gt;</code></pre>\n\nImplement (IUserRoleStore needs to be implemented for access to IsInRoleAsync and to store the roles in the Claims table instead of in the UserRoles table)<br />\n<pre><code>public class UserStore&lt;TUser, TRole, TKey, TUserLogin, TUserClaim&gt; :\n    IUserLoginStore&lt;TUser, TKey&gt;, \n    IUserClaimStore&lt;TUser, TKey&gt;,\n    IUserRoleStore&lt;TUser, TKey&gt;,\n    IUserPasswordStore&lt;TUser, TKey&gt;, \n    IUserSecurityStampStore&lt;TUser, TKey&gt;,\n    IQueryableUserStore&lt;TUser, TKey&gt;,\n    IUserEmailStore&lt;TUser, TKey&gt;, \n    IUserPhoneNumberStore&lt;TUser, TKey&gt;,\n    IUserTwoFactorStore&lt;TUser, TKey&gt;,\n    IUserLockoutStore&lt;TUser, TKey&gt;, \n    IUserStore&lt;TUser, TKey&gt;, IDisposable \nwhere TUser : IdentityUser&lt;TKey, TUserLogin, TUserClaim&gt;\nwhere TRole : IdentityRole&lt;TKey, TUserClaim&gt;\nwhere TKey : Object, IEquatable&lt;TKey&gt;\nwhere TUserLogin : new(), IdentityUserLogin&lt;TKey&gt;\nwhere TUserClaim : new(), IdentityUserClaim&lt;TKey&gt;</code></pre>\n\nImplement (IRoleStore needs to be implemented to store the role names available)<br />\n<pre><code>public class RoleStore&lt;TRole, TKey, TUserClaim&gt; : IQueryableRoleStore&lt;TRole, TKey&gt;, \n    IRoleStore&lt;TRole, TKey&gt;, IDisposable \nwhere TRole : new(), IdentityRole&lt;TKey, TUserClaim&gt;\nwhere TUserClaim : new(), IdentityUserClaim&lt;TKey&gt;</code></pre>\n\n",
    "PostedDate": "2014-06-30T10:51:29.433-07:00",
    "UserRole": null,
    "MarkedAsAnswerDate": null
  }
]