[
  {
    "Id": "1226461",
    "ThreadId": "540085",
    "Html": "How to implement<br />\n<br />\nIQueryableUserStore and IQueryableRoleStore which expect database provider to implement IQueryable interface<br />\n<br />\n<a href=\"https://github.com/luboid/aspnetidentity-v2-mssql\" rel=\"nofollow\">https://github.com/luboid/aspnetidentity-v2-mssql</a><br />\n",
    "PostedDate": "2014-03-25T07:50:48.297-07:00",
    "UserRole": null,
    "MarkedAsAnswerDate": null
  },
  {
    "Id": "1227893",
    "ThreadId": "540085",
    "Html": "See here: <a href=\"http://www.asp.net/identity/overview/extensibility/implementing-a-custom-mysql-aspnet-identity-storage-provider#author-51463\" rel=\"nofollow\">http://www.asp.net/identity/overview/extensibility/implementing-a-custom-mysql-aspnet-identity-storage-provider#author-51463</a>\r<br />\n<br />\nand Here: <a href=\"http://www.asp.net/identity/overview/extensibility/overview-of-custom-storage-providers-for-aspnet-identity\" rel=\"nofollow\">http://www.asp.net/identity/overview/extensibility/overview-of-custom-storage-providers-for-aspnet-identity</a>\r<br />\n<br />\nFor examples<br />\n",
    "PostedDate": "2014-03-28T09:24:38.427-07:00",
    "UserRole": null,
    "MarkedAsAnswerDate": null
  },
  {
    "Id": "1228113",
    "ThreadId": "540085",
    "Html": "Yes I now about these examples, but they just don`t implement these interfaces<br />\n",
    "PostedDate": "2014-03-29T01:21:40.537-07:00",
    "UserRole": null,
    "MarkedAsAnswerDate": null
  }
]