[
  {
    "Id": "1248170",
    "ThreadId": "546171",
    "Html": "Can I add more columns into AspNetRoles table ? (Kinda database first approach) Will the framework pick new column automatically or do I have to change any auto-generated code ? When I added columns to AspNetUsers I had to modify class ApplicationUser : IdentityUser but I don't see any class generated for Roles.\r<br />\n<br />\nWhat I'd like to do is have additional info where the role is used (eg. Area) so then I can group it in my view and maybe also detailed description of each role...\r<br />\n<br />\nThanks in advance<br />\n",
    "PostedDate": "2014-05-21T14:42:09.633-07:00",
    "UserRole": null,
    "MarkedAsAnswerDate": null
  },
  {
    "Id": "1248647",
    "ThreadId": "546171",
    "Html": "You can add a new class ApplicationRole:IdentityRole and then use it in the RoleManager&lt;ApplicationRole&gt;. It should be persisted with any new properties added<br />\n",
    "PostedDate": "2014-05-22T16:22:27.81-07:00",
    "UserRole": null,
    "MarkedAsAnswerDate": null
  },
  {
    "Id": "1249081",
    "ThreadId": "546171",
    "Html": "I forgot to mention that I'm using Identity 2. I think your answer applies to identity 1.0 - if I'm wrong can you please post a sample code extending Roles to additional property ?<br />\n",
    "PostedDate": "2014-05-23T15:10:48.967-07:00",
    "UserRole": null,
    "MarkedAsAnswerDate": null
  },
  {
    "Id": "1251342",
    "ThreadId": "546171",
    "Html": "the solution should apply for either Identity 1.0 or 2.0\r<br />\n<br />\nThe sample code would be \r<br />\n<br />\npublic class AppRole:IdentityRole{\r<br />\nproperty string Description{get;set;}\r<br />\n}\r<br />\n<br />\nvar roleManager = new RoleManager&lt;AppRole&gt;(new RoleStore&lt;AppRole&gt;(new Context());\r<br />\n<br />\nyou can now use the 'roleManager' to manage your roles and it would use the 'AppRole' as the role class<br />\n",
    "PostedDate": "2014-05-30T09:54:18.783-07:00",
    "UserRole": null,
    "MarkedAsAnswerDate": null
  }
]