[
  {
    "Id": "1225865",
    "ThreadId": "539926",
    "Html": "Looking for an updated MySQL implementation update. I found <a href=\"https://github.com/raquelsa/AspNet.Identity.MySQL\" rel=\"nofollow\">https://github.com/raquelsa/AspNet.Identity.MySQL</a> which I cloned and modified for my purposes but I haven't even tested it yet and it is now very stale due to v2 being released.<br />\n<a href=\"http://blogs.msdn.com/b/webdev/archive/2014/03/20/test-announcing-rtm-of-asp-net-identity-2-0-0.aspx\" rel=\"nofollow\">http://blogs.msdn.com/b/webdev/archive/2014/03/20/test-announcing-rtm-of-asp-net-identity-2-0-0.aspx</a><br />\n",
    "PostedDate": "2014-03-24T01:04:37.227-07:00",
    "UserRole": null,
    "MarkedAsAnswerDate": null
  },
  {
    "Id": "1226173",
    "ThreadId": "539926",
    "Html": "@stimpy77: We'll be updating all samples this week. I'll get back once it is done<br />\n",
    "PostedDate": "2014-03-24T13:09:30.12-07:00",
    "UserRole": null,
    "MarkedAsAnswerDate": null
  },
  {
    "Id": "1253485",
    "ThreadId": "539926",
    "Html": "Hi. Still not updated for 2.0. Definitely missing a lot of fields.<br />\n",
    "PostedDate": "2014-06-05T14:21:09-07:00",
    "UserRole": null,
    "MarkedAsAnswerDate": null
  },
  {
    "Id": "1290822",
    "ThreadId": "539926",
    "Html": "when update  for v2.1?<br />\n",
    "PostedDate": "2014-08-17T01:33:10.67-07:00",
    "UserRole": null,
    "MarkedAsAnswerDate": null
  },
  {
    "Id": "1291424",
    "ThreadId": "539926",
    "Html": "There is no schema change from 2.0.1 t0 2.1.0. So you can clone the project and update the Identity bits. It should work fine <br />\n",
    "PostedDate": "2014-08-19T10:24:08.787-07:00",
    "UserRole": null,
    "MarkedAsAnswerDate": null
  },
  {
    "Id": "1291515",
    "ThreadId": "539926",
    "Html": "That doesn't sound right. I had to go in and add the fields for supporting account lockout and/or confirmation (IsEnabled or somesuch). <a href=\"https://github.com/raquelsa/AspNet.Identity.MySQL/blob/master/MySQLIdentity.sql\" rel=\"nofollow\">https://github.com/raquelsa/AspNet.Identity.MySQL/blob/master/MySQLIdentity.sql</a> and associated C# code are incomplete.<br />\n",
    "PostedDate": "2014-08-19T18:01:13.41-07:00",
    "UserRole": null,
    "MarkedAsAnswerDate": null
  },
  {
    "Id": "1291567",
    "ThreadId": "539926",
    "Html": "Sorry my bad the sample project is now moved to <a href=\"https://aspnet.codeplex.com/SourceControl/latest#Samples/Identity/AspNet.Identity.MySQL/App.config\" rel=\"nofollow\">https://aspnet.codeplex.com/SourceControl/latest#Samples/Identity/AspNet.Identity.MySQL/App.config</a> It has been updated to 2.0.1<br />\n",
    "PostedDate": "2014-08-19T22:39:18.53-07:00",
    "UserRole": null,
    "MarkedAsAnswerDate": null
  },
  {
    "Id": "1345300",
    "ThreadId": "539926",
    "Html": "You can also use my implementation available on Github <a href=\"https://github.com/radenkozec/MySqlIdentity\" rel=\"nofollow\">https://github.com/radenkozec/MySqlIdentity</a>\r<br />\nand as NuGet package.\r<br />\nThis implementation works with 2.1 and have all interfaces implemented and roleStore as well.\r<br />\nFeel free to read this blog post <a href=\"http://blog.developers.ba/asp-net-identity-2-1-for-mysql/\" rel=\"nofollow\">ASP.NET Identity 2.1 implementation for MySQL</a><br />\n",
    "PostedDate": "2015-01-23T02:52:59.01-08:00",
    "UserRole": null,
    "MarkedAsAnswerDate": null
  }
]