[
  {
    "Id": "1210449",
    "ThreadId": "532782",
    "Html": "I understand that the source code is not available.\r<br />\n<br />\nIs it possible to get the PDBs?  I am debugging and microsoft.aspnet.identity.core is in the call stack.  My thought is that the PDBs would help.\r<br />\n<br />\nI am using Visual Studio 2013 Premium and have it configured to use the Microsoft Symbol Servers.<br />\n",
    "PostedDate": "2014-02-19T04:10:48.263-08:00",
    "UserRole": null,
    "MarkedAsAnswerDate": null
  },
  {
    "Id": "1210783",
    "ThreadId": "532782",
    "Html": "The Home page of the Identity codeplex site has a section on debugging that helps you download the symbols package with pdb and use it with the nightly builds of Identity. Do check that out and do let me know if you can get that running<br />\n",
    "PostedDate": "2014-02-19T13:57:17.807-08:00",
    "UserRole": null,
    "MarkedAsAnswerDate": null
  },
  {
    "Id": "1211325",
    "ThreadId": "532782",
    "Html": "Thanks for that information.  What I was hoping for was the PDBs for the released version of the software.\r<br />\n<br />\nThat said, I probably need to start looking at the beta bits so your information will definitely help for that.<br />\n",
    "PostedDate": "2014-02-20T11:10:24.427-08:00",
    "UserRole": null,
    "MarkedAsAnswerDate": null
  },
  {
    "Id": "1211416",
    "ThreadId": "532782",
    "Html": "We missed out pushing pdbs for release versions. We'll be doing that shortly<br />\n",
    "PostedDate": "2014-02-20T14:16:55.413-08:00",
    "UserRole": null,
    "MarkedAsAnswerDate": null
  },
  {
    "Id": "1251476",
    "ThreadId": "532782",
    "Html": "Have the PDBs been published for the 2.0.1 release? I'm haven't a really hard time finding them.<br />\n",
    "PostedDate": "2014-05-30T16:27:05.503-07:00",
    "UserRole": null,
    "MarkedAsAnswerDate": null
  },
  {
    "Id": "1254047",
    "ThreadId": "532782",
    "Html": "I'm also looking for the pdb in the 2.0.1 release.<br />\n",
    "PostedDate": "2014-06-07T12:09:11.04-07:00",
    "UserRole": null,
    "MarkedAsAnswerDate": null
  }
]