[
  {
    "Id": "1208927",
    "ThreadId": "532117",
    "Html": "I love Web Forms but am eternally disappointed when I compare the code of any Web Forms sample with its MVC equivalent. This applies to the ASP.NET Idendity code samples that ship with VS 2013. The Web Forms sample has all the code crammed into the codebehind without a thought given to maintenance or unit testing. \r<br />\n<br />\nInstead of crying into my soup I decided to rewrite the ASP.NET Identity Web Forms sample. In my version the codebehind is empty and the code structure resembles the ASP.NET Identity MVC sample. I've also written an ASP.NET Idendity Web Forms SPA sample. It's progressively enhanced to ensure it's SEO-friendly and works across all devices.\r<br />\n<br />\nBoth these samples can be found at <a href=\"https://navigation.codeplex.com/documentation\" rel=\"nofollow\">https://navigation.codeplex.com/documentation</a> by downloading the link called <em>Navigation Identity for VS 2013.zip</em>.\r<br />\n<br />\nCould we work together to promote these ASP.NET Identity Web Forms samples over the one built into VS 2013?\r<br />\n<br />\nCheers,\r<br />\nGraham<br />\n",
    "PostedDate": "2014-02-16T02:45:54.017-08:00",
    "UserRole": null,
    "MarkedAsAnswerDate": null
  },
  {
    "Id": "1225495",
    "ThreadId": "532117",
    "Html": "I believe samples are meant for showing API usage, not to show how to built maintainable code.<br />\n",
    "PostedDate": "2014-03-22T04:13:22.76-07:00",
    "UserRole": null,
    "MarkedAsAnswerDate": null
  },
  {
    "Id": "1225565",
    "ThreadId": "532117",
    "Html": "These Identity samples are included in the ASP.NET templates shipped with VS 2013, so I think they've got a lot of more responsibility on their shoulders than your common or garden code sample. Whenever you create a new Web project in VS 2013 the relevant Idenity 'sample' is included by default.\r<br />\n<br />\nThe code doesn't come with any warning stating that it's not production strength, or that it's for api demonstration only. The implication is that it's a fully realised implentation. Any code shipped with VS 2013 is endowed with the Microsoft seal of approval. Developers will study this code, assuming it is following best practice, and will use it as a template on which to base the rest of their code.\r<br />\n<br />\nHave you had a look at my Web Forms sample and compared it with the one shipped with VS 2013?<br />\n",
    "PostedDate": "2014-03-22T11:26:30.813-07:00",
    "UserRole": null,
    "MarkedAsAnswerDate": null
  },
  {
    "Id": "1226370",
    "ThreadId": "532117",
    "Html": "Firstly can I say what an educating experience it has been looking at your source code.  I have been using Web Forms for many years I I hadn't even realised it was possible to create such clean and well structured pages and code.  It begs the question as to why one doesn't see more code like this on the Internet and specifically, as you suggest above, why the samples provided by Microsoft do not follow these examples - or, at the very least, provide them as an alternative.\r<br />\n<br />\nYour comment about Microsoft's responsibility is absolutely correct.  The reality is that as a 'jobbing developer' I tend to look to Microsoft as the primary source of information and direction.  I am ashamed to say that if Microsoft provide sample code and templating, then I tend to accept this as 'the correct approach'.  An hour with your code this morning has proven this approach to be less than optimal.\r<br />\n<br />\nI hope you are successful in convincing Microsoft to follow your design patterns or, at the very least, help promote them as an alternative approach.\r<br />\n<br />\nFinally, the only reason I found your posts was that I was looking for examples of how to implement the latest ASP.net Identity 2.0.  Do you have any plans to update your examples to the later version?\r<br />\n<br />\nThanks again.<br />\n",
    "PostedDate": "2014-03-25T02:59:24.947-07:00",
    "UserRole": null,
    "MarkedAsAnswerDate": null
  },
  {
    "Id": "1226569",
    "ThreadId": "532117",
    "Html": "I really appreciate you taking the time to write such a considered reply. But you're being too harsh on yourself because it's natural to assume that Microsoft authored templates shipped with Visual Studio exhibit the very best of coding principles. Which is why it's frustrating when the template code reinforces the false notion that if you want to write good code you must use MVC.\r<br />\n<br />\nThanks for your support and I hope it nudges the project owners towards having a look at my Identity samples.\r<br />\n<br />\nI've no plan in the short term to update the samples for Identity 2.0 because I've got some important enhancements to make to my Navigation framework. However, might you be interested in updating the samples? If you are interested, let me know and we can discuss further.<br />\n",
    "PostedDate": "2014-03-25T11:19:32.017-07:00",
    "UserRole": null,
    "MarkedAsAnswerDate": null
  },
  {
    "Id": "1226643",
    "ThreadId": "532117",
    "Html": "Hello Graham,\r<br />\n<br />\nInterested yes, but equally uncertain... I'm not sure I currently have enough time or understanding of either the new ASP.NET Identity classes or your elegant approach to coding Web Forms to make a good attempt at this, but I'll certainly have a 'play around' with the code and come back to you in a day or two if that's OK?<br />\n",
    "PostedDate": "2014-03-25T14:10:23.517-07:00",
    "UserRole": null,
    "MarkedAsAnswerDate": null
  },
  {
    "Id": "1226675",
    "ThreadId": "532117",
    "Html": "No problem at all. Look forward to hearing from you. If you want any help, big or small, <a href=\"https://navigation.codeplex.com/discussions\" rel=\"nofollow\">drop me message</a><br />\n",
    "PostedDate": "2014-03-25T15:05:17.92-07:00",
    "UserRole": null,
    "MarkedAsAnswerDate": null
  }
]