[
  {
    "Id": "1260164",
    "ThreadId": "549780",
    "Html": "Hi! I think I have found a bug in GetValidTwoFactorProviders() method. This method fetches providers even if those providers have not been verified. For example, it will add PhoneCode provider during Two Factor Authorization, if the phone number has been added, but not confirmed by the user. <br />\n<br />\nI can remove the provider from the list in the sendCode() method manually if it has not been verified, like this:<br />\n<pre><code>if (userFactors.Contains(&quot;PhoneCode&quot;) &amp;&amp; !(await UserManager.IsPhoneNumberConfirmedAsync(userId)))\n            userFactors.Remove(&quot;PhoneCode&quot;);\n</code></pre>\n\nHowever, I think that the method responsible for this logic is GetValidTwoFactorProviders() because the word <strong>valid</strong> in the name of this method implies that the providers should be verified.<br />\n",
    "PostedDate": "2014-06-26T12:22:48.187-07:00",
    "UserRole": null,
    "MarkedAsAnswerDate": null
  }
]