[
  {
    "Id": "1150405",
    "ThreadId": "483945",
    "Html": "I want to know If there is any support(or plan) for Db First DbContext ? As a discussion in at <a href=\"http://stackoverflow.com/questions/19940014/asp-net-identity-with-ef-database-first-mvc5\" rel=\"nofollow\">http://stackoverflow.com/questions/19940014/asp-net-identity-with-ef-database-first-mvc5</a> we found a poor work around.<br />\n<br />\nIn enterprise level applications you need of joins between your tables and AspNetUsers table to provide record's related user. (i.e. senderUserId, reciverUserId, creatorUserId, managerUserId and so on...).Moreover in grids you need filter by the users too... None of this are possible without an integrated DbContext model. <br />\n<br />\nCurrently I prefer to make a mirror table to copy all the users needed data into it(by triggers). But I will have two seprated DbContext. One to handle my logings actions and one to handle my business flows... but it is nasty :(<br />\n",
    "PostedDate": "2014-01-07T06:19:42.483-08:00",
    "UserRole": null,
    "MarkedAsAnswerDate": null
  },
  {
    "Id": "1233646",
    "ThreadId": "483945",
    "Html": "Take a look at these projects on GitHub:<br />\n<ul>\n<li><a href=\"https://github.com/kriasoft/AspNet.Identity\" rel=\"nofollow\">github.com/kriasoft/AspNet.Identity</a> - ASP.NET Identity Database Schema</li>\n<li>\n<a href=\"https://github.com/kriasoft/AspNet-Server-Template\" rel=\"nofollow\">github.com/kriasoft/AspNet-Server-Template</a> - ASP.NET Web Application Starter Kit<br />\n</li>\n</ul>\nWhich includes:<br />\n<ul>\n<li>SQL Database Project Template for ASP.NET Identity 2.0</li>\n<li>Entity Framework Database-First Provider(s)</li>\n<li>\nSource Code and Samples<br />\n</li>\n</ul>\n<a href=\"https://github.com/KriaSoft/AspNet.Identity\" rel=\"nofollow\"><img src=\"http://i.imgur.com/KHDqq3B.png\" alt=\"enter image description here\" /></a><br />\n",
    "PostedDate": "2014-04-13T09:13:43.84-07:00",
    "UserRole": null,
    "MarkedAsAnswerDate": null
  },
  {
    "Id": "1256378",
    "ThreadId": "483945",
    "Html": "It would be nice if Model First and Database First were treated like first class citizens. Not everyone uses Code First. Seems the other approaches have been all but abandoned to Code First. All three approaches should be able to be used interchangeably - modify the database and import the changes, modify the model and export the changes, modify the classes and update the model and database. Identity is too hard and confusing to use from Model First.<br />\n",
    "PostedDate": "2014-06-14T20:04:09.607-07:00",
    "UserRole": null,
    "MarkedAsAnswerDate": null
  },
  {
    "Id": "1301221",
    "ThreadId": "483945",
    "Html": "(comment removed)<br />\n",
    "PostedDate": "2014-09-06T07:52:20.147-07:00",
    "UserRole": null,
    "MarkedAsAnswerDate": null
  },
  {
    "Id": "1362266",
    "ThreadId": "483945",
    "Html": "As davekolb says, I am currently facing the problem of needing to implement Identity in a Database First Environment and I'm totally lost. Please make it possible straight forward.\r<br />\n<br />\nIt is really bad when you start feeling that the technology you love is playing against you. We want to be able to use all the new features no matter the approach we have to take.<br />\n",
    "PostedDate": "2015-03-10T11:01:04.04-07:00",
    "UserRole": null,
    "MarkedAsAnswerDate": null
  }
]