[
  {
    "Id": "1313526",
    "ThreadId": "569835",
    "Html": "Hello,\r<br />\n<br />\nI'd like to offer some feedback on an issue; however it was closed as it was already added to the team's internal backlog. Will the team review the original issue for new feedback when they consider the backlog item?\r<br />\n<br />\nIn other words, is it worth responding to the original issue even if it's closed, or should I open a new issue? (or not provide feedback?)\r<br />\n<br />\nFWIW, I ask this in the context of <a href=\"https://aspnetidentity.codeplex.com/workitem/2222\" rel=\"nofollow\">issue #2222</a>, to which I did provide some feedback that I think may be valuable, though I'm unsure if it will reach the right people.<br />\n",
    "PostedDate": "2014-10-15T04:44:14.94-07:00",
    "UserRole": null,
    "MarkedAsAnswerDate": null
  }
]