[
  {
    "Id": "1259007",
    "ThreadId": "549448",
    "Html": "Can anyone suggest how can I force user to change password on next login?\r<br />\n<br />\nIs there something built in, or would I have to extend IdentityUser and add bool property, and then custom logic myself?\r<br />\n<br />\nThanks\r<br />\nzamb...<br />\n",
    "PostedDate": "2014-06-23T11:52:27.677-07:00",
    "UserRole": null,
    "MarkedAsAnswerDate": null
  },
  {
    "Id": "1261298",
    "ThreadId": "549448",
    "Html": "you would have to implement that yourself. There is no out of box support for that.<br />\n",
    "PostedDate": "2014-06-30T11:47:58.537-07:00",
    "UserRole": null,
    "MarkedAsAnswerDate": null
  }
]