[
  {
    "Id": "1435974",
    "ThreadId": "641925",
    "Html": "I am trying to customize the registration screen. I have the registration screen with all the inputs I need (Register.cshtml). I have also added the items to AccountModelViews.cs, but how do I add a reference to those new fields, so that the values can be used to register an account&gt;\r<br />\n<br />\nI followed the <a href=\"http://blogs.msdn.com/b/webdev/archive/2013/10/16/customizing-profile-information-in-asp-net-identity-in-vs-2013-templates.aspx\" rel=\"nofollow\">http://blogs.msdn.com/b/webdev/archive/2013/10/16/customizing-profile-information-in-asp-net-identity-in-vs-2013-templates.aspx</a> you have as a link on the main page, but it is not working. All I get is error error error. ASP.NET is worthless so far. Not user friendly at all!\r<br />\n<br />\nI did build/create the database using Code-First approach and it is in place.\r<br />\nI get an InvalidOperationException in IdentityConfig.cs on line 132.\r<br />\n<br />\nAt this point, I am going to have to give up on ASP.NET and trying  to learn this non user-friendly logic and go back to VB.NET, at least I know what I am doing there!<br />\n",
    "PostedDate": "2015-07-25T11:16:41.327-07:00",
    "UserRole": null,
    "MarkedAsAnswerDate": null
  }
]