[
  {
    "Id": "1320559",
    "ThreadId": "571688",
    "Html": "I have a problem with Asp.net Web Forms with Identity Framework and Owin.<br />\n<br />\n<br />\n<a href=\"http://stackoverflow.com/questions/26805531/deny-all-pages-without-login-on-asp-net-web-forms-with-identity-framework-and-ow\" rel=\"nofollow\">Link stackoverflow</a><br />\n<br />\nAny idea?<br />\n",
    "PostedDate": "2014-11-10T05:52:16.623-08:00",
    "UserRole": null,
    "MarkedAsAnswerDate": null
  },
  {
    "Id": "1322424",
    "ThreadId": "571688",
    "Html": "I tried with the webforms application and it seems to work for below configuration in root web.config<br />\n<pre><code>  &lt;system.web&gt;\n &lt;authorization&gt;\n      &lt;deny users=&quot;?&quot;/&gt;\n    &lt;/authorization&gt;\n &lt;/system.web&gt;</code></pre>\n\nAnd add the following in the web.config of Account folder<br />\n<pre><code>  &lt;location path=&quot;Login.aspx&quot;&gt;\n    &lt;system.web&gt;\n      &lt;authorization&gt;\n        &lt;allow users=&quot;*&quot;/&gt;\n      &lt;/authorization&gt;\n    &lt;/system.web&gt;\n   &lt;/location&gt;</code></pre>\n\nThe caveat is that you have disable friendlyurls. I'll take a look at it but let me know if this temporary workaround might help you out<br />\n",
    "PostedDate": "2014-11-14T18:26:12.01-08:00",
    "UserRole": null,
    "MarkedAsAnswerDate": null
  },
  {
    "Id": "1327999",
    "ThreadId": "571688",
    "Html": "Hi suhasj, without friendlyurls work fine.\r<br />\nAny news about friendlyurls ?\r<br />\n<br />\nThanks!<br />\n",
    "PostedDate": "2014-12-02T04:25:13.263-08:00",
    "UserRole": null,
    "MarkedAsAnswerDate": null
  },
  {
    "Id": "1428831",
    "ThreadId": "571688",
    "Html": "Just hit the same wall, anyone found a workaround for this that doesn't involve disabling friendly URLs?<br />\n",
    "PostedDate": "2015-06-04T09:57:45.057-07:00",
    "UserRole": null,
    "MarkedAsAnswerDate": null
  },
  {
    "Id": "1448281",
    "ThreadId": "571688",
    "Html": "HI , does anyone know if this has been logged as an issue and if it is being looked into or resolved ? \r<br />\n<br />\nI cannot get around this and I have spent a great deal of time on working on a User Management model and then hit this as well. <br />\n",
    "PostedDate": "2015-10-13T02:45:45.32-07:00",
    "UserRole": null,
    "MarkedAsAnswerDate": null
  }
]