[
  {
    "Id": "1241749",
    "ThreadId": "544363",
    "Html": "I can't find any blog posts, asp.net website updates, or anything pointing to the 2.0.1 release of identity framework that is popping up on nuget.<br />\n\r<br />\nWhats changed?<br />\n",
    "PostedDate": "2014-05-05T13:13:52.197-07:00",
    "UserRole": null,
    "MarkedAsAnswerDate": null
  },
  {
    "Id": "1241771",
    "ThreadId": "544363",
    "Html": "Only a bugfix:<br />\n<blockquote>\nBug Fix release: The following bug was fixed:<br />\n<a href=\"https://aspnetidentity.codeplex.com/workitem/list/advanced?keyword=&amp;status=All&amp;type=All&amp;priority=All&amp;release=2.0.1&amp;assignedTo=All&amp;component=All&amp;reasonClosed=All&amp;sortField=LastUpdatedDate&amp;sortDirection=Descending&amp;page=0\" rel=\"nofollow\">https://aspnetidentity.codeplex.com/workitem/list/advanced?keyword=&status=All&type=All&priority=All&release=2.0.1&assignedTo=All&component=All&reasonClosed=All&sortField=LastUpdatedDate&sortDirection=Descending&page=0</a><br />\n</blockquote>\n",
    "PostedDate": "2014-05-05T14:05:42.237-07:00",
    "UserRole": null,
    "MarkedAsAnswerDate": "2014-05-05T14:06:51.407-07:00"
  },
  {
    "Id": "1241772",
    "ThreadId": "544363",
    "Html": "Thanks, wish it was easier to see that in the nuget update window.<br />\n",
    "PostedDate": "2014-05-05T14:06:47.353-07:00",
    "UserRole": null,
    "MarkedAsAnswerDate": null
  }
]