[
  {
    "Id": "470394",
    "Title": "Features and release roadmap?",
    "LatestDate": "2013-12-10T00:12:45.763-08:00"
  },
  {
    "Id": "473460",
    "Title": "ASP.NET Identity Database Project (for DbFirst development)",
    "LatestDate": "2015-06-12T07:37:40.943-07:00"
  },
  {
    "Id": "478022",
    "Title": "Would be nice to have something independant of EF",
    "LatestDate": "2014-01-02T08:48:45.04-08:00"
  },
  {
    "Id": "479381",
    "Title": "Extensibility of Confirmation of account email",
    "LatestDate": "2014-01-29T14:44:03.057-08:00"
  },
  {
    "Id": "483752",
    "Title": "Exception in GetConfirmationToken when using Guid for Id",
    "LatestDate": "2014-01-29T16:55:33.143-08:00"
  },
  {
    "Id": "483945",
    "Title": "Any support for IdentityDbContext with EF Db First?",
    "LatestDate": "2015-03-10T11:01:04.04-07:00"
  },
  {
    "Id": "484132",
    "Title": "Role Expiry Date?",
    "LatestDate": "2014-01-29T13:42:43.557-08:00"
  },
  {
    "Id": "504308",
    "Title": "Identity in a multi-tier environment",
    "LatestDate": "2014-07-23T21:52:44.483-07:00"
  },
  {
    "Id": "524415",
    "Title": "Need some documentation for the 2.0.0-beta related to Owin",
    "LatestDate": "2014-03-10T14:24:04.377-07:00"
  },
  {
    "Id": "528103",
    "Title": "ASP.NET Identity and client applications",
    "LatestDate": "2014-02-11T08:32:30.857-08:00"
  },
  {
    "Id": "528303",
    "Title": "Will the new middleware stuff in Startup.Auth.cs and IdentityModels.cs make it to the RTM package of the ASP.NET Identity components?",
    "LatestDate": "2014-01-31T01:23:42.12-08:00"
  },
  {
    "Id": "528823",
    "Title": "ASP.NET Identity and Concurrency",
    "LatestDate": "2014-02-03T16:07:13.863-08:00"
  },
  {
    "Id": "530201",
    "Title": "How to disable a User?",
    "LatestDate": "2014-06-02T15:47:09.237-07:00"
  },
  {
    "Id": "531224",
    "Title": "Error HTTP 404.11 passing tokens generated from GetPasswordResetTokenAsync",
    "LatestDate": "2014-02-12T02:01:46.497-08:00"
  },
  {
    "Id": "531803",
    "Title": "Support for Table Valued Functions in EF6 Code First?",
    "LatestDate": "2014-02-13T15:33:56.703-08:00"
  },
  {
    "Id": "531881",
    "Title": "How to use only user email?",
    "LatestDate": "2014-02-26T10:52:13.443-08:00"
  },
  {
    "Id": "532117",
    "Title": "ASP.NET Identity for Web Forms",
    "LatestDate": "2014-03-25T15:05:17.92-07:00"
  },
  {
    "Id": "532127",
    "Title": "Identity Entities Usage",
    "LatestDate": "2014-02-19T14:00:17.877-08:00"
  },
  {
    "Id": "532294",
    "Title": "Considered making the loader lazy when using CreatePerOwinContext ?",
    "LatestDate": "2014-05-03T02:19:31.19-07:00"
  },
  {
    "Id": "532782",
    "Title": "PDB?",
    "LatestDate": "2014-06-07T12:09:11.04-07:00"
  },
  {
    "Id": "534268",
    "Title": "Do you have an example on how to use it in asp.net web api project?",
    "LatestDate": "2014-02-23T05:46:57.043-08:00"
  },
  {
    "Id": "535808",
    "Title": "ASP.NET-Identity limit UserName length?",
    "LatestDate": "2014-03-17T04:48:35.117-07:00"
  },
  {
    "Id": "537085",
    "Title": "ASP Net Identity Multiple Application Support",
    "LatestDate": "2014-08-28T11:57:33.153-07:00"
  },
  {
    "Id": "537246",
    "Title": "[SAMPLE]Feature request :WebAPI ",
    "LatestDate": "2014-03-08T08:59:08.277-08:00"
  },
  {
    "Id": "539153",
    "Title": "SecurityStampValidator.OnValidateIdentity leads to sliding expiration",
    "LatestDate": "2014-03-16T05:33:11.76-07:00"
  },
  {
    "Id": "539156",
    "Title": "Two ways to create a confirmation-code",
    "LatestDate": "2014-03-16T05:40:52.313-07:00"
  },
  {
    "Id": "539229",
    "Title": "Username password hash setting",
    "LatestDate": "2014-03-18T03:56:59.613-07:00"
  },
  {
    "Id": "539233",
    "Title": "Async Everywhere - Why are controllers all done in this style",
    "LatestDate": "2014-03-17T13:33:39.437-07:00"
  },
  {
    "Id": "539668",
    "Title": "IUserTwoFactorStore<TUser>",
    "LatestDate": "2014-03-20T15:13:12.25-07:00"
  },
  {
    "Id": "539926",
    "Title": "MySQL update",
    "LatestDate": "2015-01-23T02:52:59.01-08:00"
  },
  {
    "Id": "540003",
    "Title": "Extension method CreateIdentity is not generic and so cannot have type arguments error",
    "LatestDate": "2014-03-24T12:54:30.803-07:00"
  },
  {
    "Id": "540085",
    "Title": "Custom implementation of Asp.Net Identity lack of posibility to implemet interface to query users&roles",
    "LatestDate": "2014-03-29T01:21:40.537-07:00"
  },
  {
    "Id": "540470",
    "Title": "Updated Custom Storage Provider Examples for WIF 2.0",
    "LatestDate": "2014-03-28T09:26:47.19-07:00"
  },
  {
    "Id": "540693",
    "Title": "Why have UserRole class as a navigation property of IdentityUser?",
    "LatestDate": "2014-04-02T10:54:56.307-07:00"
  },
  {
    "Id": "540868",
    "Title": "RoleStore missing functionality",
    "LatestDate": "2014-04-02T10:47:02.813-07:00"
  },
  {
    "Id": "541044",
    "Title": "Issue when adding external providers for logged in user",
    "LatestDate": "2014-04-04T00:50:51.583-07:00"
  },
  {
    "Id": "541542",
    "Title": "How to update AccountViewModels.cs, AccountController.cs, and Views when update to 2.0?",
    "LatestDate": "2014-04-09T10:15:20.733-07:00"
  },
  {
    "Id": "541656",
    "Title": "A Provider that runs through WCF services",
    "LatestDate": "2014-04-08T16:36:33.493-07:00"
  },
  {
    "Id": "541664",
    "Title": "QR code for authenticator app",
    "LatestDate": "2014-04-10T10:22:02.45-07:00"
  },
  {
    "Id": "541790",
    "Title": "Remapping ApplicationUser to a new table",
    "LatestDate": "2014-07-23T21:41:56.813-07:00"
  },
  {
    "Id": "541857",
    "Title": "OnModelCreating: EntityTypeConfiguration: Issue with HasRequired Mapping in Version 2",
    "LatestDate": "2014-04-10T10:57:53.327-07:00"
  },
  {
    "Id": "542208",
    "Title": "Keep getting A specified Include path is not valid for Roles, Logins, and Claims",
    "LatestDate": "2014-04-16T03:49:32.473-07:00"
  },
  {
    "Id": "542448",
    "Title": "Azure Table Storage User Store",
    "LatestDate": "2014-04-16T11:05:35.167-07:00"
  },
  {
    "Id": "542953",
    "Title": "Navigation properties in IdentityUserRole class",
    "LatestDate": "2014-04-22T18:43:05.367-07:00"
  },
  {
    "Id": "543033",
    "Title": "Azure Active Directory integration",
    "LatestDate": "2014-11-08T19:29:57.15-08:00"
  },
  {
    "Id": "543074",
    "Title": "How to set data protector invalidation time period with the DataProtectorTokenProvider",
    "LatestDate": "2014-04-23T10:03:24.313-07:00"
  },
  {
    "Id": "543112",
    "Title": "Simpler DataProtectorTokenProvider (why are we using RFC6238 by default?)",
    "LatestDate": "2014-04-23T11:04:05.69-07:00"
  },
  {
    "Id": "543115",
    "Title": "How to use new ASP.NET Identity 2.0 Roles and Authorize Attribute?",
    "LatestDate": "2015-01-14T20:55:01.723-08:00"
  },
  {
    "Id": "543501",
    "Title": "What should be my approach for using LDAP with Identity 2.0 ?",
    "LatestDate": "2014-05-05T19:14:29.65-07:00"
  },
  {
    "Id": "543618",
    "Title": "ASP.NET Identity 2.0 // CookieAuthentication with Persistent Cookie",
    "LatestDate": "2014-04-28T11:53:21.747-07:00"
  },
  {
    "Id": "543632",
    "Title": "Timeout after inactivity",
    "LatestDate": "2014-04-29T16:03:04.12-07:00"
  },
  {
    "Id": "543659",
    "Title": "asp.net identity 2.0 - How to change connection string / DbContext at runtime?",
    "LatestDate": "2014-05-05T19:21:56.89-07:00"
  },
  {
    "Id": "543794",
    "Title": "Not All Passwords Are Created (Hashed) Equal",
    "LatestDate": "2014-04-29T14:04:29.97-07:00"
  },
  {
    "Id": "544363",
    "Title": "What is new with Identity Framework 2.0.1?",
    "LatestDate": "2014-05-05T14:06:47.353-07:00"
  },
  {
    "Id": "544368",
    "Title": "Email confirmation token problem",
    "LatestDate": "2014-10-15T13:06:04.05-07:00"
  },
  {
    "Id": "544519",
    "Title": "Federated/Organization login providers + local login providers",
    "LatestDate": "2014-05-07T18:06:39.563-07:00"
  },
  {
    "Id": "544637",
    "Title": "How to get a IOwinContext object and IdentityFactoryOptions object when not using IAppBuilder startup?",
    "LatestDate": "2014-12-03T12:45:32.377-08:00"
  },
  {
    "Id": "544681",
    "Title": "Please Delete",
    "LatestDate": "2014-05-08T02:29:59.3-07:00"
  },
  {
    "Id": "545071",
    "Title": "IdentityResult type",
    "LatestDate": "2014-05-15T13:56:43.79-07:00"
  },
  {
    "Id": "545230",
    "Title": "UserManager AccessFailed Decrements instead of increments",
    "LatestDate": "2014-05-15T06:26:04.073-07:00"
  },
  {
    "Id": "545329",
    "Title": "UserManager construction",
    "LatestDate": "2014-05-14T08:14:18.723-07:00"
  },
  {
    "Id": "545584",
    "Title": "Asp.Net Identity based Authentication in Sharepoint",
    "LatestDate": "2014-05-16T09:45:32.29-07:00"
  },
  {
    "Id": "545642",
    "Title": "IUserStore Flow ",
    "LatestDate": "2014-05-16T20:55:19.137-07:00"
  },
  {
    "Id": "545662",
    "Title": "encrypt Action parameters --just like Useradmin and RoleAdmin ",
    "LatestDate": "2014-05-17T07:48:05.607-07:00"
  },
  {
    "Id": "546171",
    "Title": "Adding columns to AspNetRoles",
    "LatestDate": "2014-05-30T09:54:18.783-07:00"
  },
  {
    "Id": "546452",
    "Title": "DpapiDataProtectionProvider - Windows Azure : The data protection operation was unsuccessful.",
    "LatestDate": "2014-06-15T18:34:10.28-07:00"
  },
  {
    "Id": "546468",
    "Title": "usernames",
    "LatestDate": "2014-06-30T11:48:45.71-07:00"
  },
  {
    "Id": "546871",
    "Title": "Error in Microsoft.AspNet.Identity.Samples 2.0.0-Beta 2 ",
    "LatestDate": "2014-09-01T06:42:03.207-07:00"
  },
  {
    "Id": "546951",
    "Title": "Salesforce Authentication Provider",
    "LatestDate": "2014-05-30T09:50:30.927-07:00"
  },
  {
    "Id": "547111",
    "Title": "Complex Password Validation Requirements",
    "LatestDate": "2014-06-04T07:52:10.633-07:00"
  },
  {
    "Id": "547541",
    "Title": "Complex User lookup",
    "LatestDate": "2014-06-26T08:42:46.057-07:00"
  },
  {
    "Id": "547545",
    "Title": "Complex CookieAuthenticationOptions.LoginPath",
    "LatestDate": "2014-06-10T11:04:34.36-07:00"
  },
  {
    "Id": "548667",
    "Title": "How about supporting Model First with Identity 2.0?",
    "LatestDate": "2014-06-14T19:59:49.053-07:00"
  },
  {
    "Id": "549448",
    "Title": "Force password change upon login",
    "LatestDate": "2014-06-30T11:47:58.537-07:00"
  },
  {
    "Id": "549780",
    "Title": "GetValidTwoFactorProviders() bug",
    "LatestDate": "2014-06-26T12:22:48.187-07:00"
  },
  {
    "Id": "549902",
    "Title": "Microsoft.AspNet.Identity.EntityFramework: clarification of Roles vs Claims needs to occur",
    "LatestDate": "2014-06-30T10:51:29.433-07:00"
  },
  {
    "Id": "550377",
    "Title": "Captcha support should be included in this framework",
    "LatestDate": "2014-07-02T09:27:53.79-07:00"
  },
  {
    "Id": "550378",
    "Title": "Default primary key should (must ;)  ) be INT instead of GUID",
    "LatestDate": "2014-07-02T09:29:24.197-07:00"
  },
  {
    "Id": "550379",
    "Title": "Practical examples of using claims in authorization",
    "LatestDate": "2014-07-30T04:06:34.76-07:00"
  },
  {
    "Id": "550455",
    "Title": "How to debug/trace ASP .NET Identity?",
    "LatestDate": "2014-08-19T10:21:38.823-07:00"
  },
  {
    "Id": "550906",
    "Title": "dependency injection example for Identity 2.1 alpha 1",
    "LatestDate": "2014-07-11T09:23:05.907-07:00"
  },
  {
    "Id": "550953",
    "Title": "Re: ApplicationUserManager.Create dependency issue (issue 2297)",
    "LatestDate": "2014-07-08T10:23:33.863-07:00"
  },
  {
    "Id": "551277",
    "Title": "Issue with [Authorize]",
    "LatestDate": "2014-07-11T11:45:30.923-07:00"
  },
  {
    "Id": "553753",
    "Title": "Using a SigningManager with UserManager<TUser,TKey>",
    "LatestDate": "2014-07-24T00:03:31.083-07:00"
  },
  {
    "Id": "554320",
    "Title": "Localizing Identity error messges",
    "LatestDate": "2014-07-27T04:44:15.873-07:00"
  },
  {
    "Id": "554394",
    "Title": "Password hash algorithm in SQL",
    "LatestDate": "2014-07-31T23:50:31.39-07:00"
  },
  {
    "Id": "554604",
    "Title": "Is there a way to have MANY claims?",
    "LatestDate": "2014-08-01T16:58:19.663-07:00"
  },
  {
    "Id": "554718",
    "Title": "Authentication with ADFS and social accounts (e.g. GOOGLE) on same site",
    "LatestDate": "2014-08-01T14:14:33.733-07:00"
  },
  {
    "Id": "559967",
    "Title": "Are there some hidden guard conditions for IUserLoginStore::AddLoginAsync?",
    "LatestDate": "2014-08-06T10:05:45.49-07:00"
  },
  {
    "Id": "560332",
    "Title": "What's New in ASP.NET Identity 2.1?",
    "LatestDate": "2014-08-08T05:22:58.49-07:00"
  },
  {
    "Id": "560549",
    "Title": "Username and Email",
    "LatestDate": "2014-09-06T08:13:32.307-07:00"
  },
  {
    "Id": "561617",
    "Title": "Katana with ASP .NET Identity bug: Server cannot append header after HTTP headers have been sent",
    "LatestDate": "2014-08-28T12:24:20.46-07:00"
  },
  {
    "Id": "561828",
    "Title": "ASP.Net Identity 2.0 without Entity Framework?",
    "LatestDate": "2015-04-13T07:51:05.277-07:00"
  },
  {
    "Id": "562232",
    "Title": "How to check user and its roles in ASP.NET Identity 2.0",
    "LatestDate": "2014-09-06T08:10:00.567-07:00"
  },
  {
    "Id": "562236",
    "Title": "Multi tenant setup",
    "LatestDate": "2014-08-29T05:53:08.36-07:00"
  },
  {
    "Id": "565005",
    "Title": "Version supporting Owin 3.0",
    "LatestDate": "2014-09-02T22:42:03.213-07:00"
  },
  {
    "Id": "567899",
    "Title": "notified when a user becomes logged out ",
    "LatestDate": "2014-10-07T10:33:53.087-07:00"
  },
  {
    "Id": "568202",
    "Title": "Using Asp.Net Identity 2.0 on Windows Form Application",
    "LatestDate": "2014-09-23T15:43:51.883-07:00"
  },
  {
    "Id": "568356",
    "Title": "Indentity 2.1 - Lockout is not occuring",
    "LatestDate": "2014-10-06T17:45:02.44-07:00"
  },
  {
    "Id": "568391",
    "Title": "SignInManager - Sign In With Email",
    "LatestDate": "2014-10-05T16:55:47.107-07:00"
  },
  {
    "Id": "568570",
    "Title": "UserManager - Constraints (lockout, password, user)",
    "LatestDate": "2014-09-29T03:57:25.167-07:00"
  },
  {
    "Id": "568921",
    "Title": "Email address, Primary Key, validations Error messages and DAL",
    "LatestDate": "2014-10-15T04:34:48.007-07:00"
  },
  {
    "Id": "569180",
    "Title": "Additonal Claims not persisted",
    "LatestDate": "2014-10-06T22:38:43.8-07:00"
  },
  {
    "Id": "569450",
    "Title": "Extend Role base Security",
    "LatestDate": "2014-10-09T19:01:48.643-07:00"
  },
  {
    "Id": "569452",
    "Title": "iframe",
    "LatestDate": "2014-10-09T19:24:56.223-07:00"
  },
  {
    "Id": "569607",
    "Title": "Auditing Logins and every subsequent request?",
    "LatestDate": "2014-10-12T14:14:20.607-07:00"
  },
  {
    "Id": "569609",
    "Title": "ASP.NET Identity 2 Session",
    "LatestDate": "2014-10-12T15:28:31.597-07:00"
  },
  {
    "Id": "569835",
    "Title": "Are codeplex issues linked to/synchronized with the team's internal backlog?",
    "LatestDate": "2014-10-15T04:44:14.94-07:00"
  },
  {
    "Id": "570295",
    "Title": "Can't set 2 auth cookies with different expirations",
    "LatestDate": "2014-10-20T16:32:15.107-07:00"
  },
  {
    "Id": "570458",
    "Title": "Flow Of UserManager.CreateAsync",
    "LatestDate": "2015-02-02T08:35:31.617-08:00"
  },
  {
    "Id": "570618",
    "Title": "Dependency Injection for ASP.NET Identity 2, OAuth options",
    "LatestDate": "2014-10-25T09:17:02.67-07:00"
  },
  {
    "Id": "570761",
    "Title": "IDatabaseInitializer called with HttpContext.Current == null",
    "LatestDate": "2014-10-28T11:36:53.777-07:00"
  },
  {
    "Id": "571335",
    "Title": "How to set custom authentication cookies?",
    "LatestDate": "2014-11-05T01:04:39.91-08:00"
  },
  {
    "Id": "571556",
    "Title": "How to customize ASP.NET Identity to handle users scoped within applications?",
    "LatestDate": "2014-11-07T14:24:14.9-08:00"
  },
  {
    "Id": "571688",
    "Title": "Deny all pages without login on Asp.net Web Forms with Identity Framework and Owin",
    "LatestDate": "2015-10-13T02:45:45.32-07:00"
  },
  {
    "Id": "572141",
    "Title": "Asp.net identity unit testing",
    "LatestDate": "2014-11-23T03:45:29.773-08:00"
  },
  {
    "Id": "573929",
    "Title": "How to create password reset token without OWIN initialization?",
    "LatestDate": "2014-12-03T12:43:01.68-08:00"
  },
  {
    "Id": "574386",
    "Title": "ASP.NET Identity",
    "LatestDate": "2014-12-11T16:36:20.323-08:00"
  },
  {
    "Id": "575902",
    "Title": "Refactoring `Microsoft ASP.NET Identity Samples` to use dependency injection",
    "LatestDate": "2014-12-20T02:30:12.763-08:00"
  },
  {
    "Id": "577397",
    "Title": "Save User Login History on Session Created",
    "LatestDate": "2015-01-11T05:27:29.08-08:00"
  },
  {
    "Id": "578631",
    "Title": "deleting claims",
    "LatestDate": "2015-01-26T14:49:22.653-08:00"
  },
  {
    "Id": "579150",
    "Title": "The Default Hash Algorithm in .NET 4.0 is HMACSHA256 instead of SHA1",
    "LatestDate": "2015-02-01T04:44:53.76-08:00"
  },
  {
    "Id": "580588",
    "Title": "UseTaskFriendlySynchronizationContext setting for Identity Framework",
    "LatestDate": "2015-02-12T09:14:30.03-08:00"
  },
  {
    "Id": "581059",
    "Title": "I need a template for VB.net , web forms and Identity 2.0",
    "LatestDate": "2015-02-15T15:54:00.437-08:00"
  },
  {
    "Id": "581188",
    "Title": "asp.net identity 2.1 google authentication",
    "LatestDate": "2015-02-17T05:51:10.66-08:00"
  },
  {
    "Id": "581228",
    "Title": "N-Tiers",
    "LatestDate": "2015-02-17T13:55:01.797-08:00"
  },
  {
    "Id": "581300",
    "Title": "Identity Roles Expansion (Parent/Group Roles)",
    "LatestDate": "2015-02-18T08:49:32.357-08:00"
  },
  {
    "Id": "586278",
    "Title": "AddToRole Not working as expected",
    "LatestDate": "2015-03-16T08:22:21.097-07:00"
  },
  {
    "Id": "586364",
    "Title": "How to initialize OWIN from Session_Start (Global.asax.cs) and not from Startup.cs?",
    "LatestDate": "2015-03-15T11:50:44.33-07:00"
  },
  {
    "Id": "587920",
    "Title": "ASP.NET Identity without username and without email",
    "LatestDate": "2015-03-23T12:36:33.807-07:00"
  },
  {
    "Id": "614283",
    "Title": "ASP.NET Identity, reset password throws 'Name is already taken'",
    "LatestDate": "2015-03-25T12:09:01.287-07:00"
  },
  {
    "Id": "616487",
    "Title": "FormatException in custom IUserPasswordStore<Client> implementation",
    "LatestDate": "2015-04-02T12:56:42.987-07:00"
  },
  {
    "Id": "635985",
    "Title": "Troubleshooting an intermitenet login problem",
    "LatestDate": "2016-07-29T07:19:04.18-07:00"
  },
  {
    "Id": "637907",
    "Title": "User and Role management with local Active Directory users",
    "LatestDate": "2015-05-13T07:15:12.353-07:00"
  },
  {
    "Id": "638351",
    "Title": "Asp.Net Identity {name}Validator.cs  ErrorValue Resources.resx Localization",
    "LatestDate": "2015-05-19T21:20:32.507-07:00"
  },
  {
    "Id": "641258",
    "Title": "UserManager Setting Hashed Password",
    "LatestDate": "2015-07-13T02:57:39.16-07:00"
  },
  {
    "Id": "641620",
    "Title": "Default ASP.NET Encryption Provider?",
    "LatestDate": "2015-07-20T14:54:56.83-07:00"
  },
  {
    "Id": "641925",
    "Title": "UserManager",
    "LatestDate": "2015-07-25T11:16:41.327-07:00"
  },
  {
    "Id": "642229",
    "Title": "Custom authentication with Identity 2",
    "LatestDate": "2015-08-01T13:49:47.32-07:00"
  },
  {
    "Id": "643682",
    "Title": "Password reset token in multiple web sites using the same DB",
    "LatestDate": "2015-08-13T14:37:41.173-07:00"
  },
  {
    "Id": "643687",
    "Title": "disabling unused features in identity 2.0",
    "LatestDate": "2015-08-13T18:39:57.033-07:00"
  },
  {
    "Id": "645982",
    "Title": "Should there be an index in the AspNetUsers table Email column?",
    "LatestDate": "2015-10-08T12:48:36.963-07:00"
  },
  {
    "Id": "647571",
    "Title": "Bugs on multiple EntityType used as Application Users on single context",
    "LatestDate": "2015-11-15T07:36:12.26-08:00"
  },
  {
    "Id": "648181",
    "Title": "Callbacks in CreatePerOwinContext() never called - what's wrong?",
    "LatestDate": "2015-11-30T17:03:29.83-08:00"
  },
  {
    "Id": "648993",
    "Title": "How to persist the login information after closing Broswer?",
    "LatestDate": "2015-12-20T19:35:47.53-08:00"
  },
  {
    "Id": "650508",
    "Title": "'EntityStore<TEntity>' is inaccessible due to its protection level - Identity 2.2.1, ASP.NET 4.5",
    "LatestDate": "2016-01-26T03:29:56.023-08:00"
  },
  {
    "Id": "651054",
    "Title": "Different user types in ASP.Net Identity",
    "LatestDate": "2016-02-08T12:59:35.03-08:00"
  },
  {
    "Id": "651729",
    "Title": "Access denied when authenticated user access child application",
    "LatestDate": "2016-02-24T10:06:25.737-08:00"
  },
  {
    "Id": "652822",
    "Title": "How is the Identity database created in a new project?",
    "LatestDate": "2016-03-22T22:25:14.787-07:00"
  },
  {
    "Id": "656800",
    "Title": "Login sometimes works, sometimes doesn't",
    "LatestDate": "2016-08-05T09:50:24.583-07:00"
  },
  {
    "Id": "658280",
    "Title": "Cookie authentication not working on IIS 8.5",
    "LatestDate": "2016-10-03T15:01:56.467-07:00"
  },
  {
    "Id": "660138",
    "Title": "Identity 3.0 is for .Net Core applications, will there be any updated version for ASP.NET MVC? ",
    "LatestDate": "2016-12-14T17:49:28.017-08:00"
  },
  {
    "Id": "662269",
    "Title": "Multi Tenant App using Identity",
    "LatestDate": "2017-03-28T19:58:43.303-07:00"
  }
]