[
  {
    "Id": "1246398",
    "ThreadId": "545642",
    "Html": "Hi! Thank you for your great work on ASP.NET Identity.  I have a custom UserStore implementation that I am using with a custom storage provider.  I have noticed that when a user requires an update, like a change password, or security stamp, etc., the flow that Identity uses is as follows:<br />\n<ol>\n<li>FindById</li>\n<li>Method for related value change</li>\n<li>FindByName</li>\n<li>\nUpdate<br />\n</li>\n</ol>\nI wanted to understand the significance of step #3.  Why is this being called before every Update?\r<br />\n<br />\nThanks - Greg<br />\n",
    "PostedDate": "2014-05-16T20:55:19.137-07:00",
    "UserRole": null,
    "MarkedAsAnswerDate": null
  }
]