[
  {
    "Id": "1363539",
    "ThreadId": "586364",
    "Html": "I would like to initialize OWIN (Function: ConfigureAuth(IAppBuilder app) from Session_Start in Global.asax.cs and not from Startup.cs. (My app uses MVC 5 / asp.net identity 2.2).\r<br />\n<br />\nThis is so I can set the connectionString for ApplicationDbContext() in Session_Start.\r<br />\n<br />\nMy app is for different regions and each region has its own set of users and data that are independent of all the other regions. Therefore, I want to have separate user databases (for ApplicationDbContext). I have the info I need to set the connection string in Session_Start, but not in Startup.cs.\r<br />\n<br />\nTo achieve this goal, I was thinking the easiest would be call ConfigureAuth() from Session_Start, but I don’t know how to do that. Thanks in advance for assistance.<br />\n",
    "PostedDate": "2015-03-15T11:50:44.33-07:00",
    "UserRole": null,
    "MarkedAsAnswerDate": null
  }
]