[
  {
    "Id": "1232751",
    "ThreadId": "541857",
    "Html": "ApplicationDbContext : OnModelCreating:<br />\n<pre><code>//Just including this because I'm using this object\nEntityTypeConfiguration&lt;IdentityUserLogin&gt; entityTypeConfiguration = modelBuilder.Entity&lt;IdentityUserLogin&gt;().HasKey((IdentityUserLogin l) =&gt; new\n                    {\n                        UserId = l.UserId,\n                        LoginProvider = l.LoginProvider,\n                        ProviderKey = l.ProviderKey\n                    }).ToTable(&quot;AspNetUserLogins&quot;);            \n\n//The important bit:\nentityTypeConfiguration.HasRequired&lt;ApplicationUser&gt;((IdentityUserLogin u) =&gt; u.User);</code></pre>\n\nIn Identity version 1 this code worked just fine. After update to version 2, the &quot;u.User&quot; property is gone.\r<br />\n<br />\nThe IdentityUserLogin has the following properties now:\r<br />\nLoginProvider\r<br />\nProviderKey\r<br />\nUserId\r<br />\n<br />\nCan anyone help me figure out how to go about to set up the same relationship (probably using UserId) in version 2 as I had in version 1? <br />\n",
    "PostedDate": "2014-04-10T03:25:49.753-07:00",
    "UserRole": null,
    "MarkedAsAnswerDate": null
  },
  {
    "Id": "1232916",
    "ThreadId": "541857",
    "Html": "Move the configuration on the ApplicationUser entity\r<br />\nEntityTypeConfiguration&lt;ApplicationUser&gt; entityTypeConfiguration = modelBuilder.Entity&lt;ApplicationUser&gt;()\r<br />\n<br />\nentityTypeConfiguration.HasMany(u =&gt; u.Logins).WithRequired().HasForeignKey(ul =&gt; ul.UserId);\r<br />\n<br />\nThe configuration for the IdentityUserLogin can remain the same except the important bit statement.<br />\n",
    "PostedDate": "2014-04-10T10:57:53.327-07:00",
    "UserRole": null,
    "MarkedAsAnswerDate": null
  }
]