[
  {
    "Id": "1232464",
    "ThreadId": "541790",
    "Html": "Hi,\r<br />\n<br />\nI've repointed the ApplicationUser class to an existing table that I already had in my DB through normal EF means (Persons instead of AspNetUsers).  I did this by putting the following line in my OnModelCreating method:\r<br />\n<br />\nmodelBuilder.Entity&lt;ApplicationUser&gt;().ToTable(&quot;Persons&quot;).Property(p =&gt; p.Id).HasColumnName(&quot;PersonId&quot;);\r<br />\n<br />\nHowever, when I call add-migration some_name_here, the migration that is created is trying to do the following:\r<br />\n<br />\npublic override void Up()\r<br />\n{<br />\n<pre><code>  RenameTable(name: &quot;dbo.Person&quot;, newName: &quot;Persons&quot;);</code></pre>\n\n}\r<br />\n<br />\nThe problem is, there is not (and never has been) a table named &quot;Person&quot; - it has always been Persons (because EF likes to pluralize table names by default).  So, here I am stuck...I can't call update-database because it fails since &quot;dbo.Person&quot; doesn't exist, and I can't run the app because it keeps complaining that the model that backs the context is out of sync.\r<br />\n<br />\nI've tried deleting the database and this &quot;faulty&quot; migration above, then re-running the migrations from the &quot;initial&quot; up through the one just prior to this faulty one (which works fine) but then I still get the message that I need to call add-migration and it generates the same faulty migration again.\r<br />\n<br />\nWhere is it getting this notion that it needs to rename a non-existent table?  And any ideas on how to bypass this?<br />\n\r<br />\nI work with a team, so wiping out all of my migrations and the database and then re-enabling migrations is far from ideal (and probably still wouldn't solve my problem).<br />\n",
    "PostedDate": "2014-04-09T10:42:32.073-07:00",
    "UserRole": null,
    "MarkedAsAnswerDate": null
  },
  {
    "Id": "1276551",
    "ThreadId": "541790",
    "Html": "Did you tried editing your Up() script ?<br />\n",
    "PostedDate": "2014-07-23T21:41:56.813-07:00",
    "UserRole": null,
    "MarkedAsAnswerDate": null
  }
]