[
  {
    "Id": "1249255",
    "ThreadId": "546468",
    "Html": "are we able to use a username rather than an email address?\r<br />\n<br />\nmy site was using the username to route a profile page like <a href=\"http://www.domain.com/username\" rel=\"nofollow\">www.domain.com/username</a>\r<br />\n<br />\nwith the email address being the new username - is this possible?\r<br />\n<br />\nmanually updating the stored username from the email to a username does not allow login to work.\r<br />\n<br />\nplease advise.\r<br />\n<br />\nthanks! Jeff<br />\n",
    "PostedDate": "2014-05-24T16:00:04.993-07:00",
    "UserRole": null,
    "MarkedAsAnswerDate": null
  },
  {
    "Id": "1258737",
    "ThreadId": "546468",
    "Html": "<a href=\"https://www.dropbox.com/s/iqo3byjl4ld6vex/UserName.JPG\" rel=\"nofollow\">https://www.dropbox.com/s/iqo3byjl4ld6vex/UserName.JPG</a><br />\n<br />\nUserName = email out of the box with asp.net identity 2?<br />\n",
    "PostedDate": "2014-06-22T18:23:10.637-07:00",
    "UserRole": null,
    "MarkedAsAnswerDate": null
  },
  {
    "Id": "1261299",
    "ThreadId": "546468",
    "Html": "Nope it is not. You can choose to keep them separate. The sample packages chooses to make them same.<br />\n",
    "PostedDate": "2014-06-30T11:48:45.71-07:00",
    "UserRole": null,
    "MarkedAsAnswerDate": null
  }
]