[
  {
    "Id": "1352949",
    "ThreadId": "581059",
    "Html": "I am trying to create an application in  VB.net  and  web forms and want to use Identity 2.0.\r<br />\nThere are plenty of sites showing how to do this in C#  but none for VB.\r<br />\n<br />\nWhen I create a project .. alot of the files that were automatically generated in a C# project don't exist in the VB.net project.\r<br />\n<br />\nAre there any templates out there ... or instructions on how to build one in VB.net.\r<br />\n<br />\nthanks<br />\n",
    "PostedDate": "2015-02-15T15:54:00.437-08:00",
    "UserRole": null,
    "MarkedAsAnswerDate": null
  }
]