[
  {
    "Id": "1320156",
    "ThreadId": "571556",
    "Html": "I am working on an application which records users who registers to access some resources on web pages. I'm using ASP.NET MVC 5 with ASP.NET Identity. I use the same value for Email and for a UserName. I have a table which store webpages. I added also a WebpageId column to AspNetUsers table to identify a webpage. Actually, between AspNetUsers table and Webpage table there is many to many relationship, but for some reason I wanted to have multiple records for a user in AspNetUsers table – one for each webpage where the user is registered.\r<br />\n<br />\nIf a user with <a href=\"mailto:user@examplemail.com\" rel=\"nofollow\">user@examplemail.com</a> is registered to webpage1 it does not mean that he is registered to webpage2. When he registers to webpage2 with the same e-mail it should be actually completely invisible for him that he is already registered in the system as a user of webpage1.\r<br />\n<br />\nIn order to have multiple records with the same UserName in AspNetUsers table I removed a unique index on UserName and instead <strong>I created a unique index on two columns: UserName and WebpageId</strong>.\r<br />\n<br />\nBut when I try to register to webpage2 with the e-mail address that is already registered to webpage1, I get <strong>DbEntityValidationException</strong> with the following validation message : „__Username <a href=\"mailto:user@examplemail.com\" rel=\"nofollow\">user@examplemail.com</a> has already been taken__”. This is thrown in AccountControler.Register() method when UserManger is used to create a new user.\r<br />\n<br />\nMy first try to solve the problem was to <strong>customize the UserManager</strong> class. I created a subclass of UserManager where I overriden FindByEmailAsync and FindByNameAsync methods in a way that they look for a pair email+webpage or name+webpage:<br />\n<pre><code>var existingUser = this.db.Users\n                  .FirstOrDefault(x =&gt; x.UserName == userName &amp;&amp; \n                                       x.WebpageId == webpageId);\nreturn existingUser;</code></pre>\n\nMy second try was to additionally <strong>customize UserValidator</strong> of this UserManager. I do there something similar to the code above - try to get user with the same UserName and webpageId. When user is not found, I return IdentityResult.Success.\r<br />\n<br />\nNo success. Still having DbEntityValidationException with „Username <a href=\"mailto:user@examplemail.com\" rel=\"nofollow\">user@examplemail.com</a> has already been taken” validation error.\r<br />\n<br />\n<strong>Any idea which ASP.NET Identity component still looks for a user with a user name (without checking the webpageId)? How should I customize ASP.NET Identity to handle such a scenario?</strong>\r<br />\n<br />\n<em>FYI, I also posted a question on stackoverflow about it:</em> <a href=\"http://stackoverflow.com/questions/26810870/how-to-customize-asp-net-identity-to-handle-users-scoped-within-applications\" rel=\"nofollow\">http://stackoverflow.com/questions/26810870/how-to-customize-asp-net-identity-to-handle-users-scoped-within-applications</a><br />\n",
    "PostedDate": "2014-11-07T14:13:09.98-08:00",
    "UserRole": null,
    "MarkedAsAnswerDate": null
  },
  {
    "Id": "1320159",
    "ThreadId": "571556",
    "Html": "I paste also the exception callstack. Maybe it helps.<br />\n<blockquote>\nat System.Data.Entity.Internal.InternalContext.SaveChangesAsync(CancellationToken cancellationToken)<br />\nat System.Data.Entity.Internal.LazyInternalContext.SaveChangesAsync(CancellationToken cancellationToken)<br />\nat System.Data.Entity.DbContext.SaveChangesAsync(CancellationToken cancellationToken)<br />\nat System.Data.Entity.DbContext.SaveChangesAsync()<br />\nat Microsoft.AspNet.Identity.EntityFramework.UserStore<code>6.&lt;SaveChanges&gt;d__31.MoveNext()<br />--- End of stack trace from previous location where exception was thrown ---<br />at System.Runtime.CompilerServices.TaskAwaiter.ThrowForNonSuccess(Task task)<br />at System.Runtime.CompilerServices.TaskAwaiter.HandleNonSuccessAndDebuggerNotification(Task task)<br />at System.Runtime.CompilerServices.ConfiguredTaskAwaitable.ConfiguredTaskAwaiter.GetResult()<br />at Microsoft.AspNet.Identity.EntityFramework.UserStore</code>6.&lt;CreateAsync&gt;d__c.MoveNext()<br />\n--- End of stack trace from previous location where exception was thrown ---<br />\nat System.Runtime.CompilerServices.TaskAwaiter.ThrowForNonSuccess(Task task)<br />\nat System.Runtime.CompilerServices.TaskAwaiter.HandleNonSuccessAndDebuggerNotification(Task task)<br />\nat System.Runtime.CompilerServices.ConfiguredTaskAwaitable.ConfiguredTaskAwaiter.GetResult()<br />\nat Microsoft.AspNet.Identity.UserManager<code>2.&lt;CreateAsync&gt;d__0.MoveNext()<br />--- End of stack trace from previous location where exception was thrown ---<br />at System.Runtime.CompilerServices.TaskAwaiter.ThrowForNonSuccess(Task task)<br />at System.Runtime.CompilerServices.TaskAwaiter.HandleNonSuccessAndDebuggerNotification(Task task)<br />at System.Runtime.CompilerServices.ConfiguredTaskAwaitable</code>1.ConfiguredTaskAwaiter.GetResult()<br />\nat Microsoft.AspNet.Identity.UserManager<code>2.&lt;CreateAsync&gt;d__d.MoveNext()<br />--- End of stack trace from previous location where exception was thrown ---<br />at System.Runtime.CompilerServices.TaskAwaiter.ThrowForNonSuccess(Task task)<br />at System.Runtime.CompilerServices.TaskAwaiter.HandleNonSuccessAndDebuggerNotification(Task task)<br />at System.Runtime.CompilerServices.TaskAwaiter</code>1.GetResult()<br />\nat UserRegistrationSystem.Web.Controllers.AccountController.&lt;Register&gt;d__11.MoveNext() in i:\\Repo\\RegistrationSystem\\UserRegistrationSystem.Web\\Controllers\\AccountController.cs:line 126<br />\n</blockquote>\n",
    "PostedDate": "2014-11-07T14:24:14.9-08:00",
    "UserRole": null,
    "MarkedAsAnswerDate": null
  }
]