[
  {
    "Id": "1278330",
    "ThreadId": "554394",
    "Html": "I'm trying to create user accounts in a SQL job, but I cannot seem to figure out how the password hash column is encoded.\r<br />\n<br />\nI read on stack overflow that the same encoding that was used in Identity 1.0 is being used in 2.0, but it doesn't seem to work.\r<br />\n<br />\nThis is what I have so far for encoding the password, I think I'm missing a salt column?<br />\n<pre><code>SET @hashed_password = dbo.fbase64_encode(HASHBYTES('SHA2_512', CAST(@ClearTextPassword AS varbinary(MAX))))</code></pre>\n\nI have tried all the available HASHBYTES algorithms as well as adding the SecurityStamp as salt, nothing worked.\r<br />\n<br />\nI would be grateful if someone could shed some light on the matter. <br />\n",
    "PostedDate": "2014-07-28T03:37:59.153-07:00",
    "UserRole": null,
    "MarkedAsAnswerDate": null
  },
  {
    "Id": "1279746",
    "ThreadId": "554394",
    "Html": "You need to hash the password using Identity APIs and it might not be done directly in the SQL statement. You can create the SQL script through a console application and hash the password through PasswordHasher.HashPassword method<br />\n",
    "PostedDate": "2014-07-31T14:40:32.74-07:00",
    "UserRole": null,
    "MarkedAsAnswerDate": null
  },
  {
    "Id": "1279845",
    "ThreadId": "554394",
    "Html": "Yeah, I figured that I'll have to encapsulate the hashing logic in a CLR function that can then be called from the SQL job. Do you perhaps have an example of how Identity 2.0 hashes the password? I'm asking this because I want to avoid using the Identity API to keep the CLR as light weight as possible. I know at it's core, the API uses the Crypto library to hash the password, but I'm unsure about the exact logic?<br />\n<br />\nThanks.<br />\n",
    "PostedDate": "2014-07-31T23:50:31.39-07:00",
    "UserRole": null,
    "MarkedAsAnswerDate": null
  }
]