[
  {
    "Id": "1335092",
    "ThreadId": "575902",
    "Html": "Hello,<br />\nI've refactored <a href=\"http://www.nuget.org/packages/Microsoft.AspNet.Identity.Samples\" rel=\"nofollow\">Microsoft ASP.NET Identity Samples</a> to use dependency injection and unit of work pattern. You can find it here: <a href=\"https://github.com/VahidN/AspNetIdentityDependencyInjectionSample\" rel=\"nofollow\">AspNetIdentityDependencyInjectionSample</a><br />\n",
    "PostedDate": "2014-12-20T02:30:12.763-08:00",
    "UserRole": null,
    "MarkedAsAnswerDate": null
  }
]