[
  {
    "Id": "1262030",
    "ThreadId": "550379",
    "Html": "Many people in the community will benefit from these samples. Roles have their limitations. Claims are going to be the future of fine-grained authorization. More samples in this area will be helpful.\r<br />\nWe just should not just show a MVC action being authorized by ONE SINGLE claim. Show a practical example of how we can use multiple claims, even better, how multiple claims can be logical group and create a virtual permission set etc.\r<br />\n<br />\nThanks in advance.<br />\n",
    "PostedDate": "2014-07-02T09:34:10.89-07:00",
    "UserRole": null,
    "MarkedAsAnswerDate": null
  },
  {
    "Id": "1279092",
    "ThreadId": "550379",
    "Html": "I've done some proof-of-concept application which you can look at: <a href=\"https://github.com/trailmax/ClaimsAuthorisation/tree/SimpleClaims\" rel=\"nofollow\">https://github.com/trailmax/ClaimsAuthorisation/tree/SimpleClaims</a>\r<br />\n<br />\nIt is a prototype and not slick, but shows you how can you restrict MVC actions by having a claim. How you can have a role with claims and translate all claim-roles into user. Just poke about the code. SecretController is the one that is restricted by claims.<br />\n",
    "PostedDate": "2014-07-30T04:06:34.76-07:00",
    "UserRole": null,
    "MarkedAsAnswerDate": null
  }
]