[
  {
    "Id": "1226166",
    "ThreadId": "540003",
    "Html": "Hello,\r<br />\n<br />\nI was trying to create a vb.net application that uses integers for the identity primary keys. I have one design time error:<br />\n<pre><code>Extension method 'Public Function CreateIdentity(user As TUser, authenticationType As String) As System.Security.Claims.ClaimsIdentity' defined in 'Microsoft.AspNet.Identity.UserManagerExtensions' is not generic (or has no free type parameters) and so cannot have type arguments.</code></pre>\n\nHere is the line of code in question:<br />\n<pre><code>Dim userIdentity = manager.CreateIdentity(Of ApplicationUser, Integer)(Me, DefaultAuthenticationTypes.ApplicationCookie)</code></pre>\n\nI was sure that I was just missing something simple, so I downloaded the ChangePK sample app and converted the necessary parts to vb.net and still have the same error.\r<br />\n<br />\nNo autocomplete suggestions are shown for the &quot;Of type&quot; UserManagerExtensions. I compared my project's references to those of ChangePK and they match. My vb.net Imports statements match the c# using statements.\r<br />\n<br />\nI'm not sure what I'm missing here. Any help would be appreciated.<br />\n",
    "PostedDate": "2014-03-24T12:54:30.803-07:00",
    "UserRole": null,
    "MarkedAsAnswerDate": null
  }
]