[
  {
    "Id": "1149720",
    "ThreadId": "483752",
    "Html": "In the GetConfirmationTokenAsync and GetPasswordResetTokenAsync method in the UserManager&lt;TUser, TKey&gt; class, if your TKey is a Guid, an exception will be thrown of:<br />\n<pre><code>An unhandled exception of type 'System.InvalidCastException' occurred in mscorlib.dll\n\nAdditional information: Object must implement IConvertible.</code></pre>\n\nI tracked the error to this piece of code when tryint to convert guid to string using this method:<br />\n<pre><code>UserId = (string) Convert.ChangeType((object) userId, typeof (string))</code></pre>\n\nI'm not sure if you guys fixed this already, just posting it here.<br />\n",
    "PostedDate": "2014-01-05T08:59:49.167-08:00",
    "UserRole": null,
    "MarkedAsAnswerDate": null
  },
  {
    "Id": "1200722",
    "ThreadId": "483752",
    "Html": "@Mixmasterxp: Can you verify if you can repro this issue with the latest packages from <a href=\"http://myget.org/f/aspnetwebstacknightly\" rel=\"nofollow\">http://myget.org/f/aspnetwebstacknightly</a> . I took a look and this seems to work fine for Tkey being Guid<br />\n",
    "PostedDate": "2014-01-29T16:55:33.143-08:00",
    "UserRole": null,
    "MarkedAsAnswerDate": null
  }
]