[
  {
    "Id": "1308873",
    "ThreadId": "568570",
    "Html": "I noticed...\r<br />\n<br />\nThe UserManager has a PasswordValidator property that contains:<br />\n<pre><code>RequireDigit\nRequireLowercase\nRequireNonLetterOrDigit\nRequireUppercase\nRequiredLength</code></pre>\n\nThe UserManager has a UserValidator property that contains:<br />\n<pre><code>AllowOnlyAlphanumericUserNames\nRequireUniqueEmail</code></pre>\n\nThe UserManager has NOT a LockoutValidator property that contains:<br />\n<pre><code>DefaultAccountLockoutTimeSpan\nMaxFailedAccessAttemptsBeforeLockout\nUserLockoutEnabledByDefault</code></pre>\n\nIn other words, Identity split these 3 properties out, unlike the above two.\r<br />\nWouldn't it be more consistent if these properties were combined into a LockoutValidator?<br />\n",
    "PostedDate": "2014-09-29T03:57:25.167-07:00",
    "UserRole": null,
    "MarkedAsAnswerDate": null
  }
]