[
  {
    "Id": "1315823",
    "ThreadId": "570458",
    "Html": "I have a personalized user database that I'm using with an custom userstore that implements all the relevant interfaces.\r<br />\nI'm having trouble adding a new user and can't seem to get my head around the flow.\r<br />\nWhen I call create Async it hashes the password and calls SetPasswordHashAsync, then SetSecurityStampAsync, twice, then it tries to get the user based on EmailAddress and finally returns.\r<br />\nIn all this flow it never runs CreateAsync in the user store. This is where I would expect to add a user to the database and until this is done I can't update the password or securitystamp.\r<br />\nI'm thinking it's probably best if I skip the user manager entirely for this but my only issue is I won't then set the SecurityStamp,\r<br />\nWill this be a problem or am I looking at this in the wrong way?\r<br />\n<br />\nAs an addidtional bit of info I am not using entity framework at all.  I don't have unrestricted access to the DB so everything goes through a helper repository via the UserStore.<br />\n",
    "PostedDate": "2014-10-22T14:39:57.693-07:00",
    "UserRole": null,
    "MarkedAsAnswerDate": null
  },
  {
    "Id": "1322426",
    "ThreadId": "570458",
    "Html": "What is the IdentityResult returned ? Are there any errrors ? If the user is not being created then some validation might be failing. <br />\n",
    "PostedDate": "2014-11-14T18:29:40.707-08:00",
    "UserRole": null,
    "MarkedAsAnswerDate": null
  },
  {
    "Id": "1337361",
    "ThreadId": "570458",
    "Html": "I'm getting the exact same problem here - I've ditched the entity framework and written my own database access methods.  I've followed this:\r<br />\n<br />\n <a href=\"http://www.asp.net/identity/overview/extensibility/overview-of-custom-storage-providers-for-aspnet-identity\" rel=\"nofollow\">http://www.asp.net/identity/overview/extensibility/overview-of-custom-storage-providers-for-aspnet-identity</a>\r<br />\n<br />\nThe issue that I get is that the call to UserManager.CreateAsync(user, model.password) fails.  It also seems to make the same nonsensical calls to SetPasswordHashAsync, etc.  I'd really like to see the internals of what CreateAsync is actually doing.  At this point I'm completely stuck.  Despite being 100% sure that the values being passed into CreateAsync are valid, it's failing, and brings back a very generic &quot;Email must not be null or empty&quot; message.<br />\n",
    "PostedDate": "2014-12-26T23:20:45.56-08:00",
    "UserRole": null,
    "MarkedAsAnswerDate": null
  },
  {
    "Id": "1337534",
    "ThreadId": "570458",
    "Html": "Probably not the most helpful answer but I ended up completely bypassing the user manger for creating a user.  In the controller I first check the password with a PasswordValidator e.g. something like<br />\n<pre><code>// Check Password\n                var passwordValidate = new PasswordValidator\n                {\n                    RequiredLength = 6,\n                    RequireNonLetterOrDigit = true,\n                    RequireDigit = true,\n                    RequireLowercase = true,\n                    RequireUppercase = true,\n                };\n\n                var passResult = await passwordValidate.ValidateAsync(model.Password);\n                if (!passResult.Succeeded)\n                {\n                    valid = false;\n                    AddErrors(passResult);\n                }</code></pre>\n\nThen I check username , email address and display name doesn't exist and finally if all is ok I hash the password and manually insert the entry into the user database.  In my case I'm using email confirmation so at the end of the method I fire off an email to the user to activate their account.<br />\n",
    "PostedDate": "2014-12-28T11:18:40.497-08:00",
    "UserRole": null,
    "MarkedAsAnswerDate": null
  },
  {
    "Id": "1347962",
    "ThreadId": "570458",
    "Html": "The reason why it fails is because the method it's messed up! I spent 2 hours trying to understand why I got those error, it didn't make any sense to me.<br />\n<br />\n<a href=\"https://www.symbolsource.org/MyGet/Metadata/aspnetwebstacknightly/Project/Microsoft.AspNet.Identity.Core/2.0.0-rtm-140226/Release/Default/Microsoft.AspNet.Identity.Core/Microsoft.AspNet.Identity.Core/UserManager.cs?ImageName=Microsoft.AspNet.Identity.Core\" rel=\"nofollow\"> UserManager.cs contents</a><br />\n<br />\nIf you open the link above you will see the contents of the UserManager.cs. It becomes clear that the method it's doing the wrong thing. So first is updating the user password in the database and then creates the user. I mean ... how the hell is that even LOGIC :)<br />\n",
    "PostedDate": "2015-02-01T05:34:24.913-08:00",
    "UserRole": null,
    "MarkedAsAnswerDate": null
  },
  {
    "Id": "1348273",
    "ThreadId": "570458",
    "Html": "scuty: I think I figured it out!\r<br />\n<br />\nIn the user store, you don't actually need to make database calls to update your custom User.  All you need to do is set the properties on the user.  Then, when the call is made to your UserStore to create a new user, you update every single field on the user.  This means that you aren't actually making any database calls until your user is created.  It took me a bit to figure that out!<br />\n",
    "PostedDate": "2015-02-02T07:52:33.82-08:00",
    "UserRole": null,
    "MarkedAsAnswerDate": null
  },
  {
    "Id": "1348288",
    "ThreadId": "570458",
    "Html": "Good point! <br />\n",
    "PostedDate": "2015-02-02T08:35:31.617-08:00",
    "UserRole": null,
    "MarkedAsAnswerDate": null
  }
]