[
  {
    "Id": "1250682",
    "ThreadId": "546871",
    "Html": "There's an error in this sample.<br />\n<br />\nIf you enter UsersAdmin Index page and select edit link of any user the Edit View is presented.<br />\n<br />\nNow, in the Email field try to enter an invalid email that will bypass View validation e.g.: <a href=\"mailto:Admin@Admin.com1\" rel=\"nofollow\">Admin@Admin.com1</a> and hit Save.<br />\n<br />\nHttpPost Edit method is called with invalid ModelState. <br />\n<br />\nMethod tries to AddModelError and return to View but in the meantime the Roles property of model gets nulled somehow which in turn couses crash back in the View and Yellow Screen of Death appears.<br />\n<br />\nHappy coding,<br />\nJarosław Zwierz<br />\n",
    "PostedDate": "2014-05-28T17:43:10.863-07:00",
    "UserRole": null,
    "MarkedAsAnswerDate": null
  },
  {
    "Id": "1251350",
    "ThreadId": "546871",
    "Html": "I was unable to enter an invalid email address and submit. The client validation always handles the invalid email address. Is there another way to repro this ?<br />\n",
    "PostedDate": "2014-05-30T10:17:33.397-07:00",
    "UserRole": null,
    "MarkedAsAnswerDate": null
  },
  {
    "Id": "1251495",
    "ThreadId": "546871",
    "Html": "\r\n<div>\r\n<p><span lang=\"EN-US\" style=\"font-size:11.0pt; font-family:\">Yes, my mistake, it was in the project based on Identity sample (tested that at 4 am) not the original one.</span></p>\r\n<p><span lang=\"EN-US\" style=\"font-size:11.0pt; font-family:\"></span></p>\r\n<p><span lang=\"EN-US\" style=\"font-size:11.0pt; font-family:\">Somehow I’m able to overcome the e-mail validation by adding number to the end.</span></p>\r\n<p><span lang=\"EN-US\" style=\"font-size:11.0pt; font-family:\"></span></p>\r\n<p><span lang=\"EN-US\" style=\"font-size:11.0pt; font-family:\">If you’re curious than you can grab my project here:</span></p>\r\n<p><span lang=\"EN-US\" style=\"font-size:11.0pt; font-family:\"><a href=\"http://www.fabro.pl/download/IdentitySamples.zip\">http://www.fabro.pl/download/IdentitySamples.zip</a></span></p>\r\n<p><span lang=\"EN-US\" style=\"font-size:11.0pt; font-family:\"></span></p>\r\n<p><span lang=\"EN-US\" style=\"font-size:11.0pt; font-family:\">UID: [email removed]</span></p>\r\n<p><span lang=\"EN-US\" style=\"font-size:11.0pt; font-family:\">PWD: Admin@123456</span></p>\r\n<p><span lang=\"EN-US\" style=\"font-size:11.0pt; font-family:\">Steps: UsersAdmin=&gt;Index=&gt;Edit=&gt;add “1” at the end of Email=&gt;click Save</span></p>\r\n<p><span lang=\"EN-US\" style=\"font-size:11.0pt; font-family:\"></span></p>\r\n<p><span lang=\"EN-US\" style=\"font-size:11.0pt; font-family:\">zjerry</span></p>\r\n<p><span lang=\"EN-US\" style=\"font-size:11.0pt; font-family:\"></span></p>\r\n<p><span lang=\"EN-US\" style=\"font-size:11.0pt; font-family:\"></span></p>\r\n<div>\r\n<div style=\"border:none; border-top:solid #E1E1E1 1.0pt; padding:3.0pt 0cm 0cm 0cm\">\r\n<p><b><span style=\"font-size:11.0pt; font-family:\"></span></b></p>\r\n</div>\r\n</div>\r\n</div>\r\n",
    "PostedDate": "2014-05-30T18:25:48.18-07:00",
    "UserRole": null,
    "MarkedAsAnswerDate": null
  },
  {
    "Id": "1252567",
    "ThreadId": "546871",
    "Html": "But, since username and email are the same in the model then the error occurs if you'll edit any user email to the email that’s already taken.\r<br />\nThe Edit HttpPost method in UsersAdminController requires changes.\r<br />\nThe model is not recreated correctly when (!result.Succeeded). \r<br />\nThe View receives null Model.RolesList  and program crashes in line 29 of Edit.scshtml View.\r<br />\n<br />\nSteps to reproduce error in original sample.<br />\n<ol>\n<li>Login as admin</li>\n<li>Go to UsersAdmin</li>\n<li>Add new user</li>\n<li>\nEdit newly added user trying to change its e-mail to yours<br />\n</li>\n</ol>\nJaroslaw Zwierz<br />\n",
    "PostedDate": "2014-06-03T12:23:54.697-07:00",
    "UserRole": null,
    "MarkedAsAnswerDate": null
  },
  {
    "Id": "1254919",
    "ThreadId": "546871",
    "Html": "The username and email are the same in the samples. I believe we have a tracking item to separate them in the future releases<br />\n",
    "PostedDate": "2014-06-10T10:58:54.25-07:00",
    "UserRole": null,
    "MarkedAsAnswerDate": null
  },
  {
    "Id": "1297747",
    "ThreadId": "546871",
    "Html": "(I removed my comment because I proved it incorrect!)<br />\n",
    "PostedDate": "2014-09-01T06:42:03.207-07:00",
    "UserRole": null,
    "MarkedAsAnswerDate": null
  }
]