[
  {
    "Id": "1480101",
    "ThreadId": "656800",
    "Html": "Sometimes my asp.net identity login works, sometimes it doesn't. On the Login page I don't get an error or anything, I am just redirected back to the login page, so the fields are cleared..\r<br />\nSo I don't think it is an issue with bad login info.\r<br />\n<br />\nI think it has something to do with the ASP.NET Identity cookie. \r<br />\n<br />\nI have been doing some Googling, but the closest thing I have found is some people seeing this behavior when they are on a web farm. Solution was setting a machine key in the web config. \r<br />\n<br />\nHowever, I encounter this login problem even when I run the website in the development environment. \r<br />\n<br />\nAssistance would be greatly appreciated. <br />\n",
    "PostedDate": "2016-07-29T07:26:17.407-07:00",
    "UserRole": null,
    "MarkedAsAnswerDate": null
  },
  {
    "Id": "1480485",
    "ThreadId": "656800",
    "Html": "I've discovered that the login always seems to work on the third try. Although once I do log in successfully, it seems to work after that. I put breakpoints in and the actual sign in status is success every time, even the first two times. The problem seems to be that only when I get to the third try is the cookie actually written. Makes no sense to me. Anyone have any ideas at all???<br />\n",
    "PostedDate": "2016-08-05T09:50:24.583-07:00",
    "UserRole": null,
    "MarkedAsAnswerDate": null
  }
]