[
  {
    "Id": "1236646",
    "ThreadId": "542953",
    "Html": "In Microsoft.AspNet.Identity.EntityFramework v1.0, the IdentityUserRole class looks like this:<br />\n<pre><code>    public class IdentityUserRole\n    {\n        public IdentityUserRole();\n\n        public virtual IdentityRole Role { get; set; }\n        public virtual string RoleId { get; set; }\n        public virtual IdentityUser User { get; set; }\n        public virtual string UserId { get; set; }\n    }</code></pre>\n\nIn 2.0, it looks like this:<br />\n<pre><code>    public class IdentityUserRole\n    {\n         public IdentityUserRole()\n         public virtual TKey RoleId {get; set; }\n         public virtual TKey UserId {get; set;}\n    }</code></pre>\n\nWhy are the IdentityRole and IdentityUser navigation properties no longer there?  After upgrading, my application breaks in code like the following, where I am trying to get the role based off the ApplicationUser entity:<br />\n<pre><code>ApplicationUser user = webSecurityService.Login(model.UserName, model.Password);\nif( user.Roles.FirstOrDefault().Role.Name == &quot;csr&quot; )\n{\n   //direct to csr landing page\n}\nelse if( user.Roles.FirstOrDefault().Role.Name == &quot;user&quot; )\n{\n  //direct to user landing page\n}</code></pre>\n\nIs there a better way to check a user's role?  What am I doing wrong?<br />\n<br />\nI think I am going to hold off on upgrading for now, but I'd like to know what I am doing wrong so I can fix it when I have time.  Thanks<br />\n",
    "PostedDate": "2014-04-22T08:50:06.523-07:00",
    "UserRole": null,
    "MarkedAsAnswerDate": null
  },
  {
    "Id": "1236730",
    "ThreadId": "542953",
    "Html": "@pgaule: This is a known change in 2.0 since we now support generic primary keys. For all roles and user operations use the UserManager class instead of working with the user and role object directly <br />\n",
    "PostedDate": "2014-04-22T11:58:17.633-07:00",
    "UserRole": null,
    "MarkedAsAnswerDate": null
  },
  {
    "Id": "1236744",
    "ThreadId": "542953",
    "Html": "Well, the reason I am using the entities directly is so I can do eager loading.  For instance, right now I am doing the following:<br />\n<pre><code>      public ApplicationUser GetUser(string id)\n        {\n            return _uow.RepositoryFor&lt;ApplicationUser&gt;()\n                .GetWhere(u =&gt; u.Id == id)\n                .Include(a =&gt; a.Roles.Select(r =&gt; r.Role))\n                .FirstOrDefault();\n        }</code></pre>\n\nThis will eagerly load the related roles as part of a single database query.  If I use the UserManager.IsInRole(userId,RoleName) method, won't it make another roundtrip to the database?  It seems that forcing people to use the UserManager and RoleManager doesn't promote for very efficient database access, unless there is a way to eagerly load the roles through the standard usermanager interface?<br />\n",
    "PostedDate": "2014-04-22T12:37:52.51-07:00",
    "UserRole": null,
    "MarkedAsAnswerDate": null
  },
  {
    "Id": "1236857",
    "ThreadId": "542953",
    "Html": "Can you try setting EnableLazyLoading on the DBContext to false ?<br />\n",
    "PostedDate": "2014-04-22T18:43:05.367-07:00",
    "UserRole": null,
    "MarkedAsAnswerDate": null
  }
]