[
  {
    "Id": "1484754",
    "ThreadId": "658280",
    "Html": "I have developed an ASP.NET webapp with OWIN authentication, which works fine on my development machine (Windows 10/IIS 10), but when the webapp is published to my Windows 2012 server with IIS 8.5, the cookie authentication does not seem te work.\r<br />\n<br />\nWhen I login (with the IsPersistent setting to true) and close the browser, I am still logged on when I start my browser again, so that's OK. But when I restart IIS and startup the browser, I have to logon again.\r<br />\n<br />\nI have created a very simple application to test this, with the following code:\r<br />\n<br />\n<strong>Startup.cs</strong><br />\n<pre><code>public void ConfigureAuthentication(IAppBuilder app)\n    {\n        app.UseCookieAuthentication(new CookieAuthenticationOptions\n        {\n            AuthenticationType = DefaultAuthenticationTypes.ApplicationCookie,\n            LoginPath = new PathString(&quot;/Login&quot;),\n            CookieName = &quot;ThisIsTheAuthCookie&quot;\n        });\n    }\n</code></pre>\n\n<strong>AuthenticationController.cs</strong><br />\n<pre><code>public ActionResult Login(string userName, string password)\n    {\n        //For testing purposes every user/pwd is fine\n        var identity = new ClaimsIdentity(new [] { new Claim(ClaimTypes.Name, userName), },\n            DefaultAuthenticationTypes.ApplicationCookie,\n            ClaimTypes.Name, ClaimTypes.Role);\n\n        HttpContext.GetOwinContext().Authentication.SignIn(new AuthenticationProperties { IsPersistent = true }, identity);\n\n        return RedirectToAction(&quot;index&quot;, &quot;home&quot;);\n    }\n</code></pre>\n\nEven Chrome shows the cookie, but it looks like OWIN is not using it on IIS 8.5: \r<br />\n<img src=\"http://i.stack.imgur.com/5YyC1.png\" alt=\"Image\" />\r<br />\n<br />\nDoes anybody have an idea what the problem is?\r<br />\n<br />\nThx, Danny<br />\n",
    "PostedDate": "2016-09-27T02:50:58.657-07:00",
    "UserRole": null,
    "MarkedAsAnswerDate": null
  },
  {
    "Id": "1485199",
    "ThreadId": "658280",
    "Html": "The problem is solved. I had to add the MachineKey element in the web.config!<br />\n",
    "PostedDate": "2016-10-03T15:01:56.467-07:00",
    "UserRole": null,
    "MarkedAsAnswerDate": "2016-10-03T15:02:01.437-07:00"
  }
]