[
  {
    "Id": "1239028",
    "ThreadId": "543659",
    "Html": "I would like to do the following in my MVC 5 / asp.net identity 2.0 app:<br />\n<ol>\n<li>\nChange the connection string used by the ApplicationDBContext at runtime. I will have numerous clients, each with their own SQL database.  So at session start, I need to be able to specify the desired database / connection.<br />\n</li>\n</ol>\nI assume to class ApplicationDbContext that I add the overload.<br />\n<pre><code>    public static ApplicationDbContext Create(string connectionString)\n    {\n        return new ApplicationDbContext(connectionString);\n    }</code></pre>\n\nI also am assuming that in Startup.Auth.cs that I need to modify this line to pass in the connection string. If so, then I am having troubles here with doing just that.<br />\n<pre><code>        app.CreatePerOwinContext(ApplicationDbContext.Create); \n</code></pre>\n\nAm I going down the right road?  Am I missing anything else? I am basically stuck at this point. TIA for your help!!!<br />\n",
    "PostedDate": "2014-04-28T14:15:05.807-07:00",
    "UserRole": null,
    "MarkedAsAnswerDate": null
  },
  {
    "Id": "1241835",
    "ThreadId": "543659",
    "Html": "@TennChris - How do you plan on storing &quot;connection string&quot; per user?\r<br />\nWhen user logs in, you need to determine the right connection string first - correct?\r<br />\nWhich mean you need centralized &quot;tenant&quot; meta db...Or similar...\r<br />\n<br />\nWhat I am doing, is that I am using ASP.NET Identity in 1 DB and in another DB I keep customer data (using schema separation).\r<br />\nIn this scenario, I customized IdentityUser )call it AppUser) with additional table. Based on your design this can be 1:M (in case where 1 user has access only to 1 other db) or M:M where a user can have access to multiple DB....This approach allows you to have all the info available at the time user logs in in order to connect him/her to correct DB  at runtime.<br />\n",
    "PostedDate": "2014-05-05T19:21:56.89-07:00",
    "UserRole": null,
    "MarkedAsAnswerDate": null
  }
]