[
  {
    "Id": "1353386",
    "ThreadId": "581188",
    "Html": "I'm using trying to use Google authentication in an ASP.NET MVC application.\r<br />\nFor testing purposes I'm using the  template app generated by VS2013 Update 4\r<br />\n<br />\nIn Google settings the return URLs are properly set and Google+ API is turned on\r<br />\n<br />\nIt works fine when I publish the app to an azure website. I can login using Google accounts without any  problems.\r<br />\n<br />\nHowever I'd like to deploy it on premises but here we have a reverse proxy setup which works like this:<br />\n<ul>\n<li>the server sees itself as server01.mysite.com but this is an internal name</li>\n<li>\noutside world sees it as <a href=\"http://www.mysite.com\" rel=\"nofollow\">www.mysite.com</a> (certain paths are reverese proxied to the server01.mysite.com<br />\n</li>\n</ul>\nEssentially <a href=\"http://www.mysite.com/myapp\" rel=\"nofollow\">www.mysite.com/myapp</a> is reverse proxied to server01.mysite.com/myapp \r<br />\n<br />\nWith this setup I can't seem to use Google authentication. GetExternalLoginInfoAsync returns null and the app redirects itself to the login page.\r<br />\n<br />\nBy default the system generates a redirectUri using the private hostname. I tried changing it to the public address but this does not solve the problem.\r<br />\nBelow is what I did at startup.auth.cs<br />\n<pre><code>            app.UseGoogleAuthentication(new GoogleOAuth2AuthenticationOptions()\n            {\n                ClientId = &quot;...&quot;,\n                ClientSecret = &quot;...&quot;,\n\n                Provider = new GoogleOAuth2AuthenticationProvider\n                {\n                    OnApplyRedirect = context =&gt;\n                    {\n                        var redirectUri = context.RedirectUri.Replace(&quot;server01&quot;, &quot;www&quot;);\n                        context.Response.Redirect(redirectUri);\n                    },\n                }\n            });\n\n</code></pre>\n\nIs there anyway I can make Google authentication work in a setup like this?\r<br />\n<br />\n<br />\n<br />\nThanks<br />\n",
    "PostedDate": "2015-02-17T05:51:10.66-08:00",
    "UserRole": null,
    "MarkedAsAnswerDate": null
  }
]