[
  {
    "Id": "1229885",
    "ThreadId": "541044",
    "Html": "I'm upgrading my old web forms app to use ASP.NET Identity 2.0 - so far it's not that bad as it might sound, I have most of flows already working fine. However, I cannot crack this one where logged in user can link his Google/FCBK/Twitter account. My upgraded code is based on Identity 2.0 sample app - where this functionality works fine.\r<br />\n<br />\nUltimately, the only difference I'm seeing is when I call <br />\n<pre><code>context.HttpContext.GetOwinContext().Authentication.Challenge(properties, LoginProvider);</code></pre>\n\nWhen I compare request/response in Fiddler, for sample app I'm getting this response:<br />\n<pre><code>HTTP/1.1 302 Found\nCache-Control: private, s-maxage=0\nLocation: https://www.google.com/accounts/o8/ud?openid.ns=[edited out...]\nServer: Microsoft-IIS/8.0\nX-AspNetMvc-Version: 5.1\nX-AspNet-Version: 4.0.30319\nSet-Cookie: .AspNet.Correlation.Google=jWylFHgTb9odg-EJJjmtnBMtOCafVCIjEbWkoqEZjzE; path=/; HttpOnly\nX-SourceFiles: =?UTF-8?B?RDpcZ2l0XF9JZGVudGl0eTJBcHBcSWRlbnRpdHkyQXBwXE1hbmFnZVxMaW5rTG9naW4=?=\nX-Powered-By: ASP.NET\nDate: Thu, 03 Apr 2014 13:38:23 GMT\nContent-Length: 0\n</code></pre>\n\nwhile for my old app, response is:<br />\n<pre><code>HTTP/1.1 302 Found\nCache-Control: private, s-maxage=0\nContent-Type: text/html; charset=utf-8\nLocation: /Account/Login?ReturnUrl=%2fManageAccount%2fLinkLogin\nServer: Microsoft-IIS/8.0\nX-AspNetMvc-Version: 5.1\nX-AspNet-Version: 4.0.30319\nX-SourceFiles: =?UTF-8?B?RDpcZ2l0XEJvaGVta2Fcd2ViXE1hbmFnZUFjY291bnRcTGlua0xvZ2lu?=\nX-Powered-By: ASP.NET\nDate: Thu, 03 Apr 2014 13:39:05 GMT\nContent-Length: 170\n\n&lt;html&gt;&lt;head&gt;&lt;title&gt;Object moved&lt;/title&gt;&lt;/head&gt;&lt;body&gt;\n&lt;h2&gt;Object moved to &lt;a href=&quot;/Account/Login?ReturnUrl=%2fManageAccount%2fLinkLogin&quot;&gt;here&lt;/a&gt;.&lt;/h2&gt;\n&lt;/body&gt;&lt;/html&gt;\n</code></pre>\n\nSo, my app is not setting a cookie and obviously there is a difference in Location, where the browser is being redirected.\r<br />\n<br />\nI strongly suspect something is rewriting response in my app (as being old web forms app) but cannot find a way around it.\r<br />\n<br />\nAny suggestions will be highly appreciated.<br />\n",
    "PostedDate": "2014-04-03T06:51:25.437-07:00",
    "UserRole": null,
    "MarkedAsAnswerDate": null
  },
  {
    "Id": "1230009",
    "ThreadId": "541044",
    "Html": "@sensei_cz: Have you set the OWIN configuration for cookiemiddleware in the Startup.Auth as in the samples package. The challenge should be intercepted by the corresponding security middleware (Google, Twitter etc) and redirected to the provider.<br />\n",
    "PostedDate": "2014-04-03T11:13:33.73-07:00",
    "UserRole": null,
    "MarkedAsAnswerDate": null
  },
  {
    "Id": "1230228",
    "ThreadId": "541044",
    "Html": "Yes, my Startup.Auth.cs is pretty much the same as in the sample app, minor differences are that my IdenityUser class is called User instead of ApplicationUser.\r<br />\n<br />\nI have this part:<br />\n<pre><code>app.UseCookieAuthentication(new CookieAuthenticationOptions\n            {\n                AuthenticationType = DefaultAuthenticationTypes.ApplicationCookie,\n                LoginPath = new PathString(&quot;/Account/Login&quot;),\n                Provider = new CookieAuthenticationProvider\n                {\n                    OnValidateIdentity = SecurityStampValidator.OnValidateIdentity&lt;ApplicationUserManager, User&gt;(\n                        validateInterval: TimeSpan.FromMinutes(30),\n                        regenerateIdentity: (manager, user) =&gt; user.GenerateUserIdentityAsync(manager))\n                }\n            });</code></pre>\n\nas well as this part:<br />\n<pre><code>app.UseGoogleAuthentication();</code></pre>\n\nIt does work when I register with Google credentials, I can create local account this way (so I can go thru ChallengeResult class when registering and it works). It only does not work when I try to associate Google account to existing local account.\r<br />\n<br />\nAgain, since ChallengeResult class derive from HttpUnauthorizedResult, I suspect that somewhere in the pipeline, something decide this is HttpUnauthorized and redirects me to a local login page instead of redirecting to Google authentication endpoint. \r<br />\n<br />\nJust for a sanity check, I've compared what values I'm passing in my app and sample app when calling <br />\n<pre><code>context.HttpContext.GetOwinContext().Authentication.Challenge(properties, LoginProvider);</code></pre>\n\nand these values are exactly the same for both <strong>properties</strong> structure and <strong>LoginProvider</strong>.<br />\n",
    "PostedDate": "2014-04-04T00:50:51.583-07:00",
    "UserRole": null,
    "MarkedAsAnswerDate": null
  }
]