[
  {
    "Id": "1206543",
    "ThreadId": "531224",
    "Html": "I am trying to implement reset token functionallity. <br />\n<br />\nI am using:<br />\n<pre><code>string tokenResetPassword = await UserManager.GetPasswordResetTokenAsync(userId)\n</code></pre>\n\nBut returns a token like this:<br />\n<pre><code>UW/cj4xUj08kiGCntnWs7z1eUcWlyfNczH5IZfvf0ScTi4L1jgdkkus/Zb5ROJOWb%2b1XAVRSiBUvVGnESfEyauDDa4u%2bPDUH6D/CIpwPcFYRvLi%2b%2bq6f%2bRIhKHRTsGMV0y8lXpSZ5VqySWGSSaW9kofGage/IjW4HrvONeEtA4Szov3u7HgmqEUf0yzgivJ0\n</code></pre>\n\nThen, I compose my URL and I send it by Email to the registered user. The url to activate the account is like this:<br />\n<pre><code>http://localhost:4322/Account/Confirm/UW/cj4xUj08kiGCntnWs7z1eUcWlyfNczH5IZfvf0ScTi4L1jgdkkus/Zb5ROJOWb%2b1XAVRSiBUvVGnESfEyauDDa4u%2bPDUH6D/CIpwPcFYRvLi%2b%2bq6f%2bRIhKHRTsGMV0y8lXpSZ5VqySWGSSaW9kofGage/IjW4HrvONeEtA4Szov3u7HgmqEUf0yzgivJ0</code></pre>\n\nWhen I click, in this link, this error occurs:<br />\n<br />\nError HTTP 404.11 - Double escape sequence issue<br />\n<br />\nHow can I generate tokens with another valid formats (Guids...etc) ?<br />\n",
    "PostedDate": "2014-02-10T13:51:59.023-08:00",
    "UserRole": null,
    "MarkedAsAnswerDate": null
  },
  {
    "Id": "1207204",
    "ThreadId": "531224",
    "Html": "How to I can generate another tokens???<br />\n",
    "PostedDate": "2014-02-12T02:01:46.497-08:00",
    "UserRole": null,
    "MarkedAsAnswerDate": null
  }
]