[
  {
    "Id": "1151145",
    "ThreadId": "484132",
    "Html": "Is there any plans to integrate a role start &amp; end dates into asp.net identity? This would be a great addition to have for working with membership sites.<br />\n<br />\nExample: RoleStartDate &amp; RoleEndDate<br />\n",
    "PostedDate": "2014-01-08T17:13:55.313-08:00",
    "UserRole": null,
    "MarkedAsAnswerDate": null
  },
  {
    "Id": "1200665",
    "ThreadId": "484132",
    "Html": "@mwd: Can you elaborate a little on the scenario this would be used in ? I can see if I help you with implementing this while I take up this question with the team.<br />\n",
    "PostedDate": "2014-01-29T13:42:43.557-08:00",
    "UserRole": null,
    "MarkedAsAnswerDate": null
  }
]