[
  {
    "Id": "1232076",
    "ThreadId": "541656",
    "Html": "Hi<br />\n<br />\nThere are many situations where user account databases cannot be exposed directly to EF and a direct SQL connection.  What Is Microsoft's recommended approach to this for Identity?<br />\n<br />\nOn a couple of occasions customers have insisted that web sites are serviced entirely through WCF web services or service bus hidden behind a firewall.<br />\n<br />\nTo allow this in the past I have constructed my own RoleProvider registered this in web.config and directed all Memberships calls through my WCF interface.<br />\n<br />\nHow would I do something similar for Identity?<br />\n<br />\nMaybe this is something that could be provided as an option? Maybe a self hosting DLL that can be dropped into a server side app that then provides all the EF functionality behind a WCF service.<br />\n<br />\nthanks<br />\n<br />\nCHarker<br />\n",
    "PostedDate": "2014-04-08T16:36:33.493-07:00",
    "UserRole": null,
    "MarkedAsAnswerDate": null
  }
]