[
  {
    "Id": "1217802",
    "ThreadId": "537085",
    "Html": "In the old Forms Authentication system for ASP.Net Web Forms there was an option to store users in the database for more than one application, this would mean there would obly be a need for one Security based database.\r<br />\n<br />\nIs there an option to enable this type of option in the ASP.Net Identity database as when looking over the schema created by the examples it would appear that the DB only supports one application per database.\r<br />\n<br />\nAny help in this would be great.\r<br />\n<br />\nRegards,\r<br />\n<br />\nStuart<br />\n",
    "PostedDate": "2014-03-03T03:27:35.413-08:00",
    "UserRole": null,
    "MarkedAsAnswerDate": null
  },
  {
    "Id": "1218290",
    "ThreadId": "537085",
    "Html": "@StuartFergusonTS3: ASP.NET Identity out of the box does not support multiple applications. This needs to be added implemented by the developer as needed. It can be done in multiple ways. You can have a property on the user class that holds the application Id and use that when getting the user for the application. You can encode the applicationId in the userId and verify that the user belongs to the application once the object is read. This approach helps if you don't want to additional properties on the user<br />\n",
    "PostedDate": "2014-03-03T12:39:44.203-08:00",
    "UserRole": null,
    "MarkedAsAnswerDate": null
  },
  {
    "Id": "1218884",
    "ThreadId": "537085",
    "Html": "@suhasj Do you know if there are any plans to support this in the near future out of the box ?\r<br />\n<br />\nRegards,\r<br />\n<br />\nStuart<br />\n",
    "PostedDate": "2014-03-04T01:22:48.927-08:00",
    "UserRole": null,
    "MarkedAsAnswerDate": null
  },
  {
    "Id": "1219197",
    "ThreadId": "537085",
    "Html": "@StuartFergusonTS3: No we won't. This was a conscious decision made at the beginning of the project<br />\n",
    "PostedDate": "2014-03-04T12:52:49.397-08:00",
    "UserRole": null,
    "MarkedAsAnswerDate": null
  },
  {
    "Id": "1294119",
    "ThreadId": "537085",
    "Html": "What would be the suggested solution for this? Extending user store and all relevant code needed to be extended or use a tenant/username as the username?<br />\n",
    "PostedDate": "2014-08-27T18:45:21.873-07:00",
    "UserRole": null,
    "MarkedAsAnswerDate": null
  },
  {
    "Id": "1294393",
    "ThreadId": "537085",
    "Html": "We implemented this in ASP .NET Identity by creating our own classes and data stores.<br />\n<br />\nBasically you just create your own user object that inherits from IUser<br />\n<pre><code>    public class IdentityUser : IUser&lt;long&gt;\n    {\n        public long Id { get; set; }\n        public string UserName { get; set; }\n        public string PasswordHash { get; set; }\n        public string SecurityStamp { get; set; }\n...\n...\n        public int ApplicationID { get; set; }\n\n    }</code></pre>\n\nWe also created our own user and role stores (<a href=\"http://www.asp.net/identity/overview/extensibility/overview-of-custom-storage-providers-for-aspnet-identity\" rel=\"nofollow\">http://www.asp.net/identity/overview/extensibility/overview-of-custom-storage-providers-for-aspnet-identity</a>)<br />\n<br />\nBut we did this mainly because this stuff uses Entity Framework, and there are no FREE entity framework drivers for DB2.  NHibernate still rocks here and many other places.<br />\n",
    "PostedDate": "2014-08-28T11:57:33.153-07:00",
    "UserRole": null,
    "MarkedAsAnswerDate": null
  }
]