[
  {
    "Id": "1239519",
    "ThreadId": "543794",
    "Html": "My site runs off a custom database with custom hashing.  I previously had the site setup with an extended MembershipProvider but am now upgrading the site to MVC5 and .NET Identity.\r<br />\n<br />\nI've created custom User/Role Stores and have plugged them into the UserManager.\r<br />\n<br />\nMy issue is that the IPasswordHasher doesn't pass in the user object, only the password itself as a string.\r<br />\n<br />\nThis would be fine for creating new passwords but not for verifying.  My custom system will periodically change the amount of iterations on the hash and sometimes even the hashing mechanism itself.  I keep a record of how the password was hashed and use this to calculate the hash against whatever profile was used to verify the passwords match.\r<br />\n<br />\nI know the User Manager isn't open sourced yet but is there anyway to see what methods in UserManager are using the password Hasher so I can override them.\r<br />\n<br />\nFailing that can anyone think of an obvious way around this?\r<br />\n<br />\nMany Thanks<br />\n",
    "PostedDate": "2014-04-29T13:01:43.3-07:00",
    "UserRole": null,
    "MarkedAsAnswerDate": null
  },
  {
    "Id": "1239539",
    "ThreadId": "543794",
    "Html": "The symbols packages for the UserManager are available on codeplex. You can refer this link to setup the symbols packages and debug through the code <a href=\"http://www.symbolsource.org/Public/Home/VisualStudio\" rel=\"nofollow\">http://www.symbolsource.org/Public/Home/VisualStudio</a> <br />\n",
    "PostedDate": "2014-04-29T14:04:29.97-07:00",
    "UserRole": null,
    "MarkedAsAnswerDate": null
  }
]