[
  {
    "Id": "1205057",
    "ThreadId": "530201",
    "Html": "Hi.\r<br />\n<br />\nI am trying to disable a user using:\r<br />\n<br />\nIdentityResult confirmUserResult = await UserManager.SetConfirmedAsync(userId, false);\r<br />\n<br />\nHowever, after &quot;disable&quot; the user, I try to login with the related user and I can do it.\r<br />\n<br />\n<strong>How can I disable a User?</strong><br />\n",
    "PostedDate": "2014-02-08T11:52:31.787-08:00",
    "UserRole": null,
    "MarkedAsAnswerDate": null
  },
  {
    "Id": "1206458",
    "ThreadId": "530201",
    "Html": "@Fran_gg7: the SetConfirmed which is revised in beta to be more specific is SetEmailConfirmed. This method is used to confirm the email address of the user. There is no flag that is specific to disabling a current user that is built in the framework. Users are free to add a separate property to handle this. In addition you can open an issue and the team can triage it to see if this should go in the framework. <br />\n",
    "PostedDate": "2014-02-10T10:41:41.057-08:00",
    "UserRole": null,
    "MarkedAsAnswerDate": null
  },
  {
    "Id": "1222086",
    "ThreadId": "530201",
    "Html": "What I do is add a custom IsApproved bool property to my ApplicationUser model and modify my Login method in the AccountController to also check if user.IsApproved == true (where it does the IsLockedOutAsync() and CheckPasswordAsync() checks). <br />\n<br />\nIIRC the old Membership providers have such functionality built-in. I too feel that is essential feature that should go into the framework. It is not uncommon (in fact for me it is very common) for user accounts to need to get disabled, suspended, etc.<br />\n",
    "PostedDate": "2014-03-12T13:53:22.123-07:00",
    "UserRole": null,
    "MarkedAsAnswerDate": null
  },
  {
    "Id": "1225334",
    "ThreadId": "530201",
    "Html": "Please add an option, so that new accounts can be manually approved/disabled by the webmaster. If a new user completes the registration process and the email verification, there should be an option to let the user know that the account is pending webmaster approval before full access is granted. Please make this functionality part of the new ASP.NET Identity! This should work with local database and with Microsoft, Facebook, etc. accounts.\r<br />\n<br />\nThank you!<br />\n",
    "PostedDate": "2014-03-21T11:29:55.693-07:00",
    "UserRole": null,
    "MarkedAsAnswerDate": null
  },
  {
    "Id": "1225864",
    "ThreadId": "530201",
    "Html": "Looks like Account Lockout in just released v2 should fit this need now, no? <a href=\"http://blogs.msdn.com/b/webdev/archive/2014/03/20/test-announcing-rtm-of-asp-net-identity-2-0-0.aspx\" rel=\"nofollow\">http://blogs.msdn.com/b/webdev/archive/2014/03/20/test-announcing-rtm-of-asp-net-identity-2-0-0.aspx</a> <br />\n",
    "PostedDate": "2014-03-24T01:02:52.973-07:00",
    "UserRole": null,
    "MarkedAsAnswerDate": null
  },
  {
    "Id": "1252161",
    "ThreadId": "530201",
    "Html": "Account Lockout is also triggered by invalid login attempts.  Is there a way to distinguish that from user approval status?  It would be a nice feature.<br />\n",
    "PostedDate": "2014-06-02T13:16:45.787-07:00",
    "UserRole": null,
    "MarkedAsAnswerDate": null
  },
  {
    "Id": "1252204",
    "ThreadId": "530201",
    "Html": "@Sofling: you could add a new property to verify that and the check when logging in<br />\n",
    "PostedDate": "2014-06-02T15:47:09.237-07:00",
    "UserRole": null,
    "MarkedAsAnswerDate": null
  }
]