[
  {
    "Id": "1452427",
    "ThreadId": "647571",
    "Html": "In project Microsoft.AspNet.Identity.EntityFramework,\r<br />\nClass IdentityDbContext method ValidateEntity..\r<br />\nValidating against user table directly will cause the application which use multiple EntityType as application users error when creating different EntityType with same email or username..\r<br />\nExample:<br />\n<ul>\n<li>Type A Inherit IdentityUser</li>\n<li>\nType B Inherit IdentityUser<br />\n</li>\n</ul>\nType A &amp; B cannot have same email or username<br />\n",
    "PostedDate": "2015-11-15T07:36:12.26-08:00",
    "UserRole": null,
    "MarkedAsAnswerDate": null
  }
]