[
  {
    "Id": "1227895",
    "ThreadId": "540470",
    "Html": "Anyone know where the updated custom storage provider examples are for WIF 2.0.\r<br />\n<br />\nI see the 1.0 version here: <a href=\"http://www.asp.net/identity/overview/extensibility/overview-of-custom-storage-providers-for-aspnet-identity\" rel=\"nofollow\">http://www.asp.net/identity/overview/extensibility/overview-of-custom-storage-providers-for-aspnet-identity</a>\r<br />\n<br />\nand here: <a href=\"http://www.asp.net/identity/overview/extensibility/implementing-a-custom-mysql-aspnet-identity-storage-provider\" rel=\"nofollow\">http://www.asp.net/identity/overview/extensibility/implementing-a-custom-mysql-aspnet-identity-storage-provider</a>\r<br />\n<br />\nAny chance of getting an updated version for WIF 2.0?  Not all of us have Entity Framework providers for our database...<br />\n",
    "PostedDate": "2014-03-28T09:26:47.19-07:00",
    "UserRole": null,
    "MarkedAsAnswerDate": null
  }
]