[
  {
    "Id": "1262027",
    "ThreadId": "550378",
    "Html": "Default primary key should be INT instead of GUID. Using GUID may not be a practical option in many real world applications. Storage and performance will become an immediate issue very quickly even in a medium sized application.\r<br />\n<br />\nMany applications refer to this userid  in many parts of the application such as created by, modified by, approved by, removed by etc.\r<br />\n<br />\nUnless I am missing something, what is the motivation of making it guid to begin with?<br />\n",
    "PostedDate": "2014-07-02T09:29:24.197-07:00",
    "UserRole": null,
    "MarkedAsAnswerDate": null
  }
]