[
  {
    "Id": "1218033",
    "ThreadId": "537246",
    "Html": "Is it possible to add webapi capability ?<br />\n",
    "PostedDate": "2014-03-03T07:58:21.68-08:00",
    "UserRole": null,
    "MarkedAsAnswerDate": null
  },
  {
    "Id": "1220078",
    "ThreadId": "537246",
    "Html": "@MikeJTD: Do you mean add web api functionality to an existing application. The way AccountController works would be different though.<br />\n",
    "PostedDate": "2014-03-06T14:13:00.84-08:00",
    "UserRole": null,
    "MarkedAsAnswerDate": null
  },
  {
    "Id": "1220617",
    "ThreadId": "537246",
    "Html": "I mean in the sample application adding webapi to be able to interact true really RestFull http call\r<br />\nExactly what the Vs2013 wizard offer but applied to the new Identity:\r<br />\n<br />\nIn the VS2013 wizard you can create an application MVC+WEBAPI +Individual User account.<br />\n",
    "PostedDate": "2014-03-08T08:20:03.19-08:00",
    "UserRole": null,
    "MarkedAsAnswerDate": null
  },
  {
    "Id": "1220627",
    "ThreadId": "537246",
    "Html": "Exactly this :  <a href=\"http://www.asp.net/vnext/overview/authentication/individual-accounts-in-aspnet-web-api\" rel=\"nofollow\">http://www.asp.net/vnext/overview/authentication/individual-accounts-in-aspnet-web-api</a><br />\n",
    "PostedDate": "2014-03-08T08:59:08.277-08:00",
    "UserRole": null,
    "MarkedAsAnswerDate": null
  }
]