[
  {
    "Id": "1208141",
    "ThreadId": "531803",
    "Html": "<em>Oops</em>, sorry for posting this in ASP.NET Identity by mistake, moderators please delete.<br />\n<br />\nIs it possible to call a TVF in EF6 Code First?<br />\n<br />\nI started a new project using EF6 Database first and EF was able to import a TVF into the model and call it just fine.<br />\n<br />\nBut updating the model became very time consuming and problematic with the large read-only db with no RI that I'm stuck dealing with.<br />\n<br />\nSo I tried to convert to EF6 code first using the Power Tools Reverse Engineering tool to generate a context and model classes.<br />\n<br />\nUnfortunately the Reverse Engineering tool didn't import the TVFs.<br />\n<br />\nNext I tried to copy the DBFunctions from my old Database First DbContext to the new Code First DbContext, but that gave me an error that my TVF:<br />\n&quot;cannot be resolved into a valid type or function&quot;.<br />\n<br />\nIs it possible to create a code first Fluent mapping for TVFs?<br />\nIf not, is there a work-around?<br />\nI guess I could use SPs instead of TVFs, but was hoping I could use mostly TVFs to deal with the problematic DB I'm stuck with.<br />\n<br />\nThanks<br />\n",
    "PostedDate": "2014-02-13T15:33:56.703-08:00",
    "UserRole": null,
    "MarkedAsAnswerDate": null
  }
]