[
  {
    "Id": "1234810",
    "ThreadId": "542448",
    "Html": "I'm currently in the process of updating the open source Azure Table Storage user store for Identity Provider 2.0. It can be found on GitHub:\r<br />\n<br />\n<a href=\"https://github.com/JamesRandall/AccidentalFish.AspNet.Identity.Azure\" rel=\"nofollow\">https://github.com/JamesRandall/AccidentalFish.AspNet.Identity.Azure</a>\r<br />\n<br />\nBug reports welcome.\r<br />\n<br />\nQuite a few people are using this now, would be happy to discuss how it might better track / form part of the main release.<br />\n",
    "PostedDate": "2014-04-16T11:05:35.167-07:00",
    "UserRole": null,
    "MarkedAsAnswerDate": null
  }
]