[
  {
    "Id": "1353543",
    "ThreadId": "581228",
    "Html": "Hello.\r<br />\n<br />\nI wonder how to use Identity ASP.NET on a n-tier design.\r<br />\n<br />\nI have a DLL that provides all the business logic, except authentication and authorization.\r<br />\n<br />\nI would like to implement it using ASP.NET Identity, but I'm finding it difficult to expose the classes of this DLL to the MVC design.\r<br />\n<br />\nIf you can name any example or reading material, this would be very welcome.\r<br />\n<br />\nThank you.<br />\n",
    "PostedDate": "2015-02-17T13:55:01.797-08:00",
    "UserRole": null,
    "MarkedAsAnswerDate": null
  }
]