[
  {
    "Id": "1237098",
    "ThreadId": "543074",
    "Html": "It looks like the Identity framework invalidates DataProtectorTokenProvider codes after 90 seconds.\r<br />\n<br />\nHow can I increase this time period to allow my users more time?<br />\n",
    "PostedDate": "2014-04-23T08:15:44.517-07:00",
    "UserRole": null,
    "MarkedAsAnswerDate": null
  },
  {
    "Id": "1237167",
    "ThreadId": "543074",
    "Html": "You can configure it through the TokeLifeSpan property on the DataProtectorTokenProvider when instantiating it<br />\n",
    "PostedDate": "2014-04-23T09:59:16.833-07:00",
    "UserRole": null,
    "MarkedAsAnswerDate": "2014-04-23T11:06:02.77-07:00"
  },
  {
    "Id": "1237168",
    "ThreadId": "543074",
    "Html": "Thanks!!<br />\n",
    "PostedDate": "2014-04-23T10:03:24.313-07:00",
    "UserRole": null,
    "MarkedAsAnswerDate": null
  }
]