[
  {
    "Id": "1308065",
    "ThreadId": "568356",
    "Html": "Hi,\r<br />\n<br />\nI've been configuring and re-configuring, but lockout is not being triggered for Identity 2.1.  When shouldLockout is true, the &quot;AccessFailedCount&quot; is incremented and after three attempts the LockoutDateUtc is set, but &quot;LockoutEnabled&quot; is not flagged.  I'm not sure why sample code has setting shoulLockout as false, since it doesn't increment &quot;AccessFailedCount&quot;. \r<br />\n<br />\nvar manager = new ApplicationUserManager( new UserStore&lt;ApplicationUser&gt;( new ApplicationDbContext() ) )<br />\n<pre><code>        {\n            // when new user is created, they will be &quot;lockable&quot; based on setting. \n            UserLockoutEnabledByDefault = true,\n            DefaultAccountLockoutTimeSpan = 10,\n            MaxFailedAccessAttemptsBeforeLockout = 3\n        };\n</code></pre>\n\n_userManager = HttpContext.Current.GetOwinContext().GetUserManager&lt;ApplicationUserManager&gt;();\r<br />\n<br />\n_signInManager = new ApplicationSignInManager( m_userManager, HttpContext.Current.GetOwinContext().Authentication );\r<br />\n<br />\nvar status = _signInManager.PasswordSignIn( request.UserName, request.Password, request.RememberMe,<br />\n<pre><code>                shouldLockout: true);\n</code></pre>\n\nYour help would be greatly appreciated!<br />\n",
    "PostedDate": "2014-09-25T06:20:33.443-07:00",
    "UserRole": null,
    "MarkedAsAnswerDate": null
  },
  {
    "Id": "1308088",
    "ThreadId": "568356",
    "Html": "Also, I can set lockout based on LockoutEndDateUtc, but my understanding was signInmanager was supposed to handle it.<br />\n",
    "PostedDate": "2014-09-25T07:44:38.613-07:00",
    "UserRole": null,
    "MarkedAsAnswerDate": null
  },
  {
    "Id": "1308715",
    "ThreadId": "568356",
    "Html": "Edit: Please ignore the post below, not had my coffee yet. Leaving it here incase it helps anyone else.<br />\n<br />\nProblem line is here.<br />\n<pre><code>    DefaultAccountLockoutTimeSpan = 10,</code></pre>\n\nYou are setting the account lockout value to 10 'ticks', i.e. 10 milliseconds. <br />\n<br />\nTry setting it to two hours. <br />\n<pre><code>DefaultAccountLockoutTimeSpan = new TimeSpan(2, 0, 0);</code></pre>\n\n<strong>Other things to check.</strong><br />\nHow you are you seeding your users? I was pushing them in from XML and didn't populate the SecurityStamp field. Ensure this is setup correctly and use a user you have created using the identity system.<br />\n<br />\nI migrated from using forms security and had not updated my web. config. Relevant bits should look like this.  \n<br />\n<pre><code>\n&lt;system.web&gt;\n    &lt;authentication mode=&quot;None&quot; /&gt;\n  &lt;/system.web&gt;\n  &lt;system.webServer&gt;\n    &lt;modules&gt;\n      &lt;remove name=&quot;FormsAuthenticationModule&quot; /&gt;\n    &lt;/modules&gt;\n  &lt;/system.webServer&gt;\n</code></pre>\n\n<hr />\nThis caught me out too until I looked at the source code. <br />\n<br />\nYou need to ensure the MaxFailedAccessAttemptsBeforeLockout is set to a value other than 0 otherwise the Access failed count will be set to 0 by default. <br />\n<br />\nIf it is set to 0 then it will lock the account out by setting the lockout end date to some value and reset the access failed out to 0. even on the first failed attempt. <br />\n<br />\nHopefully you are using IOC, if so then ensure your registration looks something like the following. <br />\n<pre><code>container.Register&lt;UserManager&lt;User, int&gt;, UserManager&lt;User, int&gt;&gt;();\ncontainer.RegisterInitializer&lt;UserManager&lt;User, int&gt;&gt;(x =&gt; x.MaxFailedAccessAttemptsBeforeLockout = 5);</code></pre>\n\nTo understand what's going on under the hood take a look at the following method. <br />\n<pre><code>      public virtual async Task&lt;IdentityResult&gt; AccessFailedAsync(TKey userId)\n        {\n            var store = GetUserLockoutStore();\n            var user = await FindByIdAsync(userId).WithCurrentCulture();\n\n            // If this puts the user over the threshold for lockout, lock them out and reset the access failed count\n            var count = await store.IncrementAccessFailedCountAsync(user).WithCurrentCulture();\n            if (count &gt;= MaxFailedAccessAttemptsBeforeLockout)\n            {\n                await store.SetLockoutEndDateAsync(user, DateTimeOffset.UtcNow.Add(DefaultAccountLockoutTimeSpan));\n                await store.ResetAccessFailedCountAsync(user).WithCurrentCulture();\n            }\n            return await UpdateAsync(user).WithCurrentCulture();\n        }</code></pre>\n\nAs an asside, please can the team move over to using IOC in the examples as opposed to poor mans injection using owin call backs and those ugly management classes. Spent too much time refactorring the examples to get them working in production style code. <br />\n<br />\nCheers<br />\n<br />\nSteve<br />\n",
    "PostedDate": "2014-09-28T06:39:26.79-07:00",
    "UserRole": null,
    "MarkedAsAnswerDate": null
  },
  {
    "Id": "1310339",
    "ThreadId": "568356",
    "Html": "Hello Everyone,\r<br />\n<br />\nWe have an application using a old membership database that we have migrated to the new format (Identity ASP.NET 2.1) using the instructions detailed here <a href=\"http://www.asp.net/identity/overview/migrations/migrating-an-existing-website-from-sql-membership-to-aspnet-identity\" rel=\"nofollow\">http://www.asp.net/identity/overview/migrations/migrating-an-existing-website-from-sql-membership-to-aspnet-identity</a>.  Login process its working OK but We could not get the &quot;AccessFailedCount&quot; field be increased. \r<br />\n<br />\nNote: We are using Visual Studio 2013 Web Project template to migrate existing code. \r<br />\n<br />\n<br />\nAny help is welcome. Thanks in advance<br />\n",
    "PostedDate": "2014-10-03T12:56:14.933-07:00",
    "UserRole": null,
    "MarkedAsAnswerDate": null
  },
  {
    "Id": "1310346",
    "ThreadId": "568356",
    "Html": "Hi Alvaritus,<br />\n<ol>\n<li>\nMake sure you have the following configured in UserManager( using UserManager class as in the url):<br />\n</li>\n</ol>\n<pre><code>public class UserManager : UserManager&lt;User&gt;\n\n__//this is a mock up of what I believe you have__\npublic static UserManager Create(\n                 IdentityFactoryOptions&lt;UserManager&gt; options,\n                 IOwinContext context\n            )\n        {\nUserLockoutEnabledByDefault = true,\nDefaultAccountLockoutTimeSpan = new TimeSpan(2, 0, 0)\nMaxFailedAccessAttemptsBeforeLockout = 3\n};</code></pre>\n\n<ol>\n<li>At the sign in logic, set shouldLockout to true</li>\n</ol>\n<pre><code>var status = signInManager.PasswordSignIn( userName, password, rememberMe,\n                    __shouldLockout: true__);\n</code></pre>\n\nHope this helps<br />\n",
    "PostedDate": "2014-10-03T13:24:16.95-07:00",
    "UserRole": null,
    "MarkedAsAnswerDate": null
  },
  {
    "Id": "1310377",
    "ThreadId": "568356",
    "Html": "Softling76 : Thanks for your answer!<br />\n<br />\nThe model that comes in the default web project in Visual Studio 2013 update 3 already contains these the settings that you mentioned. :(<br />\n<h2>I paste a summary of my code below :</h2>\n<strong>public partial class Startup {</strong><br />\n<pre><code>    // For more information on configuring authentication, please visit http://go.microsoft.com/fwlink/?LinkId=301883\n    public void ConfigureAuth(IAppBuilder app)\n    {\n        // Configure the db context, user manager and signin manager to use a single instance per request\n        app.CreatePerOwinContext(CustomApplicationDbContext.Create);\n        app.CreatePerOwinContext&lt;CustomUserManager&gt;(CustomUserManager.Create);\n        app.CreatePerOwinContext&lt;CustomApplicationSignInManager&gt;(CustomApplicationSignInManager.Create);\n\n        // Enable the application to use a cookie to store information for the signed in user\n        // and to use a cookie to temporarily store information about a user logging in with a third party login provider\n        // Configure the sign in cookie\n        app.UseCookieAuthentication(new CookieAuthenticationOptions\n        {\n            AuthenticationType = DefaultAuthenticationTypes.ApplicationCookie,\n            LoginPath = new PathString(&quot;/Account/Login&quot;),\n            Provider = new CookieAuthenticationProvider\n            {\n                OnValidateIdentity = SecurityStampValidator.OnValidateIdentity&lt;CustomUserManager, CustomUser&gt;(\n                    validateInterval: TimeSpan.FromMinutes(30),\n                    regenerateIdentity: (manager, user) =&gt; user.GenerateUserIdentityAsync(manager))\n            }\n        });</code></pre>\n\n<hr />\n<strong>public class CustomUserManager : UserManager&lt;CustomUser&gt;</strong><br />\n<pre><code>{\n    public CustomUserManager()\n        : base(new UserStore&lt;CustomUser&gt;(CustomApplicationDbContext.Create()))\n    {\n        this.PasswordHasher = new SQLPasswordHasher();\n    }\n\n    public CustomUserManager(UserStore&lt;CustomUser&gt; userStore)\n        : base(userStore)\n    {\n        this.PasswordHasher = new SQLPasswordHasher();\n    }\n\n    public static CustomUserManager Create(IdentityFactoryOptions&lt;CustomUserManager&gt; options, IOwinContext context)\n    {\n        var manager = new CustomUserManager(new UserStore&lt;CustomUser&gt;(context.Get&lt;CustomApplicationDbContext&gt;()));\n\n\n        // Configure validation logic for usernames\n        manager.UserValidator = new UserValidator&lt;CustomUser&gt;(manager)\n        {\n            AllowOnlyAlphanumericUserNames = false,\n            RequireUniqueEmail = true\n        };\n\n        // Configure validation logic for passwords\n        manager.PasswordValidator = new PasswordValidator\n        {\n            RequiredLength = 6,\n            RequireNonLetterOrDigit = true,\n            RequireDigit = true,\n            RequireLowercase = true,\n            RequireUppercase = true,\n        };\n\n        // Register two factor authentication providers. This application uses Phone and Emails as a step of receiving a code for verifying the user\n        // You can write your own provider and plug it in here.\n        manager.RegisterTwoFactorProvider(&quot;Phone Code&quot;, new PhoneNumberTokenProvider&lt;CustomUser&gt;\n        {\n            MessageFormat = &quot;Your security code is {0}&quot;\n        });\n        manager.RegisterTwoFactorProvider(&quot;Email Code&quot;, new EmailTokenProvider&lt;CustomUser&gt;\n        {\n            Subject = &quot;Security Code&quot;,\n            BodyFormat = &quot;Your security code is {0}&quot;\n        });\n\n        __// Configure user lockout defaults\n        manager.UserLockoutEnabledByDefault = true;\n        manager.DefaultAccountLockoutTimeSpan = TimeSpan.FromMinutes(5);\n        manager.MaxFailedAccessAttemptsBeforeLockout = 5;__\n\n        manager.EmailService = new EmailService();\n        manager.SmsService = new SmsService();\n        var dataProtectionProvider = options.DataProtectionProvider;\n        if (dataProtectionProvider != null)\n        {\n            manager.UserTokenProvider = new DataProtectorTokenProvider&lt;CustomUser&gt;(dataProtectionProvider.Create(&quot;ASP.NET Identity&quot;));\n        }\n        return manager;\n    }\n    }</code></pre>\n\n<hr />\n<strong>public class CustomApplicationSignInManager : SignInManager&lt;CustomUser, string&gt;</strong><br />\n<pre><code>{\n    public CustomApplicationSignInManager(CustomUserManager userManager, IAuthenticationManager authenticationManager) :\n        base(userManager, authenticationManager) { }\n\n    public override Task&lt;ClaimsIdentity&gt; CreateUserIdentityAsync(CustomUser user)\n    {\n        return user.GenerateUserIdentityAsync((CustomUserManager)UserManager);\n    }\n\n    public static CustomApplicationSignInManager Create(IdentityFactoryOptions&lt;CustomApplicationSignInManager&gt; options, IOwinContext context)\n    {\n        return new CustomApplicationSignInManager(context.GetUserManager&lt;CustomUserManager&gt;(), context.Authentication);\n    }\n}</code></pre>\n\n<hr />\n<strong>Login.ASPX</strong><br />\n<br />\n protected void LoginButton_Click(object sender, EventArgs e)<br />\n<pre><code>     {\n        if (IsValid)\n        {\n            // Validate the user password\n            var manager = Context.GetOwinContext().GetUserManager&lt;CustomUserManager&gt;();\n            var signinManager = Context.GetOwinContext().GetUserManager&lt;CustomApplicationSignInManager&gt;();\n\n\n\n            // This doen't count login failures towards account lockout\n            // To enable password failures to trigger lockout, change to shouldLockout: true\n            __var result = signinManager.PasswordSignIn(UserName.Text, Password.Text, false, shouldLockout: true);__\n            var user = manager.FindByName(UserName.Text);\n            switch (result)\n            {\n                case SignInStatus.Success:\n                    //IdentityHelper.RedirectToReturnUrl(Request.QueryString[&quot;ReturnUrl&quot;], Response);\n                    if ( user != null)\n                    {\n                        manager.ResetAccessFailedCountAsync(user.Id);    \n                    }\n\n                     Response.Redirect(&quot;~/Default.aspx&quot;,false);\n                     Context.ApplicationInstance.CompleteRequest();\n                    break;\n                case SignInStatus.LockedOut:\n                    Response.Redirect(&quot;../Account/Lockout&quot;);\n                    break;\n                case SignInStatus.RequiresVerification:\n                    Response.Redirect(String.Format(&quot;../Account/TwoFactorAuthenticationSignIn?ReturnUrl={0}&amp;RememberMe={1}&quot;,\n                                                    Request.QueryString[&quot;ReturnUrl&quot;],\n                                                    false),\n                                      true);\n                    break;\n                case SignInStatus.Failure:\n                default:\n                    FailureText.Text = &quot;No pudo ingresar al sitio, por favor verifique la información ingresada&quot;;\n                    //if (user != null)\n                    //{\n                    //    if (manager.SupportsUserLockout &amp;&amp; manager.GetLockoutEnabled(user.Id))\n                    //    {\n                    //        manager.AccessFailed(user.Id);\n                    //    }\n                    //    manager.AccessFailed(user.Id); \n                    //}\n                    break;\n            }\n        }\n    }\n</code></pre>\n\n",
    "PostedDate": "2014-10-03T14:49:09.14-07:00",
    "UserRole": null,
    "MarkedAsAnswerDate": null
  },
  {
    "Id": "1310991",
    "ThreadId": "568356",
    "Html": "I let my solution to the problem, maybe if it helps someone. \r<br />\n<br />\nThe method called PasswordSignIn, performs e-mail validation. The class called &quot;CustomUser&quot; that inherits from the base class &quot;IdentityUser&quot; has a small error (described in the article that I mentioned before --- <a href=\"http://www.asp.net/identity/overview/migrations/migrating-an-existing-website-from-sql-membership-to-aspnet-identity\" rel=\"nofollow\">http://www.asp.net/identity/overview/migrations/migrating-an-existing-website-from-sql-membership-to-aspnet-identity</a>)\r<br />\n<br />\nThe class implements a Email property that its base class already has, So mail validator fails (null reference). To solve the problem, you must remove the Email property of the derived class &quot;CustomUser&quot;<br />\n",
    "PostedDate": "2014-10-06T17:45:02.44-07:00",
    "UserRole": null,
    "MarkedAsAnswerDate": null
  }
]