[
  {
    "Id": "1366668",
    "ThreadId": "587920",
    "Html": "I am using Azure Table Storage with ASP.NET Identity.\r<br />\nUser can login only with social accounts. No email, username nor password.\r<br />\n<br />\nASP.NET Identity forces me to have a username.\r<br />\nWhat shell I do?\r<br />\n<br />\nAs a workaround I dropped ASP.NET Identity and currently I am suing custom service called AccountService to accomplish that.<br />\n",
    "PostedDate": "2015-03-18T07:56:18.313-07:00",
    "UserRole": null,
    "MarkedAsAnswerDate": null
  },
  {
    "Id": "1391003",
    "ThreadId": "587920",
    "Html": "Username is mandatory for using Identity. You can use username as email which you get from the social login if you don't want to make username mandatory<br />\n",
    "PostedDate": "2015-03-23T12:36:33.807-07:00",
    "UserRole": null,
    "MarkedAsAnswerDate": null
  }
]