[
  {
    "Id": "1195387",
    "ThreadId": "524415",
    "Html": "I get lot of compiltation error on my 2.0.0-alpha code as for <br />\n<pre><code>            app.Use(typeof(IdentityFactoryMiddleware&lt;DbContext, IdentityFactoryOptions&lt;DbContext&gt;&gt;),\n                new IdentityFactoryOptions&lt;DbContext&gt;()\n                {\n                    Provider = new IdentityFactoryProvider&lt;DbContext&gt;()\n                    {\n                        OnCreate = (options) =&gt; createCallback()\n                    }\n                });</code></pre>\n\nError\t1\tDelegate 'System.Func&lt;Microsoft.AspNet.Identity.Owin.IdentityFactoryOptions&lt;System.Data.Entity.DbContext&gt;,Microsoft.Owin.IOwinContext,System.Data.Entity.DbContext&gt;' does not take 1 arguments\tE:\\WebAPI\\DatwendoManager\\ConnectorManagerRole\\Extensions\\OwinExtensions.cs\t31\t36\tConnectorManagerRole<br />\n",
    "PostedDate": "2014-01-24T05:45:49.517-08:00",
    "UserRole": null,
    "MarkedAsAnswerDate": null
  },
  {
    "Id": "1199172",
    "ThreadId": "524415",
    "Html": "Ok got some help from @suhasbj, thanks, \r<br />\nhere <a href=\"http://blogs.msdn.com/b/webdev/archive/2013/12/20/announcing-preview-of-microsoft-aspnet-identity-2-0-0-alpha1.aspx?PageIndex=1#comments\" rel=\"nofollow\">http://blogs.msdn.com/b/webdev/archive/2013/12/20/announcing-preview-of-microsoft-aspnet-identity-2-0-0-alpha1.aspx?PageIndex=1#comments</a><br />\n",
    "PostedDate": "2014-01-27T15:04:09.737-08:00",
    "UserRole": null,
    "MarkedAsAnswerDate": null
  },
  {
    "Id": "1221190",
    "ThreadId": "524415",
    "Html": "Can you please post what you had to change this code to?<br />\ni am struggling with the same chunk of code, and don't understand what @suhasbj is telling me in the comment you referenced.\r<br />\nThanks\r<br />\n<br />\nPaul<br />\n",
    "PostedDate": "2014-03-10T13:30:22.877-07:00",
    "UserRole": null,
    "MarkedAsAnswerDate": null
  },
  {
    "Id": "1221196",
    "ThreadId": "524415",
    "Html": "I have totally rewritten my code several time since this question including autofac, so I don't totally remember the steps.<br />\n<br />\nNow I have someting as<br />\n<pre><code>        app.CreatePerOwinContext(ConnectorDbContext.Create);\n        // Configure the UserManager\n        app.CreatePerOwinContext&lt;MyUserManager&gt;(MyUserManager.Create);\n</code></pre>\n\nwith<br />\n<pre><code>        public static MyUserManager Create(IdentityFactoryOptions&lt;MyUserManager&gt; options,IOwinContext oContext)\n        {\n            var manager                         = new MyUserManager(new CustomUserStore(oContext.Get&lt;ConnectorDbContext&gt;()));\n            manager.UserValidator               = new UserValidator&lt;MyUser, int&gt;(manager)\n            {\n                AllowOnlyAlphanumericUserNames  = false,\n                RequireUniqueEmail              = false // true\n            };\n            manager.PasswordValidator           = new MinimumLengthValidator(6);\n            var dataProtectionProvider          = options.DataProtectionProvider;\n            if (dataProtectionProvider != null)\n            {\n                manager.UserTokenProvider       = new DataProtectorTokenProvider&lt;MyUser,int&gt;(dataProtectionProvider.Create(&quot;ASP.NET Identity&quot;));\n\n            }\n            return manager;\n        }</code></pre>\n\nHope it could help you....in this desert of informations :)<br />\n",
    "PostedDate": "2014-03-10T13:41:29.08-07:00",
    "UserRole": null,
    "MarkedAsAnswerDate": null
  },
  {
    "Id": "1221204",
    "ThreadId": "524415",
    "Html": "Thanks, that seems to have done the trick....not sure yet since i can't build due to one additional error.....maybe you have an idea?\r<br />\n \r<br />\nI copied from the Sample that changes the PK to int.....and this function is complaining.<br />\n<pre><code> public static IAppBuilder UseDbContextFactory(this IAppBuilder app, Func&lt;DbContext&gt; createCallback)\n        {\n            if (app == null)\n            {\n                throw new ArgumentNullException(&quot;app&quot;);\n            }\n            if (createCallback == null)\n            {\n                throw new ArgumentNullException(&quot;createCallback&quot;);\n            }\n\n\n            app.Use(\n                typeof(IdentityFactoryMiddleware&lt;DbContext, IdentityFactoryOptions&lt;DbContext&gt;&gt;),\n                new IdentityFactoryOptions&lt;DbContext&gt;()\n                    {\n                        Provider = new IdentityFactoryProvider&lt;DbContext&gt;(){ OnCreate = (options) =&gt; createCallback() }\n                    }\n                );\n            \n            return app;\n        }\n</code></pre>\n\nThe error msg is:<br />\n<pre><code>Delegate 'System.Func&lt;Microsoft.AspNet.Identity.Owin.IdentityFactoryOptions&lt;System.Data.Entity.DbContext&gt;,Microsoft.Owin.IOwinContext,System.Data.Entity.DbContext&gt;' does not take 1 arguments  </code></pre>\n\nI am still pretty new to this, so i am not really sure what the syntax is even.....so hard to figure out what to change.\r<br />\n<br />\nThanks again for your help so far!<br />\n",
    "PostedDate": "2014-03-10T14:03:22.997-07:00",
    "UserRole": null,
    "MarkedAsAnswerDate": null
  },
  {
    "Id": "1221212",
    "ThreadId": "524415",
    "Html": "I am not sure you need this code now.\r<br />\nTry removing it.<br />\n",
    "PostedDate": "2014-03-10T14:24:04.377-07:00",
    "UserRole": null,
    "MarkedAsAnswerDate": null
  }
]