[
  {
    "Id": "1286679",
    "ThreadId": "559967",
    "Html": "I am splitting up the calls to the User and Login stores for the identity framework to match a clients layered architecture. Basically a webapi fronts the Microsoft.AspNet.Identity.EntityFramework.UserStore.  I have this working correctly for aspnetUsers table. I am also seeing queries executed against the AspNetUserLogins table so I believe I have setup the store correctly. However when i call AddLoginAsync, nothing happens. I have confirmed I have values for the user.Id, login.ProviderKey and login.LoginProvider. The user.Id matches an existing user in AspNetUsers table. \r<br />\n<br />\nIs there some other data that is required for an add to work?\r<br />\n<br />\nThanks!<br />\n",
    "PostedDate": "2014-08-05T14:21:33.113-07:00",
    "UserRole": null,
    "MarkedAsAnswerDate": null
  },
  {
    "Id": "1287160",
    "ThreadId": "559967",
    "Html": "Since nobody is biting, here is some more detail. The web application has a UserStore&lt;ApplicationUser&gt; setup but instead of using the default entityframework UserStore, it makes httpclient calls to a webapi 2 project. This in turn calls my custom store, currently wrapping the EntityFramework default store as shown below. All of this works correctly except for adding a login: i.e I can add users this way, query users and logins. I have verified that when AddLoginAsync is called, no sql sent to the databse via sql profiler. I stuck in some error handling just in case the UserStore was trying to tell me something, but it silently fails. \r<br />\n<br />\nHere is the repository implementation, stripped a bit to shorten it up for posting here. <br />\n<pre><code>using System;\nusing System.Runtime.ExceptionServices;\nusing System.Threading.Tasks;\nusing Microsoft.AspNet.Identity;\nusing Microsoft.AspNet.Identity.EntityFramework;\nusing SHP.CommonTypes.WebFramework;\n\nnamespace SHP.DAL.WebFramework\n{\n    public class UserRepository \n    {\n        private UserStore&lt;ApplicationUser&gt; _backend = new UserStore&lt;ApplicationUser&gt;(new ApplicationDbContext());\n\n        // IUserStore methods \n        public async Task CreateAsync(ApplicationUser user)\n        {\n            await _backend.CreateAsync(user);\n        }\n\n        public async Task UpdateAsync(ApplicationUser user)\n        {\n            await _backend.UpdateAsync(user);\n        }\n\n        public async Task&lt;ApplicationUser&gt; FindByIdAsync(string userId)\n        {\n            var user = await _backend.FindByIdAsync(userId);\n            return user;\n        }\n\n        public async Task&lt;ApplicationUser&gt; FindByNameAsync(string userName)\n        {\n            var user = await _backend.FindByNameAsync(userName);\n            return user;\n        }\n\n        //IUserLoginStore methods\n        public async Task AddLoginAsync(ApplicationUser user, UserLoginInfo login)\n        {\n            ExceptionDispatchInfo capturedException = null;\n            try\n            {\n                await _backend.AddLoginAsync(user, login);\n            }\n            catch (Exception ex)\n            {\n                capturedException = ExceptionDispatchInfo.Capture(ex);\n            }\n            if (capturedException != null)\n            {\n                await ExceptionHandler();\n\n                capturedException.Throw();\n            }\n        }\n\n        private async static Task ExceptionHandler() { }\n\n        public async Task&lt;ApplicationUser&gt; FindAsync(UserLoginInfo login)\n        {\n            var user = await _backend.FindAsync(login);\n            return user;\n        }\n    }\n    \n}</code></pre>\n\nAny ideas of things to try to make this code do an sql insert with AddLoginAsync would be appreciated!<br />\n",
    "PostedDate": "2014-08-06T10:05:45.49-07:00",
    "UserRole": null,
    "MarkedAsAnswerDate": null
  }
]