[
  {
    "Id": "1291460",
    "ThreadId": "561617",
    "Html": "We are receiving the following error hundreds of times a day after switching our authentication system to ASP .NET Identity:<br />\n<br />\nServer cannot append header after HTTP headers have been sent<br />\n<br />\nThe error has been discussed in great detail here: <a href=\"http://katanaproject.codeplex.com/discussions/540202\" rel=\"nofollow\">http://katanaproject.codeplex.com/discussions/540202</a><br />\n<br />\nThe issue appears to be in Microsoft.Owin.Host.SystemWeb and the solution appears to be to remove the dependency on Microsoft.Owin.Host.SystemWeb until some future version of .NET framework is able to fix the issue as described by the user &quot;thatcher&quot; on Jul 31 at 8:15 AM.<br />\n<br />\nMy question is, how can I remove that dependency with ASP .NET Identity framework?  It seems to rely on it in many places such as calling GetOwinContext() on the HttpContext object.<br />\n<br />\nThoughts on how to fix this Katana bug with ASP .NET Identity?<br />\n",
    "PostedDate": "2014-08-19T12:30:30.82-07:00",
    "UserRole": null,
    "MarkedAsAnswerDate": null
  },
  {
    "Id": "1294408",
    "ThreadId": "561617",
    "Html": "Bump... Hoping someone can give us an ETA on fix...  Our log administrators are raising eyebrows with all the event log errors due to this bug. <br />\n",
    "PostedDate": "2014-08-28T12:24:20.46-07:00",
    "UserRole": null,
    "MarkedAsAnswerDate": null
  }
]