[
  {
    "Id": "1287307",
    "ThreadId": "560332",
    "Html": "Could someone please direct me to a &quot;What's New&quot; document for 2.1?  I'd like to know whether it's safe for me to upgrade my NuGet packages.\r<br />\n<br />\nThanks<br />\n",
    "PostedDate": "2014-08-06T13:19:48.347-07:00",
    "UserRole": null,
    "MarkedAsAnswerDate": null
  },
  {
    "Id": "1287837",
    "ThreadId": "560332",
    "Html": "The release blog post should have enough information \r<br />\n<br />\n<a href=\"http://blogs.msdn.com/b/webdev/archive/2014/08/05/announcing-rtm-of-asp-net-identity-2-1-0.aspx\" rel=\"nofollow\">http://blogs.msdn.com/b/webdev/archive/2014/08/05/announcing-rtm-of-asp-net-identity-2-1-0.aspx</a><br />\n",
    "PostedDate": "2014-08-07T15:55:38.137-07:00",
    "UserRole": null,
    "MarkedAsAnswerDate": null
  },
  {
    "Id": "1288007",
    "ThreadId": "560332",
    "Html": "Thanks!  My initial Googling did not reveal this blog post.<br />\n",
    "PostedDate": "2014-08-08T05:22:58.49-07:00",
    "UserRole": null,
    "MarkedAsAnswerDate": null
  }
]