[
  {
    "Id": "1454062",
    "ThreadId": "648181",
    "Html": "In Startup.cs I am using Lambdas to create an instance of my <code>UserManager</code> class:<br />\n<pre><code>app.CreatePerOwinContext(() =&gt; new IdentityContext(&quot;AuthDatabase&quot;));\napp.CreatePerOwinContext((IdentityFactoryOptions&lt;UserManager&gt; options, IOwinContext owin) =&gt; new UserManager(new UserStore&lt;User, Role, Guid, UserLogin, UserRole, UserClaim&gt;(owin.Get&lt;IdentityContext&gt;()), options.DataProtectionProvider));\n</code></pre>\n\n.\r<br />\nIn one of my controllers I'm using a Lambda to retrieve the <code>UserManager</code> instance:<br />\n<pre><code>private UserManager UserManager =&gt; _userMan ?? (_userMan = Request.GetOwinContext().GetUserManager&lt;UserManager&gt;());\n</code></pre>\n\nBut this line doesn't execute above Lambdas. Instead <code>GetUserManager()</code> always returns <code>null</code>.\r<br />\n<br />\n.\r<br />\nWhat's wrong with above code? Why are the callbacks never called?<br />\n",
    "PostedDate": "2015-11-30T17:03:29.83-08:00",
    "UserRole": null,
    "MarkedAsAnswerDate": null
  }
]