[
  {
    "Id": "1241769",
    "ThreadId": "544368",
    "Html": "I have some more complex scenario than in examples. I create an user account without setting password and send the confirmation email. During the conformation user is setting password and confirming email. Unfortunately I'm getting the &quot;Invalid token&quot; error. Here is my code:<br />\n<pre><code>[HttpPost]\n        [ValidateAntiForgeryToken]\n        public async Task&lt;ActionResult&gt; Create(CreateViewModel model)\n        {\n            if (ModelState.IsValid)\n            {\n                var user = new AppUser { UserName = model.Email, Email = model.Email, FirstName = model.Name, LastName = model.Surname };\n\n                try\n                {\n                    await userRepository.InsertAndSubmitAsync(user);\n\n                    var userManager = HttpContext.GetOwinContext().GetUserManager&lt;AppUserManager&gt;();\n                    var code = await userManager.GenerateEmailConfirmationTokenAsync(user.Id);\n                    var callbackUrl = Url.Action(&quot;SetPassword&quot;, &quot;Account&quot;, new { area = &quot;&quot;, userId = user.Id, code = code }, protocol: Request.Url.Scheme);\n                    await userManager.SendEmailAsync(user.Id, AppConstants.EmailSubjectPrefix + &quot; Account Creation&quot;, &quot;Your account was created.&lt;br/&gt;Click &lt;a href=\\&quot;&quot; + callbackUrl + &quot;\\&quot;&gt;here&lt;/a&gt; to activate your account and set password.&quot;);\n\n                    this.Success(&quot;Account created.&quot;);\n                    return RedirectToAction(&quot;Index&quot;);\n                }\n                catch (Exception)\n                {\n                    this.Error(&quot;Error!&quot;);\n                }\n            }\n\n            // If we got this far, something failed, redisplay form\n            return View(model);\n        }</code></pre>\n\nAnd the SetPassword Action<br />\n<pre><code>//\n        // GET: /Account/ForgotPassword\n        [AllowAnonymous]\n        public ActionResult SetPassword(int? userId, string code)\n        {\n            SetPasswordViewModel model = new SetPasswordViewModel()\n            {\n                UserId = userId,\n                Code = code\n            };\n\n            return View(model);\n        }\n\n        //\n        // POST: /Account/ForgotPassword\n        [HttpPost]\n        [AllowAnonymous]\n        [ValidateAntiForgeryToken]\n        public async Task&lt;ActionResult&gt; SetPassword(SetPasswordViewModel model)\n        {\n            if (model.UserId == null || model.Code == null)\n            {\n                return View(&quot;Error&quot;);\n            }\n\n            if (ModelState.IsValid)\n            {\n                var result = await UserManager.ConfirmEmailAsync(model.UserId.Value, model.Code);\n\n                if (result.Succeeded)\n                {\n                    result = await UserManager.ChangePasswordAsync(model.UserId.Value, String.Empty, model.Password);\n                    var user = await UserManager.FindByIdAsync(model.UserId.Value);\n\n                    if (result.Succeeded)\n                    {\n                        AuthenticationManager.SignOut();\n                        return View(&quot;ConfirmEmail&quot;);\n                    }\n\n                    AddErrors(result);\n                    return View();\n                }\n\n                AddErrors(result);\n                return View();\n            }\n\n            // If we got this far, something failed, redisplay form\n            return View(model);\n        }</code></pre>\n\nBoth actions are in differen controllers and areas. In Controller where I crate user I use my own user repository class and the asp.net identity UserManager. When I debug everywhere the code is correct but the &quot;Invalid token.&quot; error is returned. \r<br />\n<br />\nAnybody can help me to solve this problem?<br />\n",
    "PostedDate": "2014-05-05T14:00:49.097-07:00",
    "UserRole": null,
    "MarkedAsAnswerDate": null
  },
  {
    "Id": "1242015",
    "ThreadId": "544368",
    "Html": "Nobody?<br />\n",
    "PostedDate": "2014-05-06T05:29:54.637-07:00",
    "UserRole": null,
    "MarkedAsAnswerDate": null
  },
  {
    "Id": "1313735",
    "ThreadId": "544368",
    "Html": "The problem is this line<br />\n<pre><code>var code = await userManager.GenerateEmailConfirmationTokenAsync(user.Id);</code></pre>\n\nThe answer is to change it to this<br />\n<pre><code>var code = Url.Encode(await UserManager.GenerateEmailConfirmationTokenAsync(user.Id));</code></pre>\n\n",
    "PostedDate": "2014-10-15T13:06:04.05-07:00",
    "UserRole": null,
    "MarkedAsAnswerDate": null
  }
]