[
  {
    "Id": "1238559",
    "ThreadId": "543501",
    "Html": "I have a requirement to be able to identify users using their organizational intranet Active Directory account, was looking all around the web and found providers for Facebook, MS, Twitter, but no MS Active Directory (not Azure as it is intranet).\r<br />\n<br />\nHow can I allow Active Directory to identify my users and be able to keep data about then in the IdentityContext ?\r<br />\n<br />\nAnyone had this requirement as well? <br />\n",
    "PostedDate": "2014-04-27T12:00:24.54-07:00",
    "UserRole": null,
    "MarkedAsAnswerDate": null
  },
  {
    "Id": "1238944",
    "ThreadId": "543501",
    "Html": "@ofiris: I am not sure if you are using Active Directory in Azure, but let me know if this post <a href=\"http://www.cloudidentity.com/blog/2014/02/20/ws-federation-in-microsoft-owin-componentsa-quick-start/\" rel=\"nofollow\">http://www.cloudidentity.com/blog/2014/02/20/ws-federation-in-microsoft-owin-componentsa-quick-start/</a> is helpful<br />\n",
    "PostedDate": "2014-04-28T11:19:05.917-07:00",
    "UserRole": null,
    "MarkedAsAnswerDate": null
  },
  {
    "Id": "1239527",
    "ThreadId": "543501",
    "Html": "@sushaj: Thanks for the link, in the original post I mention it is not Azure, it is an intranet website, thanks.<br />\n",
    "PostedDate": "2014-04-29T13:34:54.427-07:00",
    "UserRole": null,
    "MarkedAsAnswerDate": null
  },
  {
    "Id": "1241832",
    "ThreadId": "543501",
    "Html": "@ofiris: Can you clarify - Are you looking to \r<br />\n1) add on premise AD as another &quot;external&quot; login or \r<br />\n2) are you wanting to use it for local accounts?\r<br />\n<br />\nIn case of 1) I would start looking into how FB, Google, and other providers &quot;hook in&quot; via OWIN.\r<br />\nAs for #2) I am not sure how you would go about it. Currently ASP.NET Identity is built around DbContext wich depends on DB backend...To use AD you'd have to almost start from scratch....In which case this may help: <a href=\"http://weblogs.asp.net/imranbaloch/archive/2014/04/08/a-sample-of-onion-architecture-with-asp-net-identity.aspx\" rel=\"nofollow\">http://weblogs.asp.net/imranbaloch/archive/2014/04/08/a-sample-of-onion-architecture-with-asp-net-identity.aspx</a>\r<br />\n<br />\nHTH\r<br />\nzam<br />\n",
    "PostedDate": "2014-05-05T19:14:29.65-07:00",
    "UserRole": null,
    "MarkedAsAnswerDate": null
  }
]