[
  {
    "Id": "1238902",
    "ThreadId": "543618",
    "Html": "Hi, <br />\n<br />\nI have the following scenario:<br />\n<ol>\n<li>User logs in and enables persisting of the Authentication Cookie. As it happens the sliding expiry time span is quite long (probably couple of weeks)</li>\n<li>After they are done with their work they close the browser (other instances of the IE may still be open). </li>\n<li>\nAfter 10 - 15 minutes they run the application again and they will be logged in automatically because they have have chosen to persist the authentication cookie.<br />\n</li>\n</ol>\nFor the application I am working on, it is very important to intercept this automatic log in and log this event. <br />\n<br />\nI am sure I'd be able to implement this feature if I knew what code of the OWIN Cookie Authentication Middleware reads the Authentication Cookie, deserializes it, creates an instance of ClaimsIdentity and finally attaches it to the current HttpContext upon every request.<br />\n<br />\nAny ideas?<br />\n<br />\nThanks!<br />\n<br />\nZen<br />\n",
    "PostedDate": "2014-04-28T10:11:20.367-07:00",
    "UserRole": null,
    "MarkedAsAnswerDate": null
  },
  {
    "Id": "1238948",
    "ThreadId": "543618",
    "Html": "@UncleZen: The 'AuthenticateCoreAsync' method in the CookieAuthenticationMiddleware class takes care of this. You can check that method. Additionally you can step into the code since the symbols are available. Check out this page for more details <a href=\"https://katanaproject.codeplex.com/wikipage?title=Debugging&amp;referringTitle=Documentation\" rel=\"nofollow\">https://katanaproject.codeplex.com/wikipage?title=Debugging&referringTitle=Documentation</a> <br />\n",
    "PostedDate": "2014-04-28T11:23:55-07:00",
    "UserRole": null,
    "MarkedAsAnswerDate": null
  },
  {
    "Id": "1238962",
    "ThreadId": "543618",
    "Html": "@suhasj: Did you mean the CookieAuthenticationHandler class? As far as I can see the CokkieAuthenticationMiddleware does not have such a method.<br />\n<br />\nAnyways, do you know how does the method AuthenticateCoreAsync get called. As well are you aware of any events that are raised in such a cases?<br />\n<br />\nThanks!<br />\n<br />\nZen<br />\n",
    "PostedDate": "2014-04-28T11:53:21.747-07:00",
    "UserRole": null,
    "MarkedAsAnswerDate": null
  }
]