[
  {
    "Id": "1215748",
    "ThreadId": "535808",
    "Html": "How can I limit the UserName field in the table AspNetUsers?\r<br />\n<br />\nNeither this:<br />\n<pre><code>public class ApplicationUser : IdentityUser\n{\n    [Required, MaxLength(15)]\n    public string UserName { get; set; }\n}</code></pre>\n\nor this:<br />\n<pre><code>modelBuilder.Entity&lt;ApplicationUser&gt;().Property(x =&gt; x.UserName).HasMaxLength(15);</code></pre>\n\nworks.\r<br />\n<br />\nI need this because setting an Index on a &quot;nvarchar(max)&quot; gives me this error msg:<br />\n<pre><code>Column 'UserName' in table 'dbo.AspNetUsers' is of a type that is invalid for use as a key column in an index.\n</code></pre>\n\nTo be verbose, I was trying to set the indexes like this:<br />\n<pre><code>public override void Up()\n{\n    CreateIndex(&quot;dbo.AspNetUsers&quot;, &quot;UserName&quot;, true, &quot;IX_UserName&quot;);\n}\n\npublic override void Down()\n{\n    DropIndex(&quot;dbo.AspNetUsers&quot;, &quot;IX_UserName&quot;);\n}</code></pre>\n\n",
    "PostedDate": "2014-02-27T10:24:34.45-08:00",
    "UserRole": null,
    "MarkedAsAnswerDate": null
  },
  {
    "Id": "1220081",
    "ThreadId": "535808",
    "Html": "@Yustme: This is fixed for 2.0.0. The username is limited to 256 characters and is made an index. Hope this solves the issue<br />\n",
    "PostedDate": "2014-03-06T14:18:42.88-08:00",
    "UserRole": null,
    "MarkedAsAnswerDate": null
  },
  {
    "Id": "1220083",
    "ThreadId": "535808",
    "Html": "Hi,\r<br />\n<br />\nAlright, any idea if I can limit it even further with fluent api or maxlength attribute?\r<br />\nAnd when will 2.0.0 be released? I don't see it appear yet in the nuget.<br />\n",
    "PostedDate": "2014-03-06T14:22:10.233-08:00",
    "UserRole": null,
    "MarkedAsAnswerDate": null
  },
  {
    "Id": "1220422",
    "ThreadId": "535808",
    "Html": "The 2.0.0-beta1 is already on nuget and <br />\n<pre><code>     var entity = modelBuilder.Entity&lt;ApplicationUser&gt;();\n        entity.Property(x =&gt; x.UserName).HasMaxLength(50);</code></pre>\n\nworks on those bits. <br />\n",
    "PostedDate": "2014-03-07T11:43:02.37-08:00",
    "UserRole": null,
    "MarkedAsAnswerDate": null
  },
  {
    "Id": "1220469",
    "ThreadId": "535808",
    "Html": "Beta... aiight, guess ill wait for the final. good to know I can limit it even further with the modelbuilder like in my first post.<br />\n",
    "PostedDate": "2014-03-07T15:23:39.33-08:00",
    "UserRole": null,
    "MarkedAsAnswerDate": null
  },
  {
    "Id": "1223468",
    "ThreadId": "535808",
    "Html": "@Yustme: I tried to set the UserName as my custom Firstname + Lastname properties. It sets it ok. But when I try to log in fails. Is this because the password is hashed using the email as salt? any way I can override this to still use the email as hash at login time but use the username as username?<br />\n<br />\nSorry I know I should have started a new question. I apologise.<br />\n",
    "PostedDate": "2014-03-17T04:48:35.117-07:00",
    "UserRole": null,
    "MarkedAsAnswerDate": null
  }
]