[
  {
    "Id": "1287923",
    "ThreadId": "560549",
    "Html": "Hi,<br />\n<br />\nI am building a .net MVC5 with EF6 app and I have hit a bit of a problem in the early stages which is quite frustrating as it is slowing down my progress.<br />\n<br />\nBasically, I have a 'Register' section where I am allowing users to register for an individual account. The fields they have are - Email, Username, Password, Password Confirmation.<br />\n<br />\nNow, when the user is registered, I would like a way to be able to authenticate the user via Email and password only. The site only requires the username when looking at the activity stream or the user profile. e.g. <a href=\"http://www.example.com/{username\" rel=\"nofollow\">www.example.com/{username</a>}<br />\n<br />\nIs there a way to enable email and password authentication without having to hack at the core code.<br />\n<br />\nI appreciate any advice or guidance.<br />\n<br />\nThank you in advance.<br />\n<br />\nMike<br />\n",
    "PostedDate": "2014-08-08T00:35:01.46-07:00",
    "UserRole": null,
    "MarkedAsAnswerDate": null
  },
  {
    "Id": "1288622",
    "ThreadId": "560549",
    "Html": "I am making an assumption that you are writing code based on the 2013 template. You control the registration view, correct? Could you make the username field hidden, and set it to be the email address behind the scenes?<br />\n",
    "PostedDate": "2014-08-10T05:46:53.287-07:00",
    "UserRole": null,
    "MarkedAsAnswerDate": null
  },
  {
    "Id": "1289014",
    "ThreadId": "560549",
    "Html": "Hi,\r<br />\n<br />\nThank you for the reply.\r<br />\n<br />\nI am not using the 2013 template as I prefer to start with an empty solution and build up the application at a steady pace only including what I require.\r<br />\n<br />\nAs such, I am using the identity features however, rolling my own implementation taking into account the repository pattern and other useful architectures.\r<br />\n<br />\nAnyways - I had a good google around and found a great article which explains exactly how to do what I wanted which was the following:<br />\n<ul>\n<li>Users will register with username, email and password and they will store in the relevant fields in Identity users table.</li>\n<li>Users can authenticate with either the username/password combo, or the email/password combo.</li>\n<li>This will automatically be detected during the postback and the correct c# methods will be run depending on the input. </li>\n<li>\nIn order to do this, I have to create an extended method (based on <strong><em>UserManager.FindAsync(model.UserName, model.Password);</em></strong>) which will do the exact same thing except do a look up on email rather than username<br />\n</li>\n</ul>\nThis is the article in case any else would like to implement a similar feature.\r<br />\n<br />\n<a href=\"http://anthonychu.ca/post/aspnet-identity-20---logging-in-with-email-or-username\" rel=\"nofollow\">http://anthonychu.ca/post/aspnet-identity-20---logging-in-with-email-or-username</a>\r<br />\n<br />\nMike<br />\n",
    "PostedDate": "2014-08-11T13:52:19.15-07:00",
    "UserRole": null,
    "MarkedAsAnswerDate": null
  },
  {
    "Id": "1301275",
    "ThreadId": "560549",
    "Html": "(comment removed)<br />\n",
    "PostedDate": "2014-09-06T08:13:32.307-07:00",
    "UserRole": null,
    "MarkedAsAnswerDate": null
  }
]