[
  {
    "Id": "1312587",
    "ThreadId": "569607",
    "Html": "Hi, \r<br />\nWe're looking at ASP.NET Identity 2.x to determine if it is suitable for an upcoming  project.\r<br />\n<br />\nThere are a set of requirements we have to comply with, that would be too big a post, so I'll try to break them down to small parts.\r<br />\n<br />\nFirst of all...Auditing. ASP.NET Identity 2.0 appears to have zero auditing tables or even hooks built in. one of the relevant requirements we have to comply with are:<br />\n<ul>\n<li>audit every operation.</li>\n<li>\nthe ability to end a session immediately if suspicious activity is observed.<br />\n</li>\n</ul>\nQ: I'd like confirmation that the best practice place to put some logging, updating a Session record's LastActivityDateUtc  would be within the defined CookieAuthenticationProvider's.OnValidateIdentity callback as it happens for every request, when it's deserializing the cookie?\r<br />\n<br />\nQ: But is that the right place to terminate a user? For example, If it checks a Session table/and or User table, and sees that the User has been locked out, how does one terminate gracefully? Does one return an unauthenticated user? or invoke SignOut? or some other method?\r<br />\n<br />\nQ: As for creating the Session record, and filling in the Session.StartedDateUtc, would the most appropriate way be within OnResponseSignIn, or to override the ApplicationSIgnInManager's?<br />\n<pre><code>    public override async Task&lt;SignInStatus&gt; PasswordSignInAsync(string userName, string password, bool isPersistent, bool shouldLockout)\n    {\n        var r = await base.PasswordSignInAsync(userName, password, isPersistent, shouldLockout);\n        if (r == SignInStatus.Success)\n        {\n            //record client IP, etc. and start a session Record...\n            Guid sessionId = _sessionService.Start(userName);\n            //Now what? Embed the sessionId in...hum...where?\n        }\n        return r;\n    }\n}\n</code></pre>\n\nThank you for your time,\r<br />\nS.<br />\n",
    "PostedDate": "2014-10-12T14:14:20.607-07:00",
    "UserRole": null,
    "MarkedAsAnswerDate": null
  }
]