[
  {
    "Id": "1252883",
    "ThreadId": "547541",
    "Html": "If you want to add a delete flag to the User table, where would you add it to the queries?<br />\n<br />\nIt appears that the supported way right now is to override and re-implement any methods in UserStore that return a User type.  As of right now, that is only FindByNameAsync.<br />\n<br />\nCan you provide a way to change the queries without re-implementing the Microsoft-provided logic?  Not only do I have to re-implement FindByNameAsync, but also ThrowIfDisposed and GetUserAggregateAsync (since they are private methods).<br />\n",
    "PostedDate": "2014-06-04T08:05:11.223-07:00",
    "UserRole": null,
    "MarkedAsAnswerDate": null
  },
  {
    "Id": "1254920",
    "ThreadId": "547541",
    "Html": "The GetUserAggregateAsync is made protected in 2.1.0. So you can work with that<br />\n",
    "PostedDate": "2014-06-10T11:01:34.383-07:00",
    "UserRole": null,
    "MarkedAsAnswerDate": null
  },
  {
    "Id": "1260091",
    "ThreadId": "547541",
    "Html": "I am working on a solution based on the Microsoft.AspNet.Identity.Samples V2.1.0-alpha1) and need the same thing.\r<br />\n<br />\nI have custom Identity classes as I need to have a User PK of type Int.\r<br />\n<br />\nSo, in MyCustomUserManager I set user.Active:<br />\n<pre><code>    public override async Task&lt;IdentityResult&gt; DeleteAsync(CodeProjectUser user)\n    {\n        // return base.DeleteAsync(user);\n        user.Active = false;\n        var result = await base.UpdateAsync(user);\n        if (result != IdentityResult.Success)\n            return result;\n\n        return await UpdateSecurityStampAsync(user.Id);\n    }\n</code></pre>\n\nand in MyCustomSignInManager I check user.Active.  I'm also looking up user by email as I don't store the email in both UserName and Email but want to sign in by Email.:<br />\n<pre><code>    // Uses the users email as the user identifier instead of the userName.\n    public override async Task&lt;SignInStatus&gt; PasswordSignInAsync(string email, string password, bool isPersistent, bool shouldLockout)\n    {\n        var user = await UserManager.FindByEmailAsync(email);\n        if (user == null || !user.Active)\n            return SignInStatus.Failure;\n\n        return await base.PasswordSignInAsync(user.UserName, password, isPersistent, shouldLockout);\n    }</code></pre>\n\n",
    "PostedDate": "2014-06-26T08:42:46.057-07:00",
    "UserRole": null,
    "MarkedAsAnswerDate": null
  }
]