[
  {
    "Id": "1263729",
    "ThreadId": "550953",
    "Html": "With reference to <a href=\"https://aspnetidentity.codeplex.com/workitem/2297\" rel=\"nofollow\">Issue 2297</a>\r<br />\n<br />\nI speak with no authority, only referencing what I did to get this to work. There is a lot of confusion over the use of Identity with OWIN, mainly from the sample code and lack of authoritative documentation thus far. It does look like this needs tidying up, but I am not sure how that should be done as so much of it is internal code. I have found however that I can completely decouple my code from it as of Identity 2.0.1 (untested with Identity 2.1 as yet).\r<br />\n<br />\n<em>ApplicationDbContext</em>\r<br />\n<br />\nThe samples include <code>app.CreatePerOwinContext(ApplicationDbContext.Create);</code>\r<br />\n<br />\nFrom what I have found, there is no internal dependency on <code>owinContext.Get&lt;ApplicationDbContext&gt;()</code>, so unless you intend to use the <code>IOwinContext</code> as a (poor mans) service locator you don't need to do this. Instead you can inject your per-request <code>ApplicationDbContext</code> from your IoC container into the classes that require it.\r<br />\n<br />\n<em>ApplicationUserManager.Create</em>\r<br />\n<br />\nAs you have seen, this is just a factory method which is then passed to OWIN through <code>app.CreatePerOwinContext&lt;ApplicationUserManager&gt;(ApplicationUserManager.Create);</code>. The intent is to create a single <code>ApplicationUserManager</code> per request. This is then used internally by using the <code>IOwinContext</code> as a service locator. I read somewhere that one of the team said this was because they had no IoC injection to use, so they use the context dictionary instead.\r<br />\n<br />\nThe <code>IOwinContext</code> acts as a service locator for other services, such as the <code>IDataProtectionProvider</code>. This is then provided to the factory in the <code>IdentityFactoryOptions</code>. But from what I can work out, the <code>IDataProtectionProvider</code> is a single instance, not per-request.\r<br />\n<br />\nBut this is where it gets strange. The <code>IdentityFactoryOptions.Provider</code> property is actually set to the factory method you originally provided (in this case <code>ApplicationUserManager.Create</code>). So the factory method is passed state that includes itself.\r<br />\n<br />\n<em>Another way</em>\r<br />\n<br />\nThe default <code>IDataProtectionProvider</code> that is provided is a <code>DpapiDataProtectionProvider</code>. This is created by the <code>CookieAuthenticationMiddleware</code>. It seems like nothing is done with this until the application pushes a request through the pipeline. The <code>DpapiDataProtectionProvider</code> will have issues in a web farm such as Azure so you may want to replace this anyway.\r<br />\n<br />\nTherefore you can:<br />\n<ol>\n<li>Let your IoC framework generate the single instance <code>IDataProtectionProvider</code>, and register that with Owin in <code>Startup</code> using <code>app.SetDataProtectionProvider(idp)</code> - this makes sense as you will be setting up your IoC framework here as well, so you have access to the single instance at this point.</li>\n<li>\nSubtype the <code>ApplicationUserManager</code> and provide a ctor which allows your IoC framework to inject an <code>IDataProtectionProvider</code> (or provide a factory method to your IoC so this work is not done in the ctor but is still controlled by the IoC injector and lifetime scopes)<br />\n<br />\n<code>AppUserManager(AppUserStore store, IDataProtectionProvider dpp)</code><br />\n</li>\n<li>\nUse the following code as the Owin factory method (Autofac specific, but you can substitute any other IoC container).<br />\n<br />\n<code>app.CreatePerOwinContext&lt;AppUserManager&gt;((o, context) =&gt; context.GetAutofacLifetimeScope().Resolve&lt;AppUserManager&gt;()); // returns the per-request AppUserManager from the IoC resolver</code><br />\n</li>\n<li>\nNow you can apply the same technique to inject the <code>EmailService</code>, <code>SmsService</code> and any other services into the <code>ApplicationUserManager</code> and no longer worry about the <code>IdentityFactoryOptions</code><br />\n</li>\n<li>\nYou can also use your IoC framework to inject an <code>IDataProtectionProvider</code> anywhere you need a new <code>ApplicationUserManager</code>, removing your dependency on the <code>IdentityFactoryOptions&lt;&gt;</code><br />\n</li>\n</ol>\n",
    "PostedDate": "2014-07-08T10:23:33.863-07:00",
    "UserRole": null,
    "MarkedAsAnswerDate": null
  }
]