[
  {
    "Id": "1237200",
    "ThreadId": "543115",
    "Html": "I am using the new ASP.NET Identity 2.0 system. I know I can check if a user is in a role like this:<br />\n<pre><code>bool isAdmin = UserManager.IsInRole(User.Identity.GetUserId(), \n   &quot;Customer Account Admin&quot;);</code></pre>\n\nI guess this code can be written to check before certain code is run but what about the [Authorize] attribute. I used to be able say<br />\n<pre><code>[Authorize(Role=&quot;Customer Account Admin&quot;)]</code></pre>\n\nThis doesn't work anymore because I am not using the old membership or Role Management anymore. How can I put the two together? Or how do I guard against certain parts of the application not being available to members of the right role?<br />\n",
    "PostedDate": "2014-04-23T11:20:52.563-07:00",
    "UserRole": null,
    "MarkedAsAnswerDate": null
  },
  {
    "Id": "1237706",
    "ThreadId": "543115",
    "Html": "The Authorize attribute should work. Check the UserAdminController an RolesAdminController in the Microsoft.AspNet.Identity.Samples for the functionality <br />\n",
    "PostedDate": "2014-04-24T12:17:12.803-07:00",
    "UserRole": null,
    "MarkedAsAnswerDate": null
  },
  {
    "Id": "1237710",
    "ThreadId": "543115",
    "Html": "It doesn't in WebForms, only MVC. See <a href=\"http://stackoverflow.com/questions/23250568/how-to-use-new-asp-net-identity-2-0-roles-and-authorize-attribute\" rel=\"nofollow\">http://stackoverflow.com/questions/23250568/how-to-use-new-asp-net-identity-2-0-roles-and-authorize-attribute</a><br />\n",
    "PostedDate": "2014-04-24T12:20:58.643-07:00",
    "UserRole": null,
    "MarkedAsAnswerDate": null
  },
  {
    "Id": "1238114",
    "ThreadId": "543115",
    "Html": "For web forms you should be using the &lt;authorization&gt; tag in the web.config<br />\n",
    "PostedDate": "2014-04-25T10:42:24.043-07:00",
    "UserRole": null,
    "MarkedAsAnswerDate": null
  },
  {
    "Id": "1238116",
    "ThreadId": "543115",
    "Html": "I am trying but I can't make it work. Please see <a href=\"http://stackoverflow.com/questions/23296134/cant-get-rid-of-it-is-an-error-to-use-a-section-registered-as-allowdefinition\" rel=\"nofollow\">SO POST</a><br />\n",
    "PostedDate": "2014-04-25T10:44:23.46-07:00",
    "UserRole": null,
    "MarkedAsAnswerDate": null
  },
  {
    "Id": "1342057",
    "ThreadId": "543115",
    "Html": "If you have record like &lt;roleManager enabled=&quot;true&quot;/&gt; in Web.config\r<br />\nYou need to remove it.<br />\n",
    "PostedDate": "2015-01-14T20:55:01.723-08:00",
    "UserRole": null,
    "MarkedAsAnswerDate": null
  }
]