[
  {
    "Id": "1208947",
    "ThreadId": "532127",
    "Html": "Hi there,\r<br />\nHow can I use implemented entities of aspnet identity in my application scope?\r<br />\nFor example, identity has created &quot;dbo.aspnetRoles&quot; table in database and I want to use that table to join with something like myCustomClass in my DefaultContext (my main application context).<br />\n<pre><code> public class DefaultContext : DbContext, \n    {\n        public DefaultContext()\n            : base(&quot;DefaultConnection&quot;){ }\n         \n        public DbSet&lt;aspnetRoles&gt; Roles { get; set; }\n     }\n\n  public class myCustomClass\n    {\n        List&lt;aspnetrole&gt;  ... ?\n    }</code></pre>\n\nIs that possible ?<br />\n",
    "PostedDate": "2014-02-16T04:14:43.733-08:00",
    "UserRole": null,
    "MarkedAsAnswerDate": null
  },
  {
    "Id": "1210784",
    "ThreadId": "532127",
    "Html": "It is possible to reference the Roles class in your custom class by having a reference to it via foreign key. You need to follow EF conventions to do that.\r<br />\n<br />\npublic class MyClass {\r<br />\n..\r<br />\npublic virtual IList&lt;IdentityRole&gt; MyRoles{get;set;}\r<br />\n}\r<br />\n<br />\nThe virtual keyword should do the trick.<br />\n",
    "PostedDate": "2014-02-19T14:00:17.877-08:00",
    "UserRole": null,
    "MarkedAsAnswerDate": null
  }
]