[
  {
    "Id": "1231572",
    "ThreadId": "541542",
    "Html": "Hi, I've upgraded to Identity 2.0 using the Nuget packages, but it did not update the viewmodels, controller or views, so none of the new fields introduced (email, phone number, etc.) are able to be utilized.  Is there an easy way to do this without having to create a new project from scratch that uses Identity and then copying the resulting auto-generated items out of that project and back into the &quot;real&quot; project that I'm working on?<br />\n",
    "PostedDate": "2014-04-07T15:49:44.79-07:00",
    "UserRole": null,
    "MarkedAsAnswerDate": null
  },
  {
    "Id": "1232447",
    "ThreadId": "541542",
    "Html": "@jeepdude2009: We cannot ship the content files separately. The best approach is to install the samples package on an empty project and copy the new files into your actual project<br />\n",
    "PostedDate": "2014-04-09T10:15:20.733-07:00",
    "UserRole": null,
    "MarkedAsAnswerDate": "2014-04-09T10:46:13.343-07:00"
  }
]