[
  {
    "Id": "1263521",
    "ThreadId": "550906",
    "Html": "Is there an example of using unity or another IoC with Identity 2.1 alpha 1?  I'm quite confused on what all i need to register or alter in order to make my application work.<br />\n",
    "PostedDate": "2014-07-07T22:08:47.017-07:00",
    "UserRole": null,
    "MarkedAsAnswerDate": null
  },
  {
    "Id": "1264832",
    "ThreadId": "550906",
    "Html": "I changed TKEY type to long for id in AdentityUser model and i just add one line in UnityConfig class =&gt; RegisterComponents and then it worked for me<br />\n<pre><code>container.RegisterType&lt;IUserStore&lt;ApplicationUser, long&gt;, MyUserStore&gt;();</code></pre>\n\nif you didn't change type then you can write<br />\n<pre><code>container.RegisterType&lt;IUserStore&lt;ApplicationUser&gt;, UserStore&lt;ApplicationUser&gt;&gt;();</code></pre>\n\nbecause in UserManager need to inject IUserStore.<br />\n",
    "PostedDate": "2014-07-11T07:20:35.017-07:00",
    "UserRole": null,
    "MarkedAsAnswerDate": null
  },
  {
    "Id": "1264882",
    "ThreadId": "550906",
    "Html": "this works for 2.0, but in 2.1 there is now an additional argument passed in to the account controller for ApplicationSignInManager.  This class relies on IOwinContext.  I'm not even sure if i should be worried about this class.<br />\n",
    "PostedDate": "2014-07-11T09:23:05.907-07:00",
    "UserRole": null,
    "MarkedAsAnswerDate": null
  }
]