[
  {
    "Id": "1434111",
    "ThreadId": "641258",
    "Html": "Hi there<br />\n<br />\nI am using Identity Framework for my Azure Worker Role REST API in conjunction with OAuth2. The  Problem: if a user forgets the password I need to be able to remove the old password and set a new one. Because of my scaffold I cannot use the TokenManager, so I implemented my own Email One-Time Token. So well in the end of the process I have to set a new hashed password for the user. I tried several things like <br />\nUserManager.RemovePassword(userid);<br />\nUserManager.AddPassword(userid, newPassword);<br />\nOR<br />\nUserManager.SetPasswordHashAsync(user, hashedNewPassword);<br />\n<br />\nNothing worked for me so far. Removing and adding a new password only works if I am logged in with the respective user. The problem is my user forgot the password and has now and anonymous context in the endpoint controller. <br />\nQuestion: Is there any way to change the hashedPassword of an IdentityUser without being logged in as this user?!? Or do I have to implement my own hashing and password saving because IdentityFramework won't support this?<br />\n<br />\nTwo really strange things are happening:<br />\n<ol>\n<li>\nwhen I use UserManager.SetPasswordHashAsync(user, hashedNewPassword); the first time it sets the new password correctly for the user. When its called a second time it won't work anymore.<br />\n</li>\n<li>\nwhen I use user.hashedPassword = newHashedPassword; directly and update the user afterwards it works exacty ONE time. Same like 1.<br />\n</li>\n<li>\nwhen I restart and redeploy the project without the database, afterwards the new password is set and working! How can I tell azure or the identity framework to reload the data from the database so that the password hash from the database is used?!?<br />\n</li>\n</ol>\nAny idea whats the problem and how I can solve it?<br />\n<br />\nCheers Fredrik <br />\n",
    "PostedDate": "2015-07-13T02:57:39.16-07:00",
    "UserRole": null,
    "MarkedAsAnswerDate": null
  }
]