[
  {
    "Id": "1399137",
    "ThreadId": "616487",
    "Html": "I'm writing custom implementation of <em>IUserPasswordStore&lt;Client&gt;</em> but I got <strong>FormatException</strong> during login process. It seems like method <strong>GetPasswordHashAsync</strong> or someone who call this method calls <em>Microsoft.AspNet.Identity.Crypto.VerifyHashedPassword(String hashedPassword, String password)</em> which cause FormatException with message<br />\n<blockquote>\nInvalid length for a Base-64 char array or string.<br />\n</blockquote>\nHere is my implementation of IUserPasswordStore&lt;Client&gt;<br />\n<pre><code>public partial class ClientRepository : IUserStore&lt;Client&gt;, IUserPasswordStore&lt;Client&gt;, IUserLockoutStore&lt;Client, string&gt;\n{\n    public Task CreateAsync(Client user)\n    {\n        return Task.Factory.StartNew(() =&gt; Create(user));\n    }\n\n    public Task UpdateAsync(Client user)\n    {\n        return Task.Factory.StartNew(() =&gt; Update(user));\n    }\n\n    public Task DeleteAsync(Client user)\n    {\n        return Task.Factory.StartNew(() =&gt; Delete(user));\n    }\n\n    public Task&lt;Client&gt; FindByIdAsync(string userId)\n    {\n        return Task.FromResult(Find(userId));\n    }\n\n    public Task&lt;Client&gt; FindByNameAsync(string userName)\n    {\n        return Task.FromResult(FetchOne(new ClientByUsername(userName)));\n    }\n\n    public Task SetPasswordHashAsync(Client user, string passwordHash)\n    {\n        return Task.Factory.StartNew(() =&gt; user.Password = passwordHash);\n    }\n\n    public Task&lt;string&gt; GetPasswordHashAsync(Client user)\n    {\n        return Task.FromResult(user.Password);\n    }\n\n    public Task&lt;bool&gt; HasPasswordAsync(Client user)\n    {\n        return Task.Factory.StartNew(() =&gt; !string.IsNullOrEmpty(user.Password));\n    }\n\n    public Task&lt;DateTimeOffset&gt; GetLockoutEndDateAsync(Client user)\n    {\n        return Task.FromResult&lt;DateTimeOffset&gt;(user.LockoutTo ?? DateTime.Now);\n    }\n\n    public Task SetLockoutEndDateAsync(Client user, DateTimeOffset lockoutEnd)\n    {\n        return Task.Factory.StartNew(() =&gt; user.LockoutTo = lockoutEnd.DateTime);\n    }\n\n    public Task&lt;int&gt; IncrementAccessFailedCountAsync(Client user)\n    {\n        return Task.FromResult(++user.LoginAttempts);\n    }\n\n    public Task ResetAccessFailedCountAsync(Client user)\n    {\n        return Task.Factory.StartNew(() =&gt; user.LoginAttempts = 0);\n    }\n\n    public Task&lt;int&gt; GetAccessFailedCountAsync(Client user)\n    {\n        return Task.Factory.StartNew(() =&gt; user.LoginAttempts);\n    }\n\n    public Task&lt;bool&gt; GetLockoutEnabledAsync(Client user)\n    {\n        return Task.FromResult(false);\n    }\n\n    public Task SetLockoutEnabledAsync(Client user, bool enabled)\n    {\n        return Task.FromResult(0);\n    }\n\n\n\n    public void Dispose()\n    {\n        database = null;\n        Manager = null;\n        context = null;\n    }\n}</code></pre>\n\n<strong>And my question</strong>: Where is called <em>Microsoft.AspNet.Identity.Crypto.VerifyHashedPassword(String hashedPassword, String password)</em> and what should I return in <strong>GetPasswordHashAsync</strong>? For start I'm using password in plain text...<br />\n<br />\n<strong>Fixed:</strong> I have to use custom implementation of IPasswordHasher bcs I'm using passwords in plain text. :)<br />\n",
    "PostedDate": "2015-04-02T12:56:42.987-07:00",
    "UserRole": null,
    "MarkedAsAnswerDate": "2015-04-02T14:17:32.433-07:00"
  }
]