[
  {
    "Id": "1462458",
    "ThreadId": "651054",
    "Html": "In my application I have different types of user( Teacher, Student, ...) that have their own properties, For for Teacher I have <code>Experience, Languages Spoken, Certifications, Awards, Affiliations, ...</code> and for Student I different information. So in this way, I can't use roles because of different information per user. So all of them actually are users I mean they can log in to my site. Also, They have common information for signing up: <code>First Name, Last Name, Email, Password</code> Now what do you think and what's the best option for doing this? Should I create the class for each user that inherits from <code>IdentityUser&lt;int, CustomUserLogin, CustomUserRole, CustomUserClaim&gt;</code> ? \r<br />\nAny idea? <br />\n",
    "PostedDate": "2016-02-08T12:59:35.03-08:00",
    "UserRole": null,
    "MarkedAsAnswerDate": null
  }
]