[
  {
    "Id": "1347960",
    "ThreadId": "579150",
    "Html": "Hi guys,\r<br />\nI spent a half day to resolve the issues in the migration from System.Web.Providers to ASP.NET Identity 2.1.0. \r<br />\nI surprisedly found out that the detault hash algorithm in 4.0 is HMACSHA256 instead of SHA1.\r<br />\nIt wasted me several hours to find this out and I have summarized the resolution here in case you didn't know this change either.\r<br />\n<br />\n<a href=\"http://kosmisch.net/Blog/DotNetEssential/Archive/2015/2/1/aspnet-membership-default-password-hash-algorithms-in-net-4x-and-previous-versions.html\" rel=\"nofollow\">ASP.NET Membership Default Password Hash Algorithms in .NET 4.x and Previous Versions </a><br />\n",
    "PostedDate": "2015-02-01T04:44:53.76-08:00",
    "UserRole": null,
    "MarkedAsAnswerDate": null
  }
]