[
  {
    "Id": "1426485",
    "ThreadId": "638351",
    "Html": "Looking for a localization approach, concept, opinion...<br />\n<br />\nPROBLEM:<br />\nFrom a MVC web-app I want to localize ASP.NET Identity Resource.resx (x2) {name}Validator.cs ErrorMessages; see <a href=\"https://aspnetidentity.codeplex.com/SourceControl/latest#src/Microsoft.AspNet.Identity.Core/Resources.resx\" rel=\"nofollow\">https://aspnetidentity.codeplex.com/SourceControl/latest#src/Microsoft.AspNet.Identity.Core/Resources.resx</a> for keys/values requirements (fields).  *****<br />\n<br />\nBACKGROUND:<br />\nHere is an example from the ASP.NET Identity code adding an error <br />\n// errors.Add(Resources.PasswordRequireNonLetterOrDigit); <br />\nsee <a href=\"https://aspnetidentity.codeplex.com/SourceControl/latest#src/Microsoft.AspNet.Identity.Core/PasswordValidator.cs\" rel=\"nofollow\">https://aspnetidentity.codeplex.com/SourceControl/latest#src/Microsoft.AspNet.Identity.Core/PasswordValidator.cs</a>  code.<br />\n<br />\nAnd here is the MVC web-app controller code requesting  a &quot;create user&quot; and forwarding the &quot;results&quot; object;<br />\n// var result = await UserManager.CreateAsync(user, model.Password); // IDENTITY ACCOUNT/REGISTER<br />\n// AddErrors(result); // ERROR MESSAGES TO MODEL<br />\n<br />\nANALYSIS:<br />\nI have searched the web (far and wide) and many topics point to EF Data Annotation which handle some localization but not {name}Validator.cs code error messages (and others), EF Data Annotations are helpful but incomplete.<br />\n<br />\n// i.e. Validator<br />\n// errors.Add(String.Format(CultureInfo.CurrentCulture, Resources.PropertyTooShort, &quot;Name&quot;));<br />\n// errors.Add(String.Format(CultureInfo.CurrentCulture, Resources.PropertyTooShort, &quot;Email&quot;));<br />\n// else if (AllowOnlyAlphanumericUserNames &amp;&amp; !Regex.IsMatch(user.UserName, [A-Za-z0-9_\\.]...)), see code<br />\n<br />\nQUICK ASIDE:<br />\nNote-1) the ASP.NET IDENTITY (.Core and .EntityFramework) Resources.resx files are provided by Microsoft for a set of languages (fr... good to have).<br />\n<br />\nNote-2) a hardcoded regex string is in this ASP.NET Identity codebase, I think (?) data annotations might work here in the Models.<br />\n<br />\nNote-3) the client-side validation also needs localization capabilities.<br />\n<br />\nNote-4) Satellite Assemblies level would be the simplest to implement (specific culture over neutral). <br />\n<br />\nNote-5) the Multilingual App ToolKit capabilities (engineering/light production work) should be taken into consideration functionally<br />\n<br />\nNote-6) the satellite assemblies [fallback] behavior is somewhat similar to data annotation localization initial definition [overriding] behavior; i.e. initial data model to project-coded-configured in BLL, MVC-server, JavaScript-UI-client overriding.<br />\n<br />\nMY CURRENT SOLUTION THOUGHT (FOR ME):<br />\nI can just convert the &quot;results&quot; object's language-culture values to the language-culture values for the client. This would solve the localization problem on the server side. Client side would still be a problem; these are 1 time or rare transactions, the extra overhead should not be a problem, use the following.<br />\n// HtmlHelper.ClientValidationEnabled = false.<br />\n<br />\nQUESTION:<br />\nq-1) Is a [from]-natural-language-1 conversion of a &quot;results&quot; object's received values into a [to]-different natural-language-2 &quot;results&quot; object's values a good light-weight code approach? (this ties directly to the client-content a.k.a. the &quot;requirement for localization&quot;)<br />\n<br />\nq-2) Can resource Satellite Assemblies be used from the ASP.NET Identity assembly? These are more flexible than neutral cultures languages (en-US (satellite) choice over en (main) for implementation, most website would support multiple languages; en-US, es-MX, fr-CA, and en-CA for example)<br />\n<br />\nq-3) How can I affect the client-side validation messages in ASP.NET Identity?<br />\n<br />\nq-4) Can character set regular expressions be addressed; A-Z  and a-z to all available Unicode characters not just English?<br />\n<br />\nq-5) Concatenated error messages are problematic, can these be individual errors pointing to the same source field?<br />\n<br />\nq-6) Should the Resources.resx and IdentityResources.resx DuplicateEmail-key's values be identical? <br />\n<br />\nAside: The Resources.resx's value single-quote usage seems inconsistent, the IdentityResources.resx value fields do not use the single-quote.<br />\n<br />\nAny other thoughts would be helpful.<br />\n<br />\nThanks Everyone, Dave from Redding, CA<br />\n",
    "PostedDate": "2015-05-19T21:20:32.507-07:00",
    "UserRole": null,
    "MarkedAsAnswerDate": null
  }
]