{
  "WorkItem": {
    "AffectedComponent": {
      "Name": "",
      "DisplayName": ""
    },
    "ClosedComment": "Fixed in the latest nightly builds. Reopen if needed. Will be available in the next release",
    "ClosedDate": "2015-02-16T12:55:02-08:00",
    "CommentCount": 13,
    "Custom": null,
    "Description": "Hello,\r\n\r\nWould it be feasible to add a new constructor to the IdentityDbContext<T> class that could allow to pass a DbConnection object? It may have a signature like the DbContext(DbConnection, bool) contructor.",
    "LastUpdatedDate": "2017-11-28T00:28:51.59-08:00",
    "PlannedForRelease": "2.2",
    "ReleaseVisibleToPublic": true,
    "Priority": {
      "Name": "Unassigned",
      "Severity": 0,
      "Id": 0
    },
    "ProjectName": "aspnetidentity",
    "ReportedDate": "2014-01-25T18:35:43.61-08:00",
    "Status": {
      "Name": "Closed",
      "Id": 4
    },
    "ReasonClosed": {
      "Name": "Fixed"
    },
    "Summary": "Additional IdentityDbContext constructor",
    "Type": {
      "Name": "Feature",
      "Id": 1
    },
    "VoteCount": 16,
    "Id": 1991
  },
  "FileAttachments": [],
  "Comments": [
    {
      "Message": "Please investigate",
      "PostedDate": "2014-02-03T16:28:18.217-08:00",
      "Id": 173925
    },
    {
      "Message": "+1\r\n\r\nI'd love to see this overload too.",
      "PostedDate": "2014-02-05T00:45:43.47-08:00",
      "Id": 173926
    },
    {
      "Message": "Added a constructor with DbContext(DbConnection, DbCompiledModel, bool) which caters to the requested constructor as well. This should be available in 2.0.0-beta1\n\n** Closed by suhasj 05/02/2014 15:00",
      "PostedDate": "2014-09-23T07:31:20.953-07:00",
      "Id": 173927
    },
    {
      "Message": "The problem with the DbContext(DbConnection, DbCompiledModel, bool) constructor that it will not utilize the OnModelCreating method, therefore many [hacks](https://effort.codeplex.com/discussions/470433#editor) are required to properly use the lib with that constructor.\r\n\r\nThe requested DbContext(DbConnection, bool) contructor would be really welcome by the members of the referenced discussion thread.",
      "PostedDate": "2014-09-23T07:34:47.293-07:00",
      "Id": 173928
    },
    {
      "Message": "I completely agree with tamasflamich.",
      "PostedDate": "2014-10-14T11:25:04.45-07:00",
      "Id": 173929
    },
    {
      "Message": "This would benefit my usage of the Effort unit testing library against Identity.\r\n\r\nHopefully not long before we see this in a stable release!",
      "PostedDate": "2014-11-11T13:29:05.68-08:00",
      "Id": 173930
    },
    {
      "Message": "I've also planned using Effort, but this is blocking my usage :(",
      "PostedDate": "2014-11-27T02:35:45.333-08:00",
      "Id": 173931
    },
    {
      "Message": "I really need this feature!",
      "PostedDate": "2014-12-05T21:38:51.51-08:00",
      "Id": 173932
    },
    {
      "Message": "Upvoted. Please do something about this, it's crippling my development.",
      "PostedDate": "2015-01-06T00:46:40.18-08:00",
      "Id": 173933
    },
    {
      "Message": "Since it seems like there is no progress on the v2 branch there is one workaround that you can do. Implement your own IndentityDbContext and add the necessary contructor overload in your solution. You only need a couple of classes and resource strings. ",
      "PostedDate": "2015-01-19T03:50:30.07-08:00",
      "Id": 173934
    },
    {
      "Message": "This is making unit testing difficult on my end as well.\n\nRon D.",
      "PostedDate": "2015-02-11T11:53:52.457-08:00",
      "Id": 174430
    },
    {
      "Message": "Add all constructors from DbContext to IdentityDbContext",
      "PostedDate": "2015-02-11T14:12:26.097-08:00",
      "Id": 174438
    },
    {
      "Message": "Adding all missing constructors in open PR. [Link](https://aspnetidentity.codeplex.com/SourceControl/network/forks/suhasj/aspnetidentity/contribution/8015)",
      "PostedDate": "2015-02-11T16:21:01.95-08:00",
      "Id": 174446
    }
  ]
}