{
  "WorkItem": {
    "AffectedComponent": {
      "Name": "",
      "DisplayName": ""
    },
    "ClosedComment": "Sorry we cannot accept community localization",
    "ClosedDate": "2014-08-25T14:27:06.077-07:00",
    "CommentCount": 1,
    "Custom": "",
    "Description": "Would like to have error messages in Romanian.\n\nI'd be happy to help with the translation!",
    "LastUpdatedDate": "2014-08-25T14:27:06.077-07:00",
    "PlannedForRelease": "Future",
    "ReleaseVisibleToPublic": false,
    "Priority": {
      "Name": "Unassigned",
      "Severity": 0,
      "Id": 0
    },
    "ProjectName": "aspnetidentity",
    "ReportedDate": "2014-03-31T08:47:37.393-07:00",
    "Status": {
      "Name": "Closed",
      "Id": 4
    },
    "ReasonClosed": {
      "Name": "Unassigned"
    },
    "Summary": "Localization package for Romanian",
    "Type": {
      "Name": "Unassigned",
      "Id": 5
    },
    "VoteCount": 2,
    "Id": 2135
  },
  "FileAttachments": [],
  "Comments": [
    {
      "Message": "Here is the translation:\r\n\r\nUserAlreadyInRole: Utilizatorul are deja în acest rol.UserNotInRole: Utilizatorul nu are acest rol.RoleNotFound: Rolul {0} nu a fost găsit.StoreNotIUserClameStore: Store nu implementează interfața IUserClaimStore.NoTwoFactorProvider: Nu este înregistrat nici un IUserTwoFactorProvider pentru '{0}'.StoreNotIUserEmailStore: Store nu implementează interfața IUserEmailStore.PasswordMissmatch: Parola este greșită.StoreNotIUserLockoutStore: Store nu implementează interfața IUserLockoutStore.NoTokenProvider: Nu este înregistrat nici un IUserTokenProvider.StoreNotIUserRoleStore: Store nu implementează interfața IUserRoleStore.StoreNotIUserLoginStore: Store nu implementează interfața IUserLoginStore.InvalidUserName: Numele de utilizator {0} este invalid. Poate conține doar litere și cifre.StoreNotIUserPhoneNumberStore: Store nu implementează interfața IUserPhoneNumberStore.StoreNotIUserConfirmationStore: Store nu implementează interfața IUserConfirmationStore.PasswordTooShort: Parola trebuie să conțină minim {0} caractere.PropertyTooShort: {0} nu poate fi lipsit de conținut.DuplicateName: Numele '{0}' este deja folosit.UserAlreadyHasPassword: Parola este deja setată.StoreNotIUserPasswordStore: Store nu implementează interfața IUserPasswordStore.PasswordRequireNonLetterOrDigit: Parola trebuie să conțină cel puțin o cifră sau un simbol.UserIdNotFound: Id-ul utilizatorului nu a fost găsit.InvalidToken: Token invalid.InvalidEmail: Adresa de email '{0}' este invalidă.UserNameNotFound: Utilizatorul {0} nu există.StoreNotIQueryableRoleStore: Store nu implementează interfața IQueryableRoleStore.LockoutNotEnabled: Funcționalitatea de blocare nu este activată pentru acest utilizator.StoreNotIUserTwoFactorStore: Store nu implementează interfața IUserTwoFactorStore.PasswordRequireUpper: Parola trebuie să conțină cel puțin o literă mare ('A' - 'Z').PasswordRequireDigit: Parola trebuie să conțină cel puțin o cifră ('0' - '9').PasswordRequireLower: Parola trebuie să conțină cel puțin o literă mică ('a' - 'z').StoreNotIQueryableUserStore: Store nu implementează interfața IQueryableUserStore.DuplicateEmail: Adresa de email '{0}' este deja folosită.StoreNotIUserSecurityStampStore: Store nu implementează interfața IUserSecurityStampStore.ExternalLoginExists: Există deja un utilizator ce folosește acest cont de autentificare externă.DefaultError: A avut loc o eroare neașteptată.",
      "PostedDate": "2014-07-15T14:24:36.663-07:00",
      "Id": 174077
    }
  ]
}