{
  "WorkItem": {
    "AffectedComponent": {
      "Name": "",
      "DisplayName": ""
    },
    "ClosedComment": "This is fixed in 2.1",
    "ClosedDate": "2014-09-15T13:49:45.663-07:00",
    "CommentCount": 3,
    "Custom": "",
    "Description": "When upgrading my MVC project to use the new 2.0.0 alpha, all the calls like: \n\n```\nIdentityResult result = await _userManager.ChangePasswordAsync(\n    User.Identity.GetUserId(), model.OldPassword, model.NewPassword);\n```\n\nare broken because I changed the PK of my `IdentityUser` to be:\n\n```\nIdentityUser<int, CustomUserLogin, CustomUserRole, CustomUserClaim>\n```",
    "LastUpdatedDate": "2014-09-15T13:49:45.663-07:00",
    "PlannedForRelease": "2.1",
    "ReleaseVisibleToPublic": true,
    "Priority": {
      "Name": "Unassigned",
      "Severity": 0,
      "Id": 0
    },
    "ProjectName": "aspnetidentity",
    "ReportedDate": "2013-12-23T08:37:57.083-08:00",
    "Status": {
      "Name": "Closed",
      "Id": 4
    },
    "ReasonClosed": {
      "Name": "Unassigned"
    },
    "Summary": "IdentityExtensions needs to support Extensible PK",
    "Type": {
      "Name": "Unassigned",
      "Id": 5
    },
    "VoteCount": 6,
    "Id": 1951
  },
  "FileAttachments": [],
  "Comments": [
    {
      "Message": "This doesn't appear to be resolved in the final release of Identity 2.0, either. The only option I can see is to explicitly cast the returned string from User.Identity.GetUserId() to the data type of your PK. This is really ugly, though. You would think that the team would have caught this and implemented a User.Identity.GetUserId() function to handle it.",
      "PostedDate": "2014-05-17T13:08:57.633-07:00",
      "Id": 173890
    },
    {
      "Message": "I agree. I implemented my own but it really should be part of IdentityExtensions.\r\n\r\npublic static class IdentityExtensions{    public static TKey GetUserId(this IIdentity identity)    {        return (TKey)Convert.ChangeType(identity.GetUserId(), typeof(TKey));    }}",
      "PostedDate": "2014-06-15T04:30:43.98-07:00",
      "Id": 173891
    },
    {
      "Message": "Great. I just realized that I posted that comment on May 17 and that I just agreed with myself. *sigh* ",
      "PostedDate": "2014-06-15T04:36:57.637-07:00",
      "Id": 173892
    }
  ]
}