{
  "WorkItem": {
    "AffectedComponent": {
      "Name": "",
      "DisplayName": ""
    },
    "ClosedComment": "will look at in v3",
    "ClosedDate": "2014-08-25T14:40:24.843-07:00",
    "CommentCount": 1,
    "Custom": "",
    "Description": "How do make sure these error messages can be localized and customized at the app level.\nIdentity Core\nIdentity EF\nIdentity OWIN\n\nMaybe throw Identity specific exceptions or status codes",
    "LastUpdatedDate": "2014-10-15T04:10:13.31-07:00",
    "PlannedForRelease": "",
    "ReleaseVisibleToPublic": false,
    "Priority": {
      "Name": "Medium",
      "Severity": 100,
      "Id": 2
    },
    "ProjectName": "aspnetidentity",
    "ReportedDate": "2014-04-21T14:27:07.47-07:00",
    "Status": {
      "Name": "Closed",
      "Id": 4
    },
    "ReasonClosed": {
      "Name": "Unassigned"
    },
    "Summary": "Visit Error messages",
    "Type": {
      "Name": "Issue",
      "Id": 3
    },
    "VoteCount": 2,
    "Id": 2168
  },
  "FileAttachments": [],
  "Comments": [
    {
      "Message": "See [issue #2222](https://aspnetidentity.codeplex.com/workitem/2222) for discussion and kludgy workaround.",
      "PostedDate": "2014-10-15T04:10:13.31-07:00",
      "Id": 174105
    }
  ]
}