{
  "WorkItem": {
    "AffectedComponent": {
      "Name": "",
      "DisplayName": ""
    },
    "ClosedComment": "Fixed in the latest release of samples package",
    "ClosedDate": "2014-09-15T13:50:30.753-07:00",
    "CommentCount": 2,
    "Custom": "",
    "Description": "When the user logs in with 'Remember Me' selected, the user is not remembered with 2 factor auth enabled, the next time the application is run. \n\nRepro:\n- In the sample create a user and enable phone 2 factor auth\n- Log out user and login with 'Remember Me' option selected\n- close browser\n- Run the application again\n\nExpected: The user is logged in\n\nActual: The user need to log in again",
    "LastUpdatedDate": "2014-09-15T13:50:30.753-07:00",
    "PlannedForRelease": "2.0.0-Beta1",
    "ReleaseVisibleToPublic": false,
    "Priority": {
      "Name": "Unassigned",
      "Severity": 0,
      "Id": 0
    },
    "ProjectName": "aspnetidentity",
    "ReportedDate": "2014-01-07T12:21:34.423-08:00",
    "Status": {
      "Name": "Closed",
      "Id": 4
    },
    "ReasonClosed": {
      "Name": "Unassigned"
    },
    "Summary": "[Samples package] The Remember Me option behavior is not as intended",
    "Type": {
      "Name": "Unassigned",
      "Id": 5
    },
    "VoteCount": 1,
    "Id": 1961
  },
  "FileAttachments": [],
  "Comments": [
    {
      "Message": "The current behavior basically uses the Remember Browser checkbox on the two factor page instead of the first check box to control this.  I think that if that flow works, we should be fine.",
      "PostedDate": "2014-01-21T13:13:10.963-08:00",
      "Id": 173899
    },
    {
      "Message": "In a scenario where 'Remember me' for local login is true and 'Remember me 2 factor auth' is false, running the application does not partially log the user in the application and take them to the second step of tow factor auth login. This expectation seems intuitive. Can it be made better in the sample, for example, disable remember me for local auth when 2 factor auth is enabled ?\r\n\r\nKeeping it open to be triaged in post beta release",
      "PostedDate": "2014-01-24T11:10:23.09-08:00",
      "Id": 173900
    }
  ]
}