{
  "WorkItem": {
    "AffectedComponent": {
      "Name": "",
      "DisplayName": ""
    },
    "ClosedComment": "Fixed for 2.0.0-beta1. Current code compares the string implementation of the key which work  irrespective of the type of key",
    "ClosedDate": "2014-02-04T13:56:08.563-08:00",
    "CommentCount": 1,
    "Custom": "",
    "Description": "This method is called to validate tokens for reset password and email confirmation. On line 94, we read the user Id from the token as string and compare with user.Id on the user object. This code works fine if the Id is string. But if the userId is int or Guid, then the comparison fails always. This causes user confirmation and email reset features not usable in apps with user Id not a string. This should be fixed for RTM",
    "LastUpdatedDate": "2014-02-04T13:56:08.563-08:00",
    "PlannedForRelease": "2.0.0-Beta1",
    "ReleaseVisibleToPublic": false,
    "Priority": {
      "Name": "High",
      "Severity": 150,
      "Id": 3
    },
    "ProjectName": "aspnetidentity",
    "ReportedDate": "2014-01-29T14:32:38.08-08:00",
    "Status": {
      "Name": "Closed",
      "Id": 4
    },
    "ReasonClosed": {
      "Name": "Unassigned"
    },
    "Summary": "Compare issue in ValidateAsync for DataProtectionTokenProvider",
    "Type": {
      "Name": "Issue",
      "Id": 3
    },
    "VoteCount": 2,
    "Id": 1996
  },
  "FileAttachments": [],
  "Comments": [
    {
      "Message": "Fixed.",
      "PostedDate": "2014-02-03T15:46:17.587-08:00",
      "Id": 173937
    }
  ]
}