{
  "WorkItem": {
    "AffectedComponent": {
      "Name": "",
      "DisplayName": ""
    },
    "ClosedComment": "Fixed for 2.0.0",
    "ClosedDate": "2014-02-26T18:52:18.767-08:00",
    "CommentCount": 1,
    "Custom": "",
    "Description": "The method is async so should have the 'async' keyword to maintain consistency with the other methods",
    "LastUpdatedDate": "2014-02-26T18:52:18.767-08:00",
    "PlannedForRelease": "2.0.0",
    "ReleaseVisibleToPublic": true,
    "Priority": {
      "Name": "Low",
      "Severity": 50,
      "Id": 1
    },
    "ProjectName": "aspnetidentity",
    "ReportedDate": "2014-02-25T14:55:48.837-08:00",
    "Status": {
      "Name": "Closed",
      "Id": 4
    },
    "ReasonClosed": {
      "Name": "Unassigned"
    },
    "Summary": "Protected method 'VerifyPassword' should be renamed to 'VerifyPasswordAsync'",
    "Type": {
      "Name": "Issue",
      "Id": 3
    },
    "VoteCount": 1,
    "Id": 2061
  },
  "FileAttachments": [],
  "Comments": [
    {
      "Message": "Fixed",
      "PostedDate": "2014-02-25T17:07:48.64-08:00",
      "Id": 173970
    }
  ]
}