{
  "WorkItem": {
    "AffectedComponent": {
      "Name": "",
      "DisplayName": ""
    },
    "ClosedComment": "",
    "ClosedDate": null,
    "CommentCount": 7,
    "Custom": null,
    "Description": "I am having trouble with the Two Factor Remember Browser Cookie. I downloaded the tutorial available here : http://www.asp.net/mvc/overview/security/aspnet-mvc-5-app-with-sms-and-email-two-factor-authentication, but even when I select \"Remember Browser\" at the verify code page, the cookie is set to expire at the end of the browser session. The only way to get the cookie to NOT expire on browser close is to set both the login and phone code remember options to true.  Furthermore, when I do select both remember options, the cookies are set to expire in 2 weeks (the default for ExpireTimeSpan in CookieAuthenticationOptions defined in Startup.Auth.cs), even though I have set ExpireTimeSpan to 30 days.\r\n\r\nJust to be sure, I also created a brand new Visual Studio 2013 MVC 5 Project with individual accounts and updated all of my packages through the Nuget Package Manager. According to Nuget, I have the following packages and versions:\r\n* Micorsoft.Asp.Net.Identity.Core v 2.2.1\r\n* Micorsoft.Asp.Net.Identity.EntityFramework v 2.2.1\r\n* Micorsoft.Asp.Net.Identity.Owin v 2.2.1\r\n* Microsoft.Owin.Host.SystemWeb v 3.01\r\n* Microsoft.Owin.Security.Cookies v 3.0.1\r\n* Microsoft.Owin.Security. v 3.0.1\r\n* Microsoft.Owin. v 3.0.1\r\n* OWIN v 1.0\r\n\r\nSelecting only the \"Remember Browser\" check box still sets the Two Factor Remember Browser Cookie to expire at the end of the browser session.\r\n\r\nIt would be useful if the Remember Browser was set correctly without having to also select Remember Me in the login page. Also, if I do *have* to select both remember options, it would be nice if the cookie expiration dates for each were independent of each other. For example, I would set it so that the username and login expires sooner than the phone code, but I understand that is probably a matter of personal preference.\r\n\r\nP.S.  Stackoverflow questions:  \r\n* http://stackoverflow.com/questions/28745143/asp-net-identity-with-2fa-remember-browser-cookie-not-retained-after-session\r\n* http://stackoverflow.com/questions/30311947/asp-identity-cookieauthenticationoptions-expiretimespan-not-set",
    "LastUpdatedDate": "2017-11-28T00:28:51.06-08:00",
    "PlannedForRelease": "Next",
    "ReleaseVisibleToPublic": false,
    "Priority": {
      "Name": "Unassigned",
      "Severity": 0,
      "Id": 0
    },
    "ProjectName": "aspnetidentity",
    "ReportedDate": "2015-05-21T12:28:57.103-07:00",
    "Status": {
      "Name": "Proposed",
      "Id": 1
    },
    "ReasonClosed": {
      "Name": "Unassigned"
    },
    "Summary": "2 Factor Remember Browser Cookie expiration not set correctly",
    "Type": {
      "Name": "Unassigned",
      "Id": 5
    },
    "VoteCount": 5,
    "Id": 2532
  },
  "FileAttachments": [],
  "Comments": [
    {
      "Message": "I too have this problem, and would like to hear how exactly its meant to work - thanks",
      "PostedDate": "2015-05-22T02:49:55.59-07:00",
      "Id": 184693
    },
    {
      "Message": "Any update on this?",
      "PostedDate": "2015-06-16T06:09:27.967-07:00",
      "Id": 185584
    },
    {
      "Message": "Issue is also posted here: https://github.com/aspnet/Identity/issues/309#issuecomment-112449221\n\nI was able to hack my way around this.",
      "PostedDate": "2015-06-17T02:57:17.037-07:00",
      "Id": 185606
    },
    {
      "Message": "The way the current code is set up to expire the 2FA in 14 days is going to cause serious blow back by the users who are using my web application. They are professional athletes who do understand security and don't really care. However, some security needs to be in place to prevent unwanted eyes within team portals. It is bad enough to expire their passwords every so often (hell, I don't know many people who like that feature especially when it is coupled with don't try to use you last 1000 passwords!). Now, implementing 2FA with a frequency of 2 weeks, oh boy am I glad I am on this side of the pond and not the other where they would rip me apart.\n\nThis should be settable. Some teams will want a certain period, others more frequent or less frequent. I am just glad these guys ride bikes and don't wield baseball bats.",
      "PostedDate": "2015-09-13T14:17:40.267-07:00",
      "Id": 190174
    },
    {
      "Message": "Any updates on this?\n\nI need a way to remember the 2FA for like 30 days with SlidingExpiration but I don't want to remember the user for 30 days. I want the ApplicationCookie to expire at session (it's a financial app so security is important).\n\nI seem to bump against this issue.",
      "PostedDate": "2016-07-12T09:45:38.267-07:00",
      "Id": 200566
    },
    {
      "Message": "Never got anything official feedback - the stack overflow questions give some work arounds\n[TEXT](http://stackoverflow.com/questions/28745143/asp-net-identity-with-2fa-remember-browser-cookie-not-retained-after-session)",
      "PostedDate": "2016-07-13T04:15:56.017-07:00",
      "Id": 200586
    },
    {
      "Message": "Those workarounds didn't seem to work for me unfortunately. ",
      "PostedDate": "2016-07-13T05:10:36.763-07:00",
      "Id": 200587
    }
  ]
}