{
  "WorkItem": {
    "AffectedComponent": {
      "Name": "",
      "DisplayName": ""
    },
    "ClosedComment": "Fixed for 2.1",
    "ClosedDate": "2014-05-19T16:48:39.873-07:00",
    "CommentCount": 1,
    "Custom": "",
    "Description": "Please change the IdentityResult's boolean parameter constructor from private to protected or public.\n\nI am writing a custom implementation of UserManager wherein we need to provide a custom IdentityResult. The custom IdentityResult derives from IdentityResult, with additional identity-related data that resulted from the action, namely the level of pre-completion of a long-running deferred process. The intention was to check to see if the result's Succeeded property was true, then check to see if result is MyDerivedIdentityResult and if so to read out the extra data. (EDIT: Actually just the custom derived class alone was the only qualifier of additional state info.) This is not possible, because the Successful version of IdentityResult is static and effectively sealed behavior (Succeeded itself is not virtual, and it's a static singleton anyway). There is no way to set the Succeeded property, nor is there a way to declare it upon instantiating via the constructor because the boolean parameter flavor of the constructor is private.\n\nThe wonky way we have to do this is to have a result with Succeded==false (but with a `new`-marked Succeeded property that can return true) that gets gracefully casted to the preferred type and checked before its Succeeded state is ever tested. \n\nPlease change the IdentityResult's boolean parameter constructor from private to protected or public.",
    "LastUpdatedDate": "2014-05-19T16:48:39.873-07:00",
    "PlannedForRelease": "2.1",
    "ReleaseVisibleToPublic": true,
    "Priority": {
      "Name": "Unassigned",
      "Severity": 0,
      "Id": 0
    },
    "ProjectName": "aspnetidentity",
    "ReportedDate": "2014-04-28T16:19:23.103-07:00",
    "Status": {
      "Name": "Closed",
      "Id": 4
    },
    "ReasonClosed": {
      "Name": "Unassigned"
    },
    "Summary": "IdentityResult success is static, effectively sealed",
    "Type": {
      "Name": "Unassigned",
      "Id": 5
    },
    "VoteCount": 1,
    "Id": 2182
  },
  "FileAttachments": [],
  "Comments": [
    {
      "Message": "Made constructor protected",
      "PostedDate": "2014-05-06T16:21:18.417-07:00",
      "Id": 174139
    }
  ]
}