{
  "WorkItem": {
    "AffectedComponent": {
      "Name": "",
      "DisplayName": ""
    },
    "ClosedComment": "It was decided to keep the change of the primary key to UserId. Verified migration scenario works as expected with EF 6.1.0-alpha1",
    "ClosedDate": "2013-12-18T15:48:02.9-08:00",
    "CommentCount": 1,
    "Custom": "",
    "Description": "In the latest builds of Identity, the 'User_Id' is changed to 'UserId' in the UserClaims class. This might not be necessary if not affecting the functionality. This change can be reverted back",
    "LastUpdatedDate": "2013-12-18T15:48:02.9-08:00",
    "PlannedForRelease": "",
    "ReleaseVisibleToPublic": false,
    "Priority": {
      "Name": "Unassigned",
      "Severity": 0,
      "Id": 0
    },
    "ProjectName": "aspnetidentity",
    "ReportedDate": "2013-12-05T11:33:25.197-08:00",
    "Status": {
      "Name": "Closed",
      "Id": 4
    },
    "ReasonClosed": {
      "Name": "Unassigned"
    },
    "Summary": "Foreign key 'User_Id' for UserClaims not be changed to 'UserId' in 1.1.0-alpha1",
    "Type": {
      "Name": "Unassigned",
      "Id": 5
    },
    "VoteCount": 1,
    "Id": 1930
  },
  "FileAttachments": [],
  "Comments": [
    {
      "Message": "Please verify that the migration sceanrio works",
      "PostedDate": "2013-12-16T15:19:48.247-08:00",
      "Id": 173875
    }
  ]
}