{
  "WorkItem": {
    "AffectedComponent": {
      "Name": "",
      "DisplayName": ""
    },
    "ClosedComment": "The packages are now live on NuGet",
    "ClosedDate": "2015-04-07T10:16:04.037-07:00",
    "CommentCount": 2,
    "Custom": null,
    "Description": "Is there an ETA on getting 2.2.1 on NuGet?",
    "LastUpdatedDate": "2017-11-28T00:28:51.467-08:00",
    "PlannedForRelease": "2.2.1",
    "ReleaseVisibleToPublic": true,
    "Priority": {
      "Name": "Unassigned",
      "Severity": 0,
      "Id": 0
    },
    "ProjectName": "aspnetidentity",
    "ReportedDate": "2015-03-13T02:17:53.607-07:00",
    "Status": {
      "Name": "Closed",
      "Id": 4
    },
    "ReasonClosed": {
      "Name": "Fixed"
    },
    "Summary": "2.2.1 on NuGet?",
    "Type": {
      "Name": "Unassigned",
      "Id": 5
    },
    "VoteCount": 3,
    "Id": 2513
  },
  "FileAttachments": [],
  "Comments": [
    {
      "Message": "We are working on it right now and it should be out soon. Hopefully within the next week.",
      "PostedDate": "2015-03-13T09:39:23.997-07:00",
      "Id": 178094
    },
    {
      "Message": "Sure mean time we have a fix checked and available on nightly for issue #2508. You can test with those packages from https://www.myget.org/f/aspnetwebstacknightly/. ",
      "PostedDate": "2015-03-13T17:29:43.77-07:00",
      "Id": 178121
    }
  ]
}