{
  "WorkItem": {
    "AffectedComponent": {
      "Name": "",
      "DisplayName": ""
    },
    "ClosedComment": "Added a bug in the internal database to update the templates",
    "ClosedDate": "2014-04-30T17:59:50.293-07:00",
    "CommentCount": 0,
    "Custom": "",
    "Description": "Inside the SPA template which comes with VS 2013 update 1, AccountController.RegisterExternal adds the login in a wrong way. \n\n    // POST api/Account/RegisterExternal\n    [OverrideAuthentication]\n    [HostAuthentication(DefaultAuthenticationTypes.ExternalBearer)]\n    [Route(\"RegisterExternal\")]\n    public async Task<IHttpActionResult> RegisterExternal(RegisterExternalBindingModel model)\n    {\n        if (!ModelState.IsValid)\n        {\n            return BadRequest(ModelState);\n        }\n\n        ExternalLoginData externalLogin = ExternalLoginData.FromIdentity(User.Identity as ClaimsIdentity);\n\n        if (externalLogin == null)\n        {\n            return InternalServerError();\n        }\n\n        IdentityUser user = new IdentityUser\n        {\n            UserName = model.UserName\n        };\n        user.Logins.Add(new IdentityUserLogin\n        {\n            LoginProvider = externalLogin.LoginProvider,\n            ProviderKey = externalLogin.ProviderKey\n        });\n        IdentityResult result = await UserManager.CreateAsync(user);\n        IHttpActionResult errorResult = GetErrorResult(result);\n\n        if (errorResult != null)\n        {\n            return errorResult;\n        }\n\n        return Ok();\n    }\n\nIt shouldn't use user.Logins.Add, it should be using UserManager.AddLoginAsync as below:\n\n\t[OverrideAuthentication]\n\t[HostAuthentication(DefaultAuthenticationTypes.ExternalBearer)]\n\t[Route(\"RegisterExternal\")]\n\tpublic async Task<IHttpActionResult> RegisterExternal(RegisterExternalBindingModel model)\n\t{\n\t\t\tif (!ModelState.IsValid)\n\t\t\t{\n\t\t\t\t\treturn BadRequest(ModelState);\n\t\t\t}\n\n\t\t\tExternalLoginData externalLogin = ExternalLoginData.FromIdentity(User.Identity as ClaimsIdentity);\n\n\t\t\tif (externalLogin == null)\n\t\t\t{\n\t\t\t\t\treturn InternalServerError();\n\t\t\t}\n\n\t\t\tRavenUser user = new RavenUser(model.UserName);\n\t\t\tIdentityResult result = await UserManager.CreateAsync(user);\n\t\t\tif (result.Succeeded)\n\t\t\t{\n\t\t\t\t\tresult = await UserManager.AddLoginAsync(user.Id, new UserLoginInfo(externalLogin.LoginProvider, externalLogin.ProviderKey));\n\t\t\t\t\tif (result.Succeeded)\n\t\t\t\t\t{\n\t\t\t\t\t\t\treturn Ok();\n\t\t\t\t\t}\n\t\t\t}\n\n\t\t\treturn GetErrorResult(result);\n\t}\n\nThis causes problems on cases where you wanna change the underlying UserStore: https://github.com/tugberkugurlu/AspNet.Identity.RavenDB/issues/26",
    "LastUpdatedDate": "2014-04-30T17:59:50.293-07:00",
    "PlannedForRelease": "",
    "ReleaseVisibleToPublic": false,
    "Priority": {
      "Name": "Unassigned",
      "Severity": 0,
      "Id": 0
    },
    "ProjectName": "aspnetidentity",
    "ReportedDate": "2014-04-18T23:18:36.733-07:00",
    "Status": {
      "Name": "Closed",
      "Id": 4
    },
    "ReasonClosed": {
      "Name": "Unassigned"
    },
    "Summary": "[SPA Template] RegisterExternal adds the login in a wrong way",
    "Type": {
      "Name": "Unassigned",
      "Id": 5
    },
    "VoteCount": 2,
    "Id": 2165
  },
  "FileAttachments": [],
  "Comments": []
}