{
  "WorkItem": {
    "AffectedComponent": {
      "Name": "",
      "DisplayName": ""
    },
    "ClosedComment": "Please look at the home page which has instructions on how to setup debugging.",
    "ClosedDate": "2015-01-08T15:17:43.587-08:00",
    "CommentCount": 0,
    "Custom": "",
    "Description": "I followed the instructions on the CodePlex home page for debugging Identity but had no luck with it.\n\nIt seems that the Symbols server that is referenced in the instructions is not working correctly:\n\nhttp://srv.symbolsource.org/pdb/MyGet\n\nOr maybe, I am doing something incorrectly, can someone please advise what could be the steps to get this working?\n\nThanks very much!\n\nK",
    "LastUpdatedDate": "2015-01-08T15:17:43.587-08:00",
    "PlannedForRelease": "2.2.0-alpha1",
    "ReleaseVisibleToPublic": true,
    "Priority": {
      "Name": "Unassigned",
      "Severity": 0,
      "Id": 0
    },
    "ProjectName": "aspnetidentity",
    "ReportedDate": "2014-09-13T08:07:47.303-07:00",
    "Status": {
      "Name": "Closed",
      "Id": 4
    },
    "ReasonClosed": {
      "Name": "Unassigned"
    },
    "Summary": "Debugging Identity in VS 2013",
    "Type": {
      "Name": "Unassigned",
      "Id": 5
    },
    "VoteCount": 1,
    "Id": 2404
  },
  "FileAttachments": [],
  "Comments": []
}