{
  "WorkItem": {
    "AffectedComponent": {
      "Name": "",
      "DisplayName": ""
    },
    "ClosedComment": "",
    "ClosedDate": "2015-10-05T15:15:27.867-07:00",
    "CommentCount": 1,
    "Custom": null,
    "Description": "In my application there is a line that gets all users\r\n\r\n     var claims = userManager.Users.ToList()\r\n\r\nAnd then attempts to aggregate all claims. This seems to break as no claims are loaded at all with `LazyLoadingEnabled = false`. \r\n\r\nI understand the issue, but there seems to be no way to fix it as there is no `Include()` method on IQueryable and EF (insanely) doesn't support eager collection loading. \r\n\r\nWhat the heck? What's the solution here? Is this a bug that's known? One that's going to get fixed?",
    "LastUpdatedDate": "2015-10-05T15:15:27.867-07:00",
    "PlannedForRelease": "",
    "ReleaseVisibleToPublic": false,
    "Priority": {
      "Name": "Unassigned",
      "Severity": 0,
      "Id": 0
    },
    "ProjectName": "aspnetidentity",
    "ReportedDate": "2015-09-23T13:47:37.31-07:00",
    "Status": {
      "Name": "Closed",
      "Id": 4
    },
    "ReasonClosed": {
      "Name": "Not A Bug"
    },
    "Summary": "Cannot load Claims of all Users with lazy loading disabled",
    "Type": {
      "Name": "Unassigned",
      "Id": 5
    },
    "VoteCount": 1,
    "Id": 2540
  },
  "FileAttachments": [],
  "Comments": [
    {
      "Message": "You need to include the System.Data.Entity namespace which has the Include() extension method.",
      "PostedDate": "2015-10-05T15:15:19.923-07:00",
      "Id": 191136
    }
  ]
}