{
  "WorkItem": {
    "AffectedComponent": {
      "Name": "",
      "DisplayName": ""
    },
    "ClosedComment": "This is not a security vulnerability. The cookies are shared locally but they wont be in production",
    "ClosedDate": "2014-06-04T14:20:09.543-07:00",
    "CommentCount": 0,
    "Custom": "",
    "Description": "Possible vulnerability in Asp.Net Identity 2\n\nI've discovered strange thing today on my developer machine.\n\n1. I've opened the Microsoft.AspNet.Identity.Samples 2.0.0-beta2 available via NuGet to see how it’s made, let’s call it Project A\n2. I've created new MVC5 project with ASP.Net Identity Individual User Account to play with - Project B - with User Administration part copied from A\n3. In A I've created a new user with my e-mail, without specific role assigned, I've logged in with this e-mail and with Remember Me checkbox marked (IE on Win8.1)\n4. I've closed project A and exited Visual Studio\n5. In project B I've created a user with the same e-mail but this time with Admin role, and also logged with Remember Me check box\n6. I've closed Project B and exited Visual Studio\n7. I've run Project A again\n\nNow I can edit users in A as an Admin thought I'm not an Admin in project A\nProject A uses different database then B, they also runs on different ports of IIs Express.\nBoth projects were upgraded to Asp.Net Identity 2.0.1 via NuGet.\nI'm using Update2 on VS2013.\n\nIs this a developer machine unwitting behavior or is it a vulnerability in the Identity implementation.",
    "LastUpdatedDate": "2014-06-04T14:20:09.543-07:00",
    "PlannedForRelease": "",
    "ReleaseVisibleToPublic": false,
    "Priority": {
      "Name": "Unassigned",
      "Severity": 0,
      "Id": 0
    },
    "ProjectName": "aspnetidentity",
    "ReportedDate": "2014-05-26T15:07:52.653-07:00",
    "Status": {
      "Name": "Closed",
      "Id": 4
    },
    "ReasonClosed": {
      "Name": "Unassigned"
    },
    "Summary": "Possible vulnerability on dev machine",
    "Type": {
      "Name": "Unassigned",
      "Id": 5
    },
    "VoteCount": 1,
    "Id": 2238
  },
  "FileAttachments": [],
  "Comments": []
}