{
  "WorkItem": {
    "AffectedComponent": {
      "Name": "",
      "DisplayName": ""
    },
    "ClosedComment": "",
    "ClosedDate": "2014-04-16T15:50:22.26-07:00",
    "CommentCount": 2,
    "Custom": "",
    "Description": "I need to pass in a DbConnection to my Context but IdentityDbContext doesn't provide a suitable constructor. Providing the DbCompiledModel to the available constructor doesn't work as the required entity configurations/mappings aren't applied to it.",
    "LastUpdatedDate": "2014-04-16T16:34:21.853-07:00",
    "PlannedForRelease": "",
    "ReleaseVisibleToPublic": false,
    "Priority": {
      "Name": "Unassigned",
      "Severity": 0,
      "Id": 0
    },
    "ProjectName": "aspnetidentity",
    "ReportedDate": "2014-03-30T21:31:43.757-07:00",
    "Status": {
      "Name": "Closed",
      "Id": 4
    },
    "ReasonClosed": {
      "Name": "Unassigned"
    },
    "Summary": "No Constructor that accepts a DbConnection",
    "Type": {
      "Name": "Unassigned",
      "Id": 5
    },
    "VoteCount": 3,
    "Id": 2134
  },
  "FileAttachments": [],
  "Comments": [
    {
      "Message": "Is this constructor not sufficient?\r\n\r\n        ///         ///     Constructs a new context instance using the existing connection to connect to a database, and initializes it from        ///     the given model.  The connection will not be disposed when the context is disposed if contextOwnsConnection is        ///     false.        ///         /// \r\nAn existing connection to use for the new context.\r\n        /// \r\nThe model that will back this context.\r\n        /// \r\n        ///     Constructs a new context instance using the existing connection to connect to a        ///     database, and initializes it from the given model.  The connection will not be disposed when the context is        ///     disposed if contextOwnsConnection is false.        /// \r\n        public IdentityDbContext(DbConnection existingConnection, DbCompiledModel model, bool contextOwnsConnection)            : base(existingConnection, model, contextOwnsConnection)        {        }",
      "PostedDate": "2014-04-16T15:49:44.287-07:00",
      "Id": 174075
    },
    {
      "Message": "I had issue compiling the model and passing it in as it didn't include identities model builder configuration. I could be doing something silly though. ",
      "PostedDate": "2014-04-16T16:34:21.853-07:00",
      "Id": 174076
    }
  ]
}