{
  "WorkItem": {
    "AffectedComponent": {
      "Name": "",
      "DisplayName": ""
    },
    "ClosedComment": "Call base.OnModelCreating before adding your configurations.\n",
    "ClosedDate": "2015-06-03T14:50:20.567-07:00",
    "CommentCount": 2,
    "Custom": null,
    "Description": "I am using ASP.NET Identity 2.1 on a Web API project (trying to build an OAuth Server). Beside changing the primary key to GUID on those identity tables (i.e., AppUser, AppUserRole, etc), I would like to rename the table names to something like ServerUser, ServerUserRole, etc.\r\n\r\nI have the custom identity classes setup:\r\n_screenshot #1_\r\n![Image](https://scontent.xx.fbcdn.net/hphotos-xft1/v/t1.0-9/11076186_10204721681216732_5848940469500649434_n.jpg?oh=c26caa1d350a012ba9f0a2e21c89ec5e&oe=557BE853)\r\n_screenshot #2_\r\n![Image](https://scontent.xx.fbcdn.net/hphotos-xpf1/v/t1.0-9/11013182_10204721681256733_8871463140060619505_n.jpg?oh=3c74a36cb6fbc35a2adeb911f419a319&oe=55B3D4BD)\r\n\r\nI have the class called \"ServerIdentityDbContext\" which inherits from IdentityDbContext. The connection string will be injected using Simple Injector:\r\n_screenshot #3_\r\n![Image](https://scontent.xx.fbcdn.net/hphotos-xpa1/v/t1.0-9/10403185_10204721681296734_1010216132575491014_n.jpg?oh=47cbdce16cab41f95727dc3d112637a8&oe=557301C9)\r\n\r\nI also have setup the dbInitializer to be \"DropCreateDatabaseAlways\" and seed one demo user:\r\n_screenshot #4_\r\n![Image](https://scontent.xx.fbcdn.net/hphotos-xfp1/v/t1.0-9/10402982_10204721681536740_377750233575411032_n.jpg?oh=58019e94c96cc991c10d022d03c34c8d&oe=55BA889A)\r\n\r\n__This is the issue:__\r\nI can rename the table names using modelBuilder.Entity<ServerUser>().ToTable(\"ServerUser\"); but I can't using the fluent API, i.e., I have a folder called \"Mappings\" which contains all the mapping classes which inherit from EntityTypeConfiguration<TEntityType> and add those configuration mappings using modleBuilder.Configurations.Add(new ServerUserMap());\r\n_screenshot #5_\r\n![Image](https://fbcdn-sphotos-g-a.akamaihd.net/hphotos-ak-xpa1/v/t1.0-9/11073278_10204721681576741_5919414668229091121_n.jpg?oh=ef62bd6db9e89b7c2a0b37b90c7eac98&oe=557163BA&__gda__=1437824940_bd2e489f02c3cb3fa11ae98455de52d8)\r\n_screenshot #6_\r\n![Image](https://scontent.xx.fbcdn.net/hphotos-xfa1/v/t1.0-9/10563068_10204721681816747_2028711279305193470_n.jpg?oh=a278c7cd0a45cee4a5666b8f1deb0acb&oe=5579A152)",
    "LastUpdatedDate": "2015-06-03T14:50:20.567-07:00",
    "PlannedForRelease": "",
    "ReleaseVisibleToPublic": false,
    "Priority": {
      "Name": "Unassigned",
      "Severity": 0,
      "Id": 0
    },
    "ProjectName": "aspnetidentity",
    "ReportedDate": "2015-03-19T10:30:11.87-07:00",
    "Status": {
      "Name": "Closed",
      "Id": 4
    },
    "ReasonClosed": {
      "Name": "Not A Bug"
    },
    "Summary": "Cannot rename table names using fluent API",
    "Type": {
      "Name": "Unassigned",
      "Id": 5
    },
    "VoteCount": 1,
    "Id": 2516
  },
  "FileAttachments": [],
  "Comments": [
    {
      "Message": "Try calling base.OnModelCreating before adding your configurations.",
      "PostedDate": "2015-04-29T05:07:42.733-07:00",
      "Id": 183587
    },
    {
      "Message": "Sure you can: https://github.com/bchristie/AspNetIdentity-RenameTables\n\nJust, keep in mind that the table names, keys, etc. are all being mapped in the IdentityDbContext.OnModelCreating. So, to override that behavior, you must let it run first.",
      "PostedDate": "2015-05-10T10:22:19.377-07:00",
      "Id": 184176
    }
  ]
}