{
  "WorkItem": {
    "AffectedComponent": {
      "Name": "",
      "DisplayName": ""
    },
    "ClosedComment": "",
    "ClosedDate": null,
    "CommentCount": 0,
    "Custom": null,
    "Description": "I need a way to generate custom tokens.\r\nLooking over source code I found Rfc6238AuthenticationService class.\r\nI'd like to use it, but because it is internal I'd like to avoid copying that class just to make it public.",
    "LastUpdatedDate": "2016-10-26T06:44:03.42-07:00",
    "PlannedForRelease": "",
    "ReleaseVisibleToPublic": false,
    "Priority": {
      "Name": "Unassigned",
      "Severity": 0,
      "Id": 0
    },
    "ProjectName": "aspnetidentity",
    "ReportedDate": "2016-10-26T06:44:03.42-07:00",
    "Status": {
      "Name": "Proposed",
      "Id": 1
    },
    "ReasonClosed": {
      "Name": "Unassigned"
    },
    "Summary": "Make Rfc6238AuthenticationService and SecurityToken public",
    "Type": {
      "Name": "Unassigned",
      "Id": 5
    },
    "VoteCount": 1,
    "Id": 2557
  },
  "FileAttachments": [],
  "Comments": []
}