{
  "WorkItem": {
    "AffectedComponent": {
      "Name": "",
      "DisplayName": ""
    },
    "ClosedComment": "This was not an identity bug, but a problem in katana 3.0 which has been fixed in aspnet vnext",
    "ClosedDate": "2014-11-17T14:58:06.123-08:00",
    "CommentCount": 0,
    "Custom": "",
    "Description": "If user take no action for a while and then clicks LogOut it won't actually do that. \nThis happens because of SecurityStampValidator.OnValidateIdentity. It has regenerateIdentityCallback to get a fresh Identity if validateInterval elapsed and sets AuthenticationManager.AuthenticationResponseGrant.\nThen the flow goes to LogOut action and there is AuthemicationManager.SigOut() call which sets AuthenticationManager.AuthenticationResponseRevoke. So both of them are set in this situation and LofOff doesn't happen. \nMaybe Revoke should clear Grant of the same type if it present?",
    "LastUpdatedDate": "2014-11-17T14:58:06.123-08:00",
    "PlannedForRelease": "",
    "ReleaseVisibleToPublic": false,
    "Priority": {
      "Name": "Unassigned",
      "Severity": 0,
      "Id": 0
    },
    "ProjectName": "aspnetidentity",
    "ReportedDate": "2014-10-22T00:25:29.797-07:00",
    "Status": {
      "Name": "Closed",
      "Id": 4
    },
    "ReasonClosed": {
      "Name": "Unassigned"
    },
    "Summary": "SignOut vs RegenerateIdentityCallback",
    "Type": {
      "Name": "Unassigned",
      "Id": 5
    },
    "VoteCount": 1,
    "Id": 2442
  },
  "FileAttachments": [],
  "Comments": []
}