{
  "WorkItem": {
    "AffectedComponent": {
      "Name": "",
      "DisplayName": ""
    },
    "ClosedComment": "Verified nightly http://myget.org/f/aspnetwebstacknightly as of 01/21 and the samples packages is being up. The properties on the nuspec are updated to reflect the right author, version and license. Need to update description for additional information",
    "ClosedDate": "2014-01-21T11:02:35.403-08:00",
    "CommentCount": 3,
    "Custom": "",
    "Description": "Create a NuGet package which has samples for Identity",
    "LastUpdatedDate": "2017-11-28T00:28:51.59-08:00",
    "PlannedForRelease": "2.0.0-Beta1",
    "ReleaseVisibleToPublic": false,
    "Priority": {
      "Name": "Unassigned",
      "Severity": 0,
      "Id": 0
    },
    "ProjectName": "aspnetidentity",
    "ReportedDate": "2013-12-09T18:02:18.81-08:00",
    "Status": {
      "Name": "Closed",
      "Id": 4
    },
    "ReasonClosed": {
      "Name": "Unassigned"
    },
    "Summary": "Create a Microsoft.ASP.NET.Identity Samples packages",
    "Type": {
      "Name": "Feature",
      "Id": 1
    },
    "VoteCount": 1,
    "Id": 1938
  },
  "FileAttachments": [],
  "Comments": [
    {
      "Message": "Push it to the Nighlty Builds",
      "PostedDate": "2013-12-16T15:23:42.347-08:00",
      "Id": 173876
    },
    {
      "Message": "Nightly Build samples package is good to have description noting that installation will replace current files like IdentityModel.cs, Startup.cs etc. Also in description to suggest to use a new project to avoid any mistake/overwriting of files.\r\n\r\nOr just release to \"Visual Studio Samples for New Project\" as beta/nightly build sample.",
      "PostedDate": "2014-01-18T04:19:06.2-08:00",
      "Id": 173877
    },
    {
      "Message": "Pushed to nightly",
      "PostedDate": "2014-01-21T09:52:46.94-08:00",
      "Id": 173878
    }
  ]
}