{
  "WorkItem": {
    "AffectedComponent": {
      "Name": "",
      "DisplayName": ""
    },
    "ClosedComment": "Verified that in build 488 the OnValidateIdentity method takes the TUser and TKey which can be configured based on the PK type of the user",
    "ClosedDate": "2014-01-22T16:31:10.187-08:00",
    "CommentCount": 2,
    "Custom": "",
    "Description": "Ported from internal TFS:\n\nHao:\nThere is a generic parameter now for the key type and a func for getting the UserId out of the identity\n\nSuhas:\nIn the templates, if we change the primary key type to int from string, an error is thrown in the StartUp.Auth.cs class for the SecurityStampValidator.OnValidateIdentity method. The method is hardcoded to take an IUser with primarkey string and hence cannot be used when the Applcation User has Tkey to int. As of now the user has to reimplement this code in the templates making the changes for int. Since it is a complex piece of code by beginners standards, we might want to see how to make the experience better.",
    "LastUpdatedDate": "2014-04-18T14:28:39.933-07:00",
    "PlannedForRelease": "2.0.0-Beta1",
    "ReleaseVisibleToPublic": false,
    "Priority": {
      "Name": "Medium",
      "Severity": 100,
      "Id": 2
    },
    "ProjectName": "aspnetidentity",
    "ReportedDate": "2014-01-17T13:43:43.25-08:00",
    "Status": {
      "Name": "Closed",
      "Id": 4
    },
    "ReasonClosed": {
      "Name": "Unassigned"
    },
    "Summary": "Need to have a generic OnValidateIdentity in SecurityStampValidator class",
    "Type": {
      "Name": "Issue",
      "Id": 3
    },
    "VoteCount": 1,
    "Id": 1975
  },
  "FileAttachments": [],
  "Comments": [
    {
      "Message": "Where do I get this change?  I'm using ASP .NET Identity 2.0 and can't figure out how to use OnValidateIdentity with a UserManager and IdentityUser class that uses integer primary keys.",
      "PostedDate": "2014-04-18T13:55:41.423-07:00",
      "Id": 173907
    },
    {
      "Message": "@MattOI: The following sample has an application configured for integer PK \r\n\r\nhttps://aspnet.codeplex.com/SourceControl/latest#Samples/Identity/ChangePK/ ",
      "PostedDate": "2014-04-18T14:28:39.933-07:00",
      "Id": 173908
    }
  ]
}