{
  "WorkItem": {
    "AffectedComponent": {
      "Name": "",
      "DisplayName": ""
    },
    "ClosedComment": "Not heard back from customer. Reopen with details if you are hitting the issue with the latest EF and Identity bits",
    "ClosedDate": "2015-01-27T11:20:08.177-08:00",
    "CommentCount": 13,
    "Custom": "",
    "Description": "I upgraded ASP.NET Identity v2 from v1, and have fixed the AspNetUsers table to get my old API project working with the new table schema. However, the RegisterExternal code is now broken with the following message (basically this call failed: IdentityResult result = await UserManager.CreateAsync(user);. Since the Register method works OK, I can only presume something went wrong with the AspNetUserLogins table? What do I have to change in order to get this working again?\n\nMessage: \"An error has occurred.\"\nExceptionMessage: \"Validation failed for one or more entities. See 'EntityValidationErrors' property for more details.\"\nExceptionType: \"System.Data.Entity.Validation.DbEntityValidationException\"\nStackTrace: \" at System.Data.Entity.Internal.InternalContext.SaveChangesAsync(CancellationToken cancellationToken) at System.Data.Entity.Internal.LazyInternalContext.SaveChangesAsync(CancellationToken cancellationToken) at System.Data.Entity.DbContext.SaveChangesAsync(CancellationToken cancellationToken) at System.Data.Entity.DbContext.SaveChangesAsync() at Microsoft.AspNet.Identity.EntityFramework.UserStore`6.<SaveChanges>d__31.MoveNext() --- End of stack trace from previous location where exception was thrown --- at System.Runtime.CompilerServices.TaskAwaiter.ThrowForNonSuccess(Task task) at System.Runtime.CompilerServices.TaskAwaiter.HandleNonSuccessAndDebuggerNotification(Task task) at System.Runtime.CompilerServices.ConfiguredTaskAwaitable.ConfiguredTaskAwaiter.GetResult() at Microsoft.AspNet.Identity.EntityFramework.UserStore`6.<CreateAsync>d__c.MoveNext() --- End of stack trace from previous location where exception was thrown --- at System.Runtime.CompilerServices.TaskAwaiter.ThrowForNonSuccess(Task task) at System.Runtime.CompilerServices.TaskAwaiter.HandleNonSuccessAndDebuggerNotification(Task task) at System.Runtime.CompilerServices.ConfiguredTaskAwaitable.ConfiguredTaskAwaiter.GetResult() at Microsoft.AspNet.Identity.UserManager`2.<CreateAsync>d__0.MoveNext() --- End of stack trace from previous location where exception was thrown --- at System.Runtime.CompilerServices.TaskAwaiter.ThrowForNonSuccess(Task task) at System.Runtime.CompilerServices.TaskAwaiter.HandleNonSuccessAndDebuggerNotification(Task task) at System.Runtime.CompilerServices.TaskAwaiter`1.GetResult() at WikiPlans.API.Controllers.AccountController.<RegisterExternal>d__37.MoveNext() in c:\\TFS_NganGmail\\Dev\\src\\WikiPlans\\WikiPlans.API\\Controllers\\Apis\\v1\\AccountController.cs:line 464 --- End of stack trace from previous location where exception was thrown --- at System.Runtime.CompilerServices.TaskAwaiter.ThrowForNonSuccess(Task task) at System.Runtime.CompilerServices.TaskAwaiter.HandleNonSuccessAndDebuggerNotification(Task task) at System.Runtime.CompilerServices.TaskAwaiter`1.GetResult() at System.Threading.Tasks.TaskHelpersExtensions.<CastToObject>d__3`1.MoveNext() --- End of stack trace from previous location where exception was thrown --- at System.Runtime.CompilerServices.TaskAwaiter.ThrowForNonSuccess(Task task) at System.Runtime.CompilerServices.TaskAwaiter.HandleNonSuccessAndDebuggerNotification(Task task) at System.Runtime.CompilerServices.TaskAwaiter`1.GetResult() at System.Web.Http.Controllers.ApiControllerActionInvoker.<InvokeActionAsyncCore>d__0.MoveNext() --- End of stack trace from previous location where exception was thrown --- at System.Runtime.CompilerServices.TaskAwaiter.ThrowForNonSuccess(Task task) at System.Runtime.CompilerServices.TaskAwaiter.HandleNonSuccessAndDebuggerNotification(Task task) at System.Runtime.CompilerServices.TaskAwaiter`1.GetResult() at System.Web.Http.Controllers.ActionFilterResult.<ExecuteAsync>d__2.MoveNext() --- End of stack trace from previous location where exception was thrown --- at System.Runtime.CompilerServices.TaskAwaiter.ThrowForNonSuccess(Task task) at System.Runtime.CompilerServices.TaskAwaiter.HandleNonSuccessAndDebuggerNotification(Task task) at System.Runtime.CompilerServices.TaskAwaiter`1.GetResult() at System.Web.Http.Filters.AuthorizationFilterAttribute.<ExecuteAuthorizationFilterAsyncCore>d__2.MoveNext() --- End of stack trace from previous location where exception was thrown --- at System.Runtime.CompilerServices.TaskAwaiter.ThrowForNonSuccess(Task task) at System.Runtime.CompilerServices.TaskAwaiter.HandleNonSuccessAndDebuggerNotification(Task task) at System.Runtime.CompilerServices.TaskAwaiter`1.GetResult() at System.Web.Http.Controllers.AuthenticationFilterResult.<ExecuteAsync>d__0.MoveNext() --- End of stack trace from previous location where exception was thrown --- at System.Runtime.CompilerServices.TaskAwaiter.ThrowForNonSuccess(Task task) at System.Runtime.CompilerServices.TaskAwaiter.HandleNonSuccessAndDebuggerNotification(Task task) at System.Runtime.CompilerServices.TaskAwaiter`1.GetResult() at System.Web.Http.Dispatcher.HttpControllerDispatcher.<SendAsync>d__0.MoveNext()\"",
    "LastUpdatedDate": "2015-01-27T11:20:08.177-08:00",
    "PlannedForRelease": "",
    "ReleaseVisibleToPublic": false,
    "Priority": {
      "Name": "Unassigned",
      "Severity": 0,
      "Id": 0
    },
    "ProjectName": "aspnetidentity",
    "ReportedDate": "2014-04-21T20:04:55.777-07:00",
    "Status": {
      "Name": "Closed",
      "Id": 4
    },
    "ReasonClosed": {
      "Name": "Unassigned"
    },
    "Summary": "ASP.NET Identity v2 breaks RegisterExternal API code",
    "Type": {
      "Name": "Unassigned",
      "Id": 5
    },
    "VoteCount": 1,
    "Id": 2169
  },
  "FileAttachments": [
    {
      "FileId": 1427765,
      "FileName": "IdentityModels.cs",
      "DownloadUrl": ".\\1427765"
    }
  ],
  "Comments": [
    {
      "Message": "@icuryy: do you add the external login account using user.Logins.Add(logininfo) and then try to create the user ? This would not work since the userId field would be missing. Try the following\r\n\r\nusermanager.createasync(user)usermanager.addloginasync(user.id,logininfo)",
      "PostedDate": "2014-04-22T11:56:39.957-07:00",
      "Id": 174106
    },
    {
      "Message": "Hi,Thanks for your response. I modified the code per your instructions, and now it doesn't throw an error anymore, but there are no records written to the AspNetUserLogins table either. Below are the code snippet and table structure:\r\n\r\n```IdentityResult result = await UserManager.CreateAsync(user);                        IHttpActionResult errorResult = GetErrorResult(result);\r\n\r\n            if (errorResult != null)            {                return errorResult;            }\r\n\r\n            result = await UserManager.AddLoginAsync(user.Id, new UserLoginInfo(externalLogin.LoginProvider, externalLogin.ProviderKey));            errorResult = GetErrorResult(result);\r\n\r\n            if (errorResult != null)            {                return errorResult;            }``````CREATE TABLE [dbo].[AspNetUserLogins](\t[LoginProvider] [nvarchar](128) NOT NULL,\t[ProviderKey] [nvarchar](128) NOT NULL,\t[UserId] [nvarchar](128) NOT NULL, CONSTRAINT [PK_dbo.AspNetUserLogins] PRIMARY KEY CLUSTERED (\t[LoginProvider] ASC,\t[ProviderKey] ASC,\t[UserId] ASC)WITH (PAD_INDEX = OFF, STATISTICS_NORECOMPUTE = OFF, IGNORE_DUP_KEY = OFF, ALLOW_ROW_LOCKS = ON, ALLOW_PAGE_LOCKS = ON))\r\n\r\nGO\r\n\r\nALTER TABLE [dbo].[AspNetUserLogins]  WITH CHECK ADD  CONSTRAINT [FK_dbo.AspNetUserLogins_dbo.AspNetUsers_UserId] FOREIGN KEY([UserId])REFERENCES [dbo].[AspNetUsers] ([Id])ON DELETE CASCADEGO```",
      "PostedDate": "2014-04-22T14:43:45.227-07:00",
      "Id": 174107
    },
    {
      "Message": "Looks fine to me. Did add a break point at the line \r\n\r\nerrorResult = GetErrorResult(result);\r\n\r\nAre there any errors?",
      "PostedDate": "2014-04-22T18:40:36.39-07:00",
      "Id": 174108
    },
    {
      "Message": "No errors (errorResult = null). Went right through.UserManager.CreateAsync(user) created the record in AspNetUsers.UserManager.AddLoginAsync(user.Id, new UserLoginInfo(externalLogin.LoginProvider, externalLogin.ProviderKey)) doesn't seem to do anything, even though externalLogin.LoginProvider and externalLogin.ProviderKey do have values.",
      "PostedDate": "2014-04-22T19:29:16.74-07:00",
      "Id": 174109
    },
    {
      "Message": "Can someone please help?",
      "PostedDate": "2014-04-24T09:59:58.137-07:00",
      "Id": 174110
    },
    {
      "Message": "ok I am not sure what the GetErrorResult does. What is the output in \r\n\r\nresult = await UserManager.AddLoginAsync(user.Id, new UserLoginInfo(externalLogin.LoginProvider, externalLogin.ProviderKey));\r\n\r\nWhat does the result object contain ? if it is a success, then the login is being successfully added in the database else it should show the error. That object cannot be null",
      "PostedDate": "2014-04-24T10:56:23.907-07:00",
      "Id": 174111
    },
    {
      "Message": "@suhasjGetErrorResult gets any errors from result, which in this case there are no errors (hence it = null).\r\n\r\nTo answer your question, result is of type IdentityResult, and it is a success (see screen shot).![Image](http://screencast.com/t/fvuuzYtrWa5p)\r\n\r\nI don't know why the actual DB record is not created :-(. I even tried the project against an empty database (i.e. let the code generate the tables), and it's the same issue. Again note that the record is inserted in table AspNetUsers correctly, so it's not an issue with the DB itself.\r\n\r\nThanks!",
      "PostedDate": "2014-04-24T11:39:48.323-07:00",
      "Id": 174112
    },
    {
      "Message": "Looks like the image didn't come through. Please click [HERE](http://screencast.com/t/fvuuzYtrWa5p) to see it.",
      "PostedDate": "2014-04-24T11:41:08.04-07:00",
      "Id": 174113
    },
    {
      "Message": "I don't fully get your question. You are saying the actual DB record is not created but the record is inserted in the AspNetUsers table. Can you elaborate on that ?",
      "PostedDate": "2014-05-06T18:12:57.183-07:00",
      "Id": 174114
    },
    {
      "Message": "I said the record wasn't created for table AspNetUserLogins. Table AspNetUsers is fine.\r\n\r\nHowever, I found the root cause. The DB context was having AutoDetectChangesEnabled = false, and that somehow impacted AspNetUserLogins table, but not AspNetUsers.",
      "PostedDate": "2014-05-06T18:52:50.053-07:00",
      "Id": 174115
    },
    {
      "Message": "@cmenegay: Glad you could figure that out. Can i close out this issue",
      "PostedDate": "2014-06-05T14:13:12.123-07:00",
      "Id": 174116
    },
    {
      "Message": "Hi,\r\n\r\nI got the same error as icurry, i've tried to use the solution posted above, but didnt work in my case.I've made some modifications on the Identity classes to have int primary key. The file is attached.Also, im using Visual Studio 2013 with SP3 and Identity 2.0.\r\n\r\nHere is the code where the exception occurs, on the ManageController:\r\n\r\n        public async Task LinkLoginCallback()        {            var loginInfo = await AuthenticationManager.GetExternalLoginInfoAsync(XsrfKey, User.Identity.GetUserId());            if (loginInfo == null)            {                return RedirectToAction(\"ManageLogins\", new { Message = ManageMessageId.Error });            }            ApplicationUser user = await UserManager.FindByIdAsync(User.Identity.GetUserId());\r\n\r\n            IdentityResult identityResult = await UserManager.CreateAsync(user);            var result = await UserManager.AddLoginAsync(user.Id, loginInfo.Login);            return result.Succeeded ? RedirectToAction(\"ManageLogins\") : RedirectToAction(\"ManageLogins\", new { Message = ManageMessageId.Error });        }\r\n\r\nAnyone could help?\r\n\r\nThanks!",
      "PostedDate": "2014-08-15T20:28:30.503-07:00",
      "Id": 174117
    },
    {
      "Message": "I am little confused by the code\r\n\r\n         ApplicationUser __user__ = await UserManager.FindByIdAsync(User.Identity.GetUserId());\r\n\r\n        IdentityResult identityResult = await UserManager.CreateAsync(__user__);\r\n\r\nAre you trying to create a user you already created ? In the scenario where the user is not found then 'Create' method will throw the error. What line exactly is throwing the error and what is the stacktrace ?",
      "PostedDate": "2014-08-18T17:52:46.497-07:00",
      "Id": 174118
    }
  ]
}