{
  "WorkItem": {
    "AffectedComponent": {
      "Name": "",
      "DisplayName": ""
    },
    "ClosedComment": "",
    "ClosedDate": null,
    "CommentCount": 0,
    "Custom": null,
    "Description": "I have written the following code to update the user's security stamp value to the database after signout. But It is not updated in the database and see the old value. \r\n\r\n\r\n> \r\n\r\n        var user =  UserManager.FindByName(User.Identity.Name);\r\n         Request.GetOwinContext().Authentication.SignOut(DefaultAuthenticationTypes.ApplicationCookie);\r\n        UserManager.UpdateSecurityStampAsync(user.Id); ",
    "LastUpdatedDate": "2016-06-22T10:00:21.99-07:00",
    "PlannedForRelease": "",
    "ReleaseVisibleToPublic": false,
    "Priority": {
      "Name": "Unassigned",
      "Severity": 0,
      "Id": 0
    },
    "ProjectName": "aspnetidentity",
    "ReportedDate": "2016-06-22T10:00:21.99-07:00",
    "Status": {
      "Name": "Proposed",
      "Id": 1
    },
    "ReasonClosed": {
      "Name": "Unassigned"
    },
    "Summary": "SecurityStamp value is not updated in the database",
    "Type": {
      "Name": "Unassigned",
      "Id": 5
    },
    "VoteCount": 1,
    "Id": 2552
  },
  "FileAttachments": [],
  "Comments": []
}