{
  "WorkItem": {
    "AffectedComponent": {
      "Name": "",
      "DisplayName": ""
    },
    "ClosedComment": "Please reopen this issue if this is still a bug for you",
    "ClosedDate": "2014-08-06T14:55:52.78-07:00",
    "CommentCount": 1,
    "Custom": "",
    "Description": "the ReturnUrl parameter (they might be more) in the account controller is not lowercased when routes.LowercaseUrls = true",
    "LastUpdatedDate": "2014-08-06T14:55:52.78-07:00",
    "PlannedForRelease": "",
    "ReleaseVisibleToPublic": false,
    "Priority": {
      "Name": "Unassigned",
      "Severity": 0,
      "Id": 0
    },
    "ProjectName": "aspnetidentity",
    "ReportedDate": "2014-06-09T14:53:28.18-07:00",
    "Status": {
      "Name": "Closed",
      "Id": 4
    },
    "ReasonClosed": {
      "Name": "Unassigned"
    },
    "Summary": "ReturnUrl is not lowercase when routes.LowercaseUrls = true",
    "Type": {
      "Name": "Unassigned",
      "Id": 5
    },
    "VoteCount": 1,
    "Id": 2265
  },
  "FileAttachments": [],
  "Comments": [
    {
      "Message": "Does this happen in an MVC app without Identity?",
      "PostedDate": "2014-06-11T10:00:57.61-07:00",
      "Id": 174173
    }
  ]
}