{
  "WorkItem": {
    "AffectedComponent": {
      "Name": "",
      "DisplayName": ""
    },
    "ClosedComment": "Closing since the user found the namespace for the extension method",
    "ClosedDate": "2014-06-02T15:48:57.033-07:00",
    "CommentCount": 3,
    "Custom": "",
    "Description": "Ref: Per request lifetime management for ApplicationDbContext class in ASP.NET Identity\n\nIn this blog http://blogs.msdn.com/b/webdev/archive/2014/02/12/per-request-lifetime-management-for-usermanager-class-in-asp-net-identity.aspx\n\n__The author says__\nAlso in the application if we need to work with the DbContext object directly we can get the instance of the class from the OWIN context as mentioned earlier using the ‘Get<T>’ method\n\nCode Snippet\nvar dbContext = context.Get<ApplicationDbContext>();\n\nHowever, there is no overload of the Get() method that takes zero parameters. \nWhat is the best way to use the dbcontext in my controllers, that Owin has a reference to.",
    "LastUpdatedDate": "2014-06-03T22:57:35.723-07:00",
    "PlannedForRelease": "",
    "ReleaseVisibleToPublic": false,
    "Priority": {
      "Name": "Unassigned",
      "Severity": 0,
      "Id": 0
    },
    "ProjectName": "aspnetidentity",
    "ReportedDate": "2014-05-29T13:01:31.833-07:00",
    "Status": {
      "Name": "Closed",
      "Id": 4
    },
    "ReasonClosed": {
      "Name": "Unassigned"
    },
    "Summary": "Per request lifetime management for ApplicationDbContext class in ASP.NET Identity",
    "Type": {
      "Name": "Unassigned",
      "Id": 5
    },
    "VoteCount": 2,
    "Id": 2247
  },
  "FileAttachments": [],
  "Comments": [
    {
      "Message": "It is an extension method in Microsoft.AspNet.Identity.Owin;\r\n\r\n",
      "PostedDate": "2014-05-29T15:20:16.333-07:00",
      "Id": 174165
    },
    {
      "Message": "You need an IOwinContext to call Get() by it's definition:\r\n\r\n```// Assembly Microsoft.AspNet.Identity.Owin.dll, v2.0.0.0using Microsoft.Owin;using System;using System.Runtime.CompilerServices;namespace Microsoft.AspNet.Identity.Owin{    public static class OwinContextExtensions    {        public static T Get(this IOwinContext context);    }}```\r\n\r\nTo Get the IOwinContext, you need to use one of the provided HttpContextBase or HttpRequestBase extensions:\r\n\r\n```//region Assembly Microsoft.Owin.Host.SystemWeb.dll, v2.1.0.0using Microsoft.Owin;using System;using System.Runtime.CompilerServices;namespace System.Web{    public static class HttpContextBaseExtensions    {        public static IOwinContext GetOwinContext(this HttpContextBase context);        public static IOwinContext GetOwinContext(this HttpRequestBase request);    }}```\r\n\r\nIn a controller you can simply:\r\n\r\n```HttpContext.GetOwnContext().Get();```\r\n\r\n",
      "PostedDate": "2014-06-01T00:37:54.267-07:00",
      "Id": 174166
    },
    {
      "Message": "It's a good thing to use outside identity, but it's a weird that one have to include the identity namespace in order to use Get(), while the CreatePerOwinContext method is not inside the identity namespace.",
      "PostedDate": "2014-06-03T22:57:35.723-07:00",
      "Id": 174167
    }
  ]
}