{
  "WorkItem": {
    "AffectedComponent": {
      "Name": "",
      "DisplayName": ""
    },
    "ClosedComment": "Closing as By Design. You can change the PK for Users table which is more common. These are mapping tables only.",
    "ClosedDate": "2015-07-29T14:12:54.673-07:00",
    "CommentCount": 0,
    "Custom": null,
    "Description": "It is very bad idea to define IdentityUserClaim<TKey>.Id property of type int\r\n``` C#\r\n    public class IdentityUserClaim<TKey>\r\n    {\r\n        public IdentityUserClaim();\r\n        public virtual string ClaimType { get; set; }\r\n        public virtual string ClaimValue { get; set; }\r\n        public virtual int Id { get; set; }\r\n        public virtual TKey UserId { get; set; }\r\n    }\r\n```\r\n\r\nPlease, change its type to TKey\r\nEither\r\n``` C#\r\n    public class IdentityUserClaim<TKey>\r\n    {\r\n        public IdentityUserClaim();\r\n        public virtual string ClaimType { get; set; }\r\n        public virtual string ClaimValue { get; set; }\r\n        public virtual TKey Id { get; set; }\r\n        public virtual TKey UserId { get; set; }\r\n    }\r\n```\r\nor\r\n``` C#\r\n    public class IdentityUserClaim<TKey, TUserKey>\r\n    {\r\n        public IdentityUserClaim();\r\n        public virtual string ClaimType { get; set; }\r\n        public virtual string ClaimValue { get; set; }\r\n        public virtual TKey Id { get; set; }\r\n        public virtual TUserKey UserId { get; set; }\r\n    }\r\n```",
    "LastUpdatedDate": "2015-07-29T14:12:54.673-07:00",
    "PlannedForRelease": "",
    "ReleaseVisibleToPublic": false,
    "Priority": {
      "Name": "Unassigned",
      "Severity": 0,
      "Id": 0
    },
    "ProjectName": "aspnetidentity",
    "ReportedDate": "2015-07-09T19:07:34.9-07:00",
    "Status": {
      "Name": "Closed",
      "Id": 4
    },
    "ReasonClosed": {
      "Name": "By Design"
    },
    "Summary": "IdentityUserClaim<TKey> Id property must be of type TKey",
    "Type": {
      "Name": "Unassigned",
      "Id": 5
    },
    "VoteCount": 1,
    "Id": 2536
  },
  "FileAttachments": [],
  "Comments": []
}