{
  "WorkItem": {
    "AffectedComponent": {
      "Name": "",
      "DisplayName": ""
    },
    "ClosedComment": "throwIfV1Schema check was added to let the users know that they would have to update their schema for moving to identity 2.0. Once you have migrated you can turn off the check.",
    "ClosedDate": "2014-09-22T15:03:55.133-07:00",
    "CommentCount": 0,
    "Custom": "",
    "Description": "Should the v1 schema check really be turned on by default on the IdentityDbContext<TUser>(string nameOrConnectionString) constructor, which is the one I imagine most people will use?\n\nIt incurs the penalty of hitting the DB (with its own newly-opened connection) every time a context is created, just to check for a v1 schema.",
    "LastUpdatedDate": "2014-09-22T15:03:55.133-07:00",
    "PlannedForRelease": "",
    "ReleaseVisibleToPublic": false,
    "Priority": {
      "Name": "Unassigned",
      "Severity": 0,
      "Id": 0
    },
    "ProjectName": "aspnetidentity",
    "ReportedDate": "2014-09-08T06:23:22.45-07:00",
    "Status": {
      "Name": "Closed",
      "Id": 4
    },
    "ReasonClosed": {
      "Name": "Unassigned"
    },
    "Summary": "throwIfV1Schema performance penalty",
    "Type": {
      "Name": "Unassigned",
      "Id": 5
    },
    "VoteCount": 1,
    "Id": 2377
  },
  "FileAttachments": [],
  "Comments": []
}