{
  "WorkItem": {
    "AffectedComponent": {
      "Name": "",
      "DisplayName": ""
    },
    "ClosedComment": "",
    "ClosedDate": "2014-04-16T13:58:10.47-07:00",
    "CommentCount": 2,
    "Custom": "",
    "Description": "MVC5 cannot handle empty first & last names of a Google account, while the same account works for other sites and MVC4. That is , in a MVC5 application with Google login enabled, if a Goolge user's first & last names are empty, AuthenticationManager.GetExternalLoginInfoAsync() throws a System.NullReferenceException. \n\nRepro Steps: \n 1. Create a MVC5 application with Web Wizard and enable external logins for it. \n 2. In Startup.Auth.cs, uncomment the following line in method ConfigureAuth(I) to enable Google login. \n app.UseGoogleAuthentication(); \n 3. Run the application in IE. \n 4. Logon to the test site using a Google account with empty first & last names, and give the site required permissions. \n\n Actual Results: \n Exception Details: System.NullReferenceException: Object reference not set to an instance of an object. \n\n Source Error: \n\n\n Line 197: public async Task<ActionResult> ExternalLoginCallback(string returnUrl) \n Line 198: { \n Line 199: var loginInfo = await AuthenticationManager.GetExternalLoginInfoAsync(); \n Line 200: if (loginInfo == null) \n Line 201: { \n\n\n Stack Trace: \n\n [NullReferenceException: Object reference not set to an instance of an object.] \n Microsoft.Owin.Security.AuthenticationManagerExtensions.GetExternalLoginInfo(AuthenticateResult result) +189 \n Microsoft.Owin.Security.<GetExternalLoginInfoAsync>d__7.MoveNext() +362 \n System.Runtime.CompilerServices.TaskAwaiter.ThrowForNonSuccess(Task task) +93 \n System.Runtime.CompilerServices.TaskAwaiter.HandleNonSuccessAndDebuggerNotification(Task task) +52 \n System.Runtime.CompilerServices.TaskAwaiter`1.GetResult() +24 \n TestMvc5.Controllers.<ExternalLoginCallback>d__25.MoveNext() in c:\\downloads\\web\\projects\\TestMvc5\\TestMvc5\\Controllers\\AccountController.cs:199 \n ....\n\n\n Expected Results: \n Logged on the test site without issue.",
    "LastUpdatedDate": "2014-04-16T13:58:29.64-07:00",
    "PlannedForRelease": "",
    "ReleaseVisibleToPublic": false,
    "Priority": {
      "Name": "Medium",
      "Severity": 100,
      "Id": 2
    },
    "ProjectName": "aspnetidentity",
    "ReportedDate": "2014-02-11T15:33:05.663-08:00",
    "Status": {
      "Name": "Closed",
      "Id": 4
    },
    "ReasonClosed": {
      "Name": "Unassigned"
    },
    "Summary": "NullException if user's first & last name are empty with Google login",
    "Type": {
      "Name": "Issue",
      "Id": 3
    },
    "VoteCount": 1,
    "Id": 2027
  },
  "FileAttachments": [],
  "Comments": [
    {
      "Message": "Can we repro with the latest MVC5 template?",
      "PostedDate": "2014-02-12T15:18:58.283-08:00",
      "Id": 173947
    },
    {
      "Message": "Can't repro on current bits, probably fixed in an earlier version",
      "PostedDate": "2014-04-16T13:58:29.64-07:00",
      "Id": 173948
    }
  ]
}