{
  "WorkItem": {
    "AffectedComponent": {
      "Name": "",
      "DisplayName": ""
    },
    "ClosedComment": "",
    "ClosedDate": "2014-02-03T16:32:03.47-08:00",
    "CommentCount": 4,
    "Custom": "",
    "Description": "In trying to follow the Blog instructions for upgrading v1.0 to the pre-release, at the point where I am entering: Enable-Migrations in the command window I am presented with:\n\nNo context type was found in the assembly 'RandomProjectName' \n\nIt would seem there is no migration configuration installed after the Nuget upgrade?",
    "LastUpdatedDate": "2014-02-03T16:32:03.85-08:00",
    "PlannedForRelease": "",
    "ReleaseVisibleToPublic": false,
    "Priority": {
      "Name": "Unassigned",
      "Severity": 0,
      "Id": 0
    },
    "ProjectName": "aspnetidentity",
    "ReportedDate": "2014-01-20T08:08:51.637-08:00",
    "Status": {
      "Name": "Closed",
      "Id": 4
    },
    "ReasonClosed": {
      "Name": "Unassigned"
    },
    "Summary": "Upgrade as per Blog",
    "Type": {
      "Name": "Unassigned",
      "Id": 5
    },
    "VoteCount": 1,
    "Id": 1977
  },
  "FileAttachments": [],
  "Comments": [
    {
      "Message": "@javamarket: The error likely indicates that EF cannot find a class of type DbContext. Can you check if there one in the project ? Also it would be great if you can attach a sample repro and I can work with you in debugging it.",
      "PostedDate": "2014-01-20T09:54:04.143-08:00",
      "Id": 173909
    },
    {
      "Message": "Thank you for the follow-up.\r\n\r\nYou should be able to reproduce this directly from VS2013. I simply follow your Blog steps, create a user in an MVC project then try to upgrade to v2preview. No other steps are taken.\r\n\r\n",
      "PostedDate": "2014-01-20T10:35:57.46-08:00",
      "Id": 173910
    },
    {
      "Message": "@javamarket: I did try that but as mentioned in the article, I was still able to enable migrations on my project since ApplicationDbContext file was found in the assembly. Can you let me know the project name you choose, any additional configuration while choosing the project, for example, web api, web forms checkboxes or any other information that might help me repro this ?",
      "PostedDate": "2014-01-20T11:24:41.057-08:00",
      "Id": 173911
    },
    {
      "Message": "Apologies - I thought it would update the unattached mdf if that was the status which of course it won't.",
      "PostedDate": "2014-01-20T11:54:29.687-08:00",
      "Id": 173912
    }
  ]
}