{
  "WorkItem": {
    "AffectedComponent": {
      "Name": "",
      "DisplayName": ""
    },
    "ClosedComment": "",
    "ClosedDate": "2014-03-17T14:22:32.14-07:00",
    "CommentCount": 3,
    "Custom": "",
    "Description": "I'm developing a WEB API asp.net project with visual studio 2013, and I'm implementing my custom Identity model for custom registration. For example I've added an email field in the RegisterBindingModel.\n\nThis is what I've done: [How to extend asp.net web api 2 user?](http://stackoverflow.com/questions/19950149/how-to-extend-asp-net-web-api-2-user)\n\nI need that the user add an unique email, but by default that field can be repeated. My question is how do I make this email property unique, like Username? I've read that unique properties can be set with UserValidator, but can't find how. Can you tell me how I can make that, with UserValidator or the best way?\n\nAnd how's the Username defined as unique? I can't find it anywhere.\n\nThank you.",
    "LastUpdatedDate": "2014-03-18T05:36:00.453-07:00",
    "PlannedForRelease": "",
    "ReleaseVisibleToPublic": false,
    "Priority": {
      "Name": "Unassigned",
      "Severity": 0,
      "Id": 0
    },
    "ProjectName": "aspnetidentity",
    "ReportedDate": "2014-03-06T19:55:30.717-08:00",
    "Status": {
      "Name": "Closed",
      "Id": 4
    },
    "ReasonClosed": {
      "Name": "Unassigned"
    },
    "Summary": "Unique properties ASP.NET Identity",
    "Type": {
      "Name": "Unassigned",
      "Id": 5
    },
    "VoteCount": 1,
    "Id": 2085
  },
  "FileAttachments": [],
  "Comments": [
    {
      "Message": "Please set RequireUniqueEmail=true on the UserValidator.",
      "PostedDate": "2014-03-17T14:21:45.82-07:00",
      "Id": 174007
    },
    {
      "Message": "By setting RequireUniqueEmail=true, we are actually not making the e-mail address unique at the SQL Server level, correct? As far as I can see, there is no unique index on the Email column.\r\n\r\nIf there is no unique index, there could be cases where you face the race condition and end up with multiple e-mail addresses. The chances are low but still possible.",
      "PostedDate": "2014-03-18T05:18:02.44-07:00",
      "Id": 174008
    },
    {
      "Message": "Also, it seems strange to me that we have an option on e-mail uniqueness at the same time where we have the FindByEmailAsync on IUserEmailStore which returns Task. By looking at this method, I can assume that e-mail address is supposed to be unique.",
      "PostedDate": "2014-03-18T05:36:00.453-07:00",
      "Id": 174009
    }
  ]
}