{
  "WorkItem": {
    "AffectedComponent": {
      "Name": "",
      "DisplayName": ""
    },
    "ClosedComment": "",
    "ClosedDate": "2014-06-12T14:16:23.38-07:00",
    "CommentCount": 0,
    "Custom": "",
    "Description": "UserManager\n- AddToRolesAsync\n- RemoveFromRolesAsync\n\nSigninManager",
    "LastUpdatedDate": "2014-06-12T14:16:23.38-07:00",
    "PlannedForRelease": "2.1",
    "ReleaseVisibleToPublic": true,
    "Priority": {
      "Name": "Low",
      "Severity": 50,
      "Id": 1
    },
    "ProjectName": "aspnetidentity",
    "ReportedDate": "2014-05-30T15:25:37.8-07:00",
    "Status": {
      "Name": "Closed",
      "Id": 4
    },
    "ReasonClosed": {
      "Name": "Unassigned"
    },
    "Summary": "Update intellisense files for the new API added in 2.1.0",
    "Type": {
      "Name": "Issue",
      "Id": 3
    },
    "VoteCount": 1,
    "Id": 2252
  },
  "FileAttachments": [],
  "Comments": []
}