{
  "WorkItem": {
    "AffectedComponent": {
      "Name": "",
      "DisplayName": ""
    },
    "ClosedComment": "Fixed in 2.2.1. The nightly packages are available on the myget feed",
    "ClosedDate": "2015-03-19T18:48:21.847-07:00",
    "CommentCount": 10,
    "Custom": null,
    "Description": "I have the following code:\r\n\r\n```\r\nvar manager = Context.GetOwinContext().GetUserManager<ApplicationUserManager>();\r\nvar claims = manager.GetClaims(userID).ToList();\r\nvar claim = claims.FirstOrDefault(c => c.Type == claimType && c.Value == groupID);\r\nawait manager.RemoveClaimAsync(userID, claim);\r\n```\r\n\r\nRemoveClaimAsync throws the flowing:\r\n\r\nAn exception of type 'System.InvalidOperationException' occurred in mscorlib.dll but was not handled in user code\r\n\r\nAdditional information: Collection was modified; enumeration operation may not execute.\r\n\r\nI have verified that the claim I'm trying to remove does exist.",
    "LastUpdatedDate": "2017-11-28T00:28:51.59-08:00",
    "PlannedForRelease": "2.2.1",
    "ReleaseVisibleToPublic": true,
    "Priority": {
      "Name": "Unassigned",
      "Severity": 0,
      "Id": 0
    },
    "ProjectName": "aspnetidentity",
    "ReportedDate": "2015-03-09T07:15:55.573-07:00",
    "Status": {
      "Name": "Closed",
      "Id": 4
    },
    "ReasonClosed": {
      "Name": "Fixed"
    },
    "Summary": "RemoveClaimAsync throws System.InvalidOperationException",
    "Type": {
      "Name": "Issue",
      "Id": 3
    },
    "VoteCount": 2,
    "Id": 2509
  },
  "FileAttachments": [],
  "Comments": [
    {
      "Message": "@glenthas: can you provide a sample repro for your issue",
      "PostedDate": "2015-03-09T17:36:40.77-07:00",
      "Id": 177330
    },
    {
      "Message": "I'll work on getting a repro. I did confirm the issue does not occur in 2.1 .",
      "PostedDate": "2015-03-10T06:52:01.993-07:00",
      "Id": 177734
    },
    {
      "Message": "I've got a repo but it's bigger than 4MB.  I'll try and get it accessible shortly.  The issue appears to be the else branch in the following method (RemoveClaimAsync in UserStore.cs) since it's iterating over and removing from _userClaims.\n\n```\nif (AreClaimsLoaded(user))\n            {\n                claims = user.Claims.Where(uc => uc.ClaimValue == claimValue && uc.ClaimType == claimType);\n            }\n            else\n            {\n                var userId = user.Id;\n                claims = _userClaims.Where(uc => uc.ClaimValue == claimValue && uc.ClaimType == claimType && uc.UserId.Equals(userId));\n            }\n            foreach (var c in claims)\n            {\n                _userClaims.Remove(c);\n            }\n```\n\nTo repro, I simply created a new webforms project, updated Identity and added this to Default.aspx.cs\n```\nprivate const string UserName = \"test@example.com\";\n\t\tprotected void Page_Load(object sender, EventArgs e)\n\t\t{\n\t\t\t// The error doesn't occur if you create the user and then call RemoveClaimAsync in the same method.\n\t\t\t// So, I create the user here.\n\t\t\tvar manager = Context.GetOwinContext().GetUserManager<ApplicationUserManager>();\n\t\t\tvar user = manager.FindByName(UserName);\n\t\t\tif (user == null)\n\t\t\t{\n\t\t\t\tuser = new ApplicationUser() { UserName = UserName, Email = UserName };\n\t\t\t\tmanager.Create(user);\n\t\t\t}\n\t\t}\n\n\t\tprotected void Button1_OnClick(object sender, EventArgs e)\n\t\t{\n\t\t\tvar manager = Context.GetOwinContext().GetUserManager<ApplicationUserManager>();\n\n\t\t\tvar user = manager.FindByName(UserName);\n\n\t\t\tvar userID = user.Id;\n\n\t\t\tvar claimToAdd = new Claim(\"Test\", \"1\");\n\t\t\tmanager.AddClaim(userID, claimToAdd);\n\n\t\t\tvar claims = manager.GetClaims(userID).ToList();\n\t\t\tvar claimToRemove = claims.FirstOrDefault(c => c.Type == \"Test\" && c.Value == \"1\");\n\t\t\tmanager.RemoveClaim(userID, claimToRemove);\n\t\t}\n```",
      "PostedDate": "2015-03-10T07:46:22.383-07:00",
      "Id": 177738
    },
    {
      "Message": "Hi mate,\nAfter having this same problem, and since i have a custom identity managers and stores, i came across this error after updating from identity 2.1 to 2.2. This is mainly caused because there were changes made to the RemoveClaimAsync() in the user store. I'll provide you with the the code from 2.0 and 2.2 of user store and you will realize what the problem is.\n\n2.0:\n```\n        public virtual Task RemoveClaimAsync(TUser user, Claim claim)\n        {\n            ThrowIfDisposed();\n            if (user == null)\n            {\n                throw new ArgumentNullException(\"user\");\n            }\n            if (claim == null)\n            {\n                throw new ArgumentNullException(\"claim\");\n            }\n            var claims =\n                user.Claims.Where(uc => uc.ClaimValue == claim.Value && uc.ClaimType == claim.Type).ToList();\n            foreach (TUserClaim c in claims)\n            {\n                user.Claims.Remove(c);\n            }\n            // Note: these claims might not exist in the dbset\n            var query =\n                _userClaims.Where(\n                    uc => uc.UserId.Equals(user.Id) && uc.ClaimValue == claim.Value && uc.ClaimType == claim.Type);\n            foreach (TUserClaim c in query)\n            {\n                _userClaims.Remove(c);\n            }\n            return Task.FromResult(0);\n        }\n```\n\nand the 2.2:\n```\n        public virtual Task RemoveClaimAsync(TUser user, Claim claim)\n        {\n            ThrowIfDisposed();\n            if (user == null)\n            {\n                throw new ArgumentNullException(\"user\");\n            }\n            if (claim == null)\n            {\n                throw new ArgumentNullException(\"claim\");\n            }\n            IEnumerable<TUserClaim> claims;\n            var claimValue = claim.Value;\n            var claimType = claim.Type;\n            if (AreClaimsLoaded(user))\n            {\n                claims = user.Claims.Where(uc => uc.ClaimValue == claimValue && uc.ClaimType == claimType);\n            }\n            else\n            {\n                var userId = user.Id;\n                claims = _userClaims.Where(uc => uc.ClaimValue == claimValue && uc.ClaimType == claimType && uc.UserId.Equals(userId));\n            }\n            foreach (var c in claims)\n            {\n                _userClaims.Remove(c);\n            }\n            return Task.FromResult(0);\n        }\n```\n\nas you can see, the 2.2 forcefully removes the claims in a foreach using the dbset, while, you can get two type of clame, IQueriable or a List, depending on (AreClaimsLoaded(user)).\n\nThe way i turned things around was to override this method in my custom userstore to a similar version of 2.0 and it is fully functioning.\n\nHope it helps!",
      "PostedDate": "2015-03-12T05:03:16.32-07:00",
      "Id": 177940
    },
    {
      "Message": "Hi there,\n\nI'm currently experiencing this exact bug and am in need of getting it patched - I attempted to download the March 19th RTM for 2.2.1 from symbolsource but was blocked by user/password. Is there somewhere I can get access to 2.2.1?",
      "PostedDate": "2015-03-31T15:23:45.217-07:00",
      "Id": 180578
    },
    {
      "Message": "You need to add https://www.myget.org/f/aspnetwebstacknightly/api/v2 as the Nuget feed and then download the package",
      "PostedDate": "2015-03-31T16:09:41.623-07:00",
      "Id": 180581
    },
    {
      "Message": "Much obliged.",
      "PostedDate": "2015-03-31T18:42:49.673-07:00",
      "Id": 180582
    },
    {
      "Message": "Any idea when this will get a release in the usual channels? Thanks again.",
      "PostedDate": "2015-03-31T18:46:23.347-07:00",
      "Id": 180583
    },
    {
      "Message": "That feed is not displaying any packages from what I can see (checked the raw XML for the feed too - nada nodes under Packages collection.",
      "PostedDate": "2015-03-31T18:48:34.573-07:00",
      "Id": 180584
    },
    {
      "Message": "did you open it in a browser ? that won't show anything. You need to set this as a feed in VS as can view the packages",
      "PostedDate": "2015-04-01T09:36:04.127-07:00",
      "Id": 180638
    }
  ]
}