{
  "WorkItem": {
    "AffectedComponent": {
      "Name": "",
      "DisplayName": ""
    },
    "ClosedComment": "Will look at in v3",
    "ClosedDate": "2014-08-25T14:30:53.79-07:00",
    "CommentCount": 0,
    "Custom": "",
    "Description": "In the current implementation the unique email is enforced at the UserValidator. Duplicate emails are still possible at the db level. We need to ensure that duplicate emails are not allowed if the user chose so in UserManager",
    "LastUpdatedDate": "2014-08-25T14:30:53.79-07:00",
    "PlannedForRelease": "Future",
    "ReleaseVisibleToPublic": false,
    "Priority": {
      "Name": "Medium",
      "Severity": 100,
      "Id": 2
    },
    "ProjectName": "aspnetidentity",
    "ReportedDate": "2014-02-25T18:44:13.22-08:00",
    "Status": {
      "Name": "Closed",
      "Id": 4
    },
    "ReasonClosed": {
      "Name": "Unassigned"
    },
    "Summary": "Make email index to make email unique at the database level",
    "Type": {
      "Name": "Issue",
      "Id": 3
    },
    "VoteCount": 8,
    "Id": 2062
  },
  "FileAttachments": [],
  "Comments": []
}