{
  "WorkItem": {
    "AffectedComponent": {
      "Name": "",
      "DisplayName": ""
    },
    "ClosedComment": "",
    "ClosedDate": "2014-04-03T10:25:13.39-07:00",
    "CommentCount": 15,
    "Custom": "",
    "Description": "After upgrading to the latest version of EF (6.1) and ASP Identity 2.0, I cannot upgrade my backend to the new schema required. I have followed the steps as described in the Blog (http://blogs.msdn.com/b/webdev/archive/2013/12/20/updating-asp-net-applications-from-asp-net-identity-1-0-to-2-0-0-alpha1.aspx).\n\nI am using SQLServer 2008 and all the necessary tables are created there.The __MigrationHistory Table exists and there is one record in that table. \n\nThe error that I get trying to Enable Migration in Package Manager Console is as follows:\n\n\nPM> Enable-Migrations\nChecking if the context targets an existing database...\nSystem.InvalidOperationException: The model backing the 'ApplicationDbContext' context has changed since the database was created. This could have happened because the model used by ASP.NET Identity Framework has changed or the model being used in your application has changed......\n\nAny help will be much appreciated.\n\nRegards,\nSoumitra",
    "LastUpdatedDate": "2014-04-03T10:25:13.39-07:00",
    "PlannedForRelease": "",
    "ReleaseVisibleToPublic": false,
    "Priority": {
      "Name": "Unassigned",
      "Severity": 0,
      "Id": 0
    },
    "ProjectName": "aspnetidentity",
    "ReportedDate": "2014-03-29T23:11:03.057-07:00",
    "Status": {
      "Name": "Closed",
      "Id": 4
    },
    "ReasonClosed": {
      "Name": "Unassigned"
    },
    "Summary": "Identity Upgrade Issue (1.0 -> 2.0)",
    "Type": {
      "Name": "Unassigned",
      "Id": 5
    },
    "VoteCount": 3,
    "Id": 2133
  },
  "FileAttachments": [],
  "Comments": [
    {
      "Message": "@Soumitra: Can you check if the base constructor for ApplicationDbContext  has a second parameter set to false. It should be something like public ApplicationDbContext() : base(\"DefaultConnection\", throwIfV1Schema: false)",
      "PostedDate": "2014-03-31T12:40:53.837-07:00",
      "Id": 174060
    },
    {
      "Message": "Thanks for resopnding. The second parameter is missing.\r\n\r\nRegards,Soumitra",
      "PostedDate": "2014-03-31T16:09:21.033-07:00",
      "Id": 174061
    },
    {
      "Message": "I followed suhasj 's advice,it doesnt work for me.\r\n\r\nIn my website(http://www.tripowner.com) ,if u want to login/register, error occurred,i made an error page to show the error details. the error means, app want to initialize database, i need to upgrade database using code-first.but i build another MVC 5/identity 2.0/no-error application,i copy those new columns to my old database,now AspNetUsers table  has all new columns, and deleted Discriminator,change username from max to 256. in AspNetUserClaims i renamed User_Id to UserId, in AspNetRoles changed RoleName from 128 to 256. it seems i have done all works.but, i have many self-defined column like FirstName,LastName and so on. i defined them in \"public class ApplicationUser : IdentityUser\"\r\n\r\nso ,what should i do next...\r\n\r\nResponse me ASAP pls,thx!",
      "PostedDate": "2014-04-01T01:20:30.52-07:00",
      "Id": 174062
    },
    {
      "Message": "BTW, when i try to use Package Manager Console to \"Enable-Migrations\", it give me a  \"InitialCreate\" class, the poor thing is the code will create an old scheme database, having User_Id/Discriminator, \r\n\r\nwhat happened to my upgrade?",
      "PostedDate": "2014-04-01T01:42:43.077-07:00",
      "Id": 174063
    },
    {
      "Message": "@duzher: Enable-migrations should not add the code to create the database. This should be done by the 'Add-Migration' command. Your initial database, was it created using Identity 1.0 ? From your question, did you migrate it database manually or through Package Manager console ?",
      "PostedDate": "2014-04-01T10:14:52.24-07:00",
      "Id": 174064
    },
    {
      "Message": "@suhasj thank you so much for ur response so quickly.my project created in last year, 3 days ago i upgraded identity from 1.0 to 2.0, then modified database manually, then project stop to wait for this.the following is some screen shot.1.version![Image](http://www.tripowner.com/images/share/20140401134441.png)2.database(screen cant shot all columns in User table, but all 2.0 columns are in table)![Image](http://www.tripowner.com/images/share/20140401141238.png)3.error page![Image](http://www.tripowner.com/images/share/20140401135407.png)4.application context(i hide other columns)![Image](http://www.tripowner.com/images/share/20140401135858.png)5.migration code given by \"Enable-migrations\"![Image](http://www.tripowner.com/images/share/20140401133327.jpg)![Image](http://www.tripowner.com/images/share/20140401134234.png)![Image](http://www.tripowner.com/images/share/20140401134256.png)![Image](http://www.tripowner.com/images/share/20140401134314.png)",
      "PostedDate": "2014-04-01T11:24:02.68-07:00",
      "Id": 174065
    },
    {
      "Message": "BTW ,why  is this class named by a last-year's timestamp? 201311180154467.... i typed \"Enable-Migrations\" in last night.",
      "PostedDate": "2014-04-01T11:28:20.643-07:00",
      "Id": 174066
    },
    {
      "Message": "I delete Migrations folder,then type\"Enable-Migrations\"again,then got another Migration totally same as before!\r\n\r\nPM> Enable-MigrationsChecking if the context targets an existing database...Detected database created with a database initializer. Scaffolded migration '201311180154467_InitialCreate' corresponding to existing database. To use an automatic migration instead, delete the Migrations folder and re-run Enable-Migrations specifying the -EnableAutomaticMigrations parameter.Code First Migrations enabled for project Trip.",
      "PostedDate": "2014-04-01T15:15:26.383-07:00",
      "Id": 174067
    },
    {
      "Message": "I've had similar issues - firstly in spite of having a valid connection string, it created a full schema create against localdb rather than localhost sql instance. I couldn't figure out how to get it to aim at my database so I transcribed the db changes (using -Verbose option to emit sql) to my actual db. I renamed user_id to userId etc. Once I was happy with this, I let EF refresh my model. Now it complains about missing User_ID and the foreign key that goes with this for a couple of tables.\r\n\r\nI'm not sure if I should restore a backup db and try again, or muddle on and see if I can fix it.\r\n\r\nIts unfortunate that there are so many breaking changes in this release. Secondly I find it odd that I should have to use code migrations when I don't use them elsewhere - why not just generate the sql for me and allow me to run it manually?",
      "PostedDate": "2014-04-02T01:59:07.097-07:00",
      "Id": 174068
    },
    {
      "Message": "@jonathan_xentrall , i never use code first. I prefer Database first, then use entity-framework, its pretty better on code generation.code first is good on very tiny system less than 10 table, like identity 2.0, 5 table,4 class.",
      "PostedDate": "2014-04-02T09:49:05.44-07:00",
      "Id": 174069
    },
    {
      "Message": "@jonathan_xentrall: You can pass in the connection string of the database as defined in the web.config in the constructor of your DbContext class. This should be picked up for migrations. Out of the box Identity uses EF underneath for db persistence and hence you need follow code migrations for database migrations. You can generate the SQL script by using 'Update-Database -Script' after you have done 'Add-Migrations' You can use that script to tweak it and make the changes manually ",
      "PostedDate": "2014-04-02T13:28:11.81-07:00",
      "Id": 174070
    },
    {
      "Message": "@duzher: If you migrated your database manually and now want to use the EF migrations you need to have the _MigrationsHistory table which holds the snapshot of the existing database. Let me know if you have that. In addition you can refer to the https://aspnet.codeplex.com/SourceControl/latest#Samples/Identity/CustomMembershipSample/ application which is a sample created using database first approach",
      "PostedDate": "2014-04-02T13:30:39.15-07:00",
      "Id": 174071
    },
    {
      "Message": "@suhasj ,Hi ,thank you so much. this afternoon, I deleted all membership tables and made another project called \"Owner\",then use code first to migrate tables,it works, then i touhgt of the table \"_MigrationsHistory\", I open it then found these rows:![Image](http://www.tripowner.com/images/share/20140402234700.png)\r\n\r\nso the 3rd row is the row i last migration with code first. the 4-6 rows are the history in my new project.\r\n\r\nso ,i think, if i delete all rows in this table, maybe \"Enable-migrations\" will give me a totally new identity 2.0 start initlize-database code. so i will try it now. i hope god bless me.\r\n\r\nBTW, if it works, this migration function should be changed. it should read current database, not a stored snapshot.",
      "PostedDate": "2014-04-02T21:02:47.143-07:00",
      "Id": 174072
    },
    {
      "Message": "@suhasj ,Hi ,thank you so much. I deleted the 3rd row,then use code-first to upgrade, it does work.![Image](http://www.tripowner.com/images/share/20140403005350.png)",
      "PostedDate": "2014-04-02T23:51:05.433-07:00",
      "Id": 174073
    },
    {
      "Message": "@duzher: Glad it worked. I'll go ahead and close this issue",
      "PostedDate": "2014-04-03T10:25:02.987-07:00",
      "Id": 174074
    }
  ]
}