{
  "WorkItem": {
    "AffectedComponent": {
      "Name": "",
      "DisplayName": ""
    },
    "ClosedComment": "",
    "ClosedDate": "2014-01-16T15:57:10.403-08:00",
    "CommentCount": 0,
    "Custom": "",
    "Description": "Mentioned by a customer:\n\nWe can use the SecureString class in System.Security to work with passwords instead of strings. Need to look into the EF behavior and other implications of this.",
    "LastUpdatedDate": "2014-01-16T15:57:10.86-08:00",
    "PlannedForRelease": "",
    "ReleaseVisibleToPublic": false,
    "Priority": {
      "Name": "Low",
      "Severity": 50,
      "Id": 1
    },
    "ProjectName": "aspnetidentity",
    "ReportedDate": "2014-01-07T11:03:14.443-08:00",
    "Status": {
      "Name": "Closed",
      "Id": 4
    },
    "ReasonClosed": {
      "Name": "Unassigned"
    },
    "Summary": "Using SecureString class for password property",
    "Type": {
      "Name": "Unassigned",
      "Id": 5
    },
    "VoteCount": 1,
    "Id": 1957
  },
  "FileAttachments": [],
  "Comments": []
}