{
  "WorkItem": {
    "AffectedComponent": {
      "Name": "",
      "DisplayName": ""
    },
    "ClosedComment": "",
    "ClosedDate": "2014-10-20T14:44:36.103-07:00",
    "CommentCount": 1,
    "Custom": "",
    "Description": "In Identity 2.1, the Role and User navigation properties have been removed from UserRole. This regression requires inefficient DB usage to fetch roles for users.\n\nConsider the following snippet which worked great in Identity 2.0:\n```\n            var parentUser = _userRepository.Get()\n                .Include(u => u.ChildAccounts)\n                .Include(ca => ca.Roles)\n                .Select(u => new\n                {\n                    u.Id,\n                    u.ChildAccounts\n                })\n                .FirstOrDefault(u => u.Id == viewModel.ParentUserId);\n\n            //validation\n\n            IList<UserViewModel> childAccountViewModels = parentUser.ChildAccounts\n                .Select(\n                    ca => new UserViewModel\n                    {\n                        Id = ca.Id,\n                        Roles = ca.Roles.Select(r => r.Role.Name)\n                        //more property sets\n                    })\n                .ToList();\n```\nIn one easy query I was able to fetch the data necessary for validation and my result set.\n\nUnfortunately, in Identity 2.1, I have to use UserManager.GetRoles(id) to fetch roles, which will cause another database query for each child account associated to the given parent account. This is obviously pretty sub-optimal.\n\nDoubly-unfortunately, I can't supply my own custom UserRole in order to bring back the properties because EF6 doesn't support the generic therefore non-primitive UserId and RoleId columns as foreign keys.\n\nPlease bring back the nav properties somehow.",
    "LastUpdatedDate": "2014-10-20T14:44:36.103-07:00",
    "PlannedForRelease": "",
    "ReleaseVisibleToPublic": false,
    "Priority": {
      "Name": "Unassigned",
      "Severity": 0,
      "Id": 0
    },
    "ProjectName": "aspnetidentity",
    "ReportedDate": "2014-10-14T11:22:22.497-07:00",
    "Status": {
      "Name": "Closed",
      "Id": 4
    },
    "ReasonClosed": {
      "Name": "Unassigned"
    },
    "Summary": "UserRole.Role and .User navigation properties missing",
    "Type": {
      "Name": "Unassigned",
      "Id": 5
    },
    "VoteCount": 2,
    "Id": 2432
  },
  "FileAttachments": [],
  "Comments": [
    {
      "Message": "This was by design as we removed the navigation properties as they were causing perf issues since they would load all the users/roles into memory.  ",
      "PostedDate": "2014-10-20T14:44:28.247-07:00",
      "Id": 174270
    }
  ]
}