{
  "WorkItem": {
    "AffectedComponent": {
      "Name": "",
      "DisplayName": ""
    },
    "ClosedComment": "Fixed for 2.0.0 Verified fix for new apps and 1.0.0 apps.",
    "ClosedDate": "2014-02-26T17:31:08.44-08:00",
    "CommentCount": 1,
    "Custom": "",
    "Description": "With Identity 2.0.0-beta 1, if throwIfV1Schema is left to its default, when a LocalDb database doesn't exist, instead of being created, a login failed error is reported. \n\nRepro:\n1.\tEnsure the database MvcIdentity-1-14 doesn't exist in LocalDb. \n2.\tUsing Visual Studio 2013, create a new blank ASP.NET Web Application. \n3.\tInstall the NetGet package Microsoft.AspNet.Identity.Samples, version 2.0.0-beta1. \n4.\tChange the ApplicationDbContext constructor to be like this: \npublic ApplicationDbContext()\n    : base(\"DefaultConnection\"/*, throwIfV1Schema: false*/) {\n}\n5 . Run the app. Attempt to log in (so the database gets hit). \n\nResult: \nCannot open database \"MvcIdentity-1-14\" requested by the login. The login failed. \nLogin failed for user '{username}'.",
    "LastUpdatedDate": "2014-02-26T17:31:08.44-08:00",
    "PlannedForRelease": "2.0.0",
    "ReleaseVisibleToPublic": true,
    "Priority": {
      "Name": "Medium",
      "Severity": 100,
      "Id": 2
    },
    "ProjectName": "aspnetidentity",
    "ReportedDate": "2014-02-17T10:15:08.893-08:00",
    "Status": {
      "Name": "Closed",
      "Id": 4
    },
    "ReasonClosed": {
      "Name": "Unassigned"
    },
    "Summary": "Not specifying the 'throwIfV1Schema' flag leads to database access error",
    "Type": {
      "Name": "Issue",
      "Id": 3
    },
    "VoteCount": 2,
    "Id": 2036
  },
  "FileAttachments": [],
  "Comments": [
    {
      "Message": "The issue is due to the new method 'IsIdentityV1Schema' which is called if the flag is true. Since the flag is true by default, this method is being called during application start each time. The line tempConnection.Open() is throwing the error when it is trying to open the temporary connection object created using the connection string",
      "PostedDate": "2014-02-17T10:34:50.86-08:00",
      "Id": 173957
    }
  ]
}