{
  "WorkItem": {
    "AffectedComponent": {
      "Name": "",
      "DisplayName": ""
    },
    "ClosedComment": "Fixed for 2.1",
    "ClosedDate": "2014-06-05T14:05:53.16-07:00",
    "CommentCount": 0,
    "Custom": "",
    "Description": "Google deprecated the OpenId and the Google middleware registration in Startup.Auth class needs to be updated to use OAuth instead of Open ID",
    "LastUpdatedDate": "2014-06-05T14:05:53.16-07:00",
    "PlannedForRelease": "2.1",
    "ReleaseVisibleToPublic": true,
    "Priority": {
      "Name": "Low",
      "Severity": 50,
      "Id": 1
    },
    "ProjectName": "aspnetidentity",
    "ReportedDate": "2014-05-27T11:31:07.82-07:00",
    "Status": {
      "Name": "Closed",
      "Id": 4
    },
    "ReasonClosed": {
      "Name": "Unassigned"
    },
    "Summary": "[Samples package] Update Google Auth registration to use OAuth2 instead of OpenId",
    "Type": {
      "Name": "Issue",
      "Id": 3
    },
    "VoteCount": 1,
    "Id": 2241
  },
  "FileAttachments": [],
  "Comments": []
}