{
  "WorkItem": {
    "AffectedComponent": {
      "Name": "",
      "DisplayName": ""
    },
    "ClosedComment": "Fixed for 2.1",
    "ClosedDate": "2014-05-15T11:58:17.977-07:00",
    "CommentCount": 0,
    "Custom": "",
    "Description": "Install-Package -Prerelease Microsoft.AspNet.Identity.Samples \nViews\\Home\\Index.cshtml has the following bad link\n<p><a href=\"http://www.asp.net/aspnet/identity\"\n\nthat should be \n<p><a href=\"http://www.asp.net/identity\"",
    "LastUpdatedDate": "2014-05-15T11:58:17.977-07:00",
    "PlannedForRelease": "2.1",
    "ReleaseVisibleToPublic": true,
    "Priority": {
      "Name": "Unassigned",
      "Severity": 0,
      "Id": 0
    },
    "ProjectName": "aspnetidentity",
    "ReportedDate": "2014-05-13T12:19:05.17-07:00",
    "Status": {
      "Name": "Closed",
      "Id": 4
    },
    "ReasonClosed": {
      "Name": "Unassigned"
    },
    "Summary": "[Samples][Bug] bad link for asp.net/Identity",
    "Type": {
      "Name": "Unassigned",
      "Id": 5
    },
    "VoteCount": 1,
    "Id": 2219
  },
  "FileAttachments": [],
  "Comments": []
}