{
  "WorkItem": {
    "AffectedComponent": {
      "Name": "",
      "DisplayName": ""
    },
    "ClosedComment": "",
    "ClosedDate": "2014-09-24T06:22:19.41-07:00",
    "CommentCount": 5,
    "Custom": "",
    "Description": "Add functionality that allow change the name of the cookies generated by external providers.\n\nAspNet.Correlation.Facebook\nAspNet.Correlation.Google,\nAspNet.Correlation.Twitter,\nAspNet.Correlation.Microsoft\n\nThanks.",
    "LastUpdatedDate": "2014-09-24T06:22:19.41-07:00",
    "PlannedForRelease": "",
    "ReleaseVisibleToPublic": false,
    "Priority": {
      "Name": "Unassigned",
      "Severity": 0,
      "Id": 0
    },
    "ProjectName": "aspnetidentity",
    "ReportedDate": "2014-09-17T04:59:29.04-07:00",
    "Status": {
      "Name": "Closed",
      "Id": 4
    },
    "ReasonClosed": {
      "Name": "Unassigned"
    },
    "Summary": "Possibility to change the name of the cookies generated by external logins.",
    "Type": {
      "Name": "Unassigned",
      "Id": 5
    },
    "VoteCount": 1,
    "Id": 2406
  },
  "FileAttachments": [],
  "Comments": [
    {
      "Message": "raspranav: At least give me an explanation about these issue, \"Won't Fix\", what means that?And why the Identity team cannot change these feature? is simple, and help to cloak the technology used on the server.\r\n\r\nThanks.",
      "PostedDate": "2014-09-23T04:54:00.723-07:00",
      "Id": 174259
    },
    {
      "Message": "\n\n** Closed by raspranav 22/09/2014 14:48",
      "PostedDate": "2014-09-23T04:54:25.693-07:00",
      "Id": 174260
    },
    {
      "Message": "The cookies used by External providers are temporary cookies which are short lived. These are not the cookies used when the user signs in. You can change the name of the cookie used for sign in.\r\n\r\nWhy do you want to change the name of the cookies generated by external providers?",
      "PostedDate": "2014-09-23T08:25:43.9-07:00",
      "Id": 174261
    },
    {
      "Message": "raspranav:\r\n\r\nThe principal idea is to cloak the technology used on the server.If an attacker or malicious person watch the name of the cookies, at least knows the version of framework (and the used libraries), and can assume the version of IIS.\r\n\r\nSo the idea is to cloak the entire information about the technology. At this moment I can remove headers from IIS, change the cookie name from the session ID, but this isn't enough because this 4 cookies has the asp.net in the name.\r\n\r\nPlease add this feature, I understand this are short lived cookies, but is a simple feature that can give less information for malicious users.\r\n\r\nThanks.\r\n\r\nRef. http://www.troyhunt.com/2012/02/shhh-dont-let-your-response-headers.html",
      "PostedDate": "2014-09-24T04:49:01.23-07:00",
      "Id": 174262
    },
    {
      "Message": "Hi\r\n\r\nI'm the ASP.NET security body so it's my turn to jump in now. With the best will in the world even if we renamed the cookies to look like PHP cookies it's still going to be blindingly obvious you're using ASP.NET and the Identity package from their format. \r\n\r\nYes the cookie name makes it clear for a casual observer, but casual observers aren't attackers. Attackers have fingerprinting tools. Removing response headers does very little to stop these. If we take nmap as an example it will identify an OS by fingerprinting the TCP/IP responses from crafted requests. No amount of taking away a banner from a program will fix this. The same for IIS.\r\n\r\nWhen it comes to exploiting the usual route of attack these days is not the underlying frameworks, which tend to be more secure, but the user code running on top of them.\r\n\r\nGiven that we have deadlines and constrained resources I feel there is little benefit to the amount of effort needed to enable this feature and test it.",
      "PostedDate": "2014-09-24T06:21:59.123-07:00",
      "Id": 174263
    }
  ]
}