{
  "WorkItem": {
    "AffectedComponent": {
      "Name": "",
      "DisplayName": ""
    },
    "ClosedComment": "",
    "ClosedDate": "2014-02-04T15:38:03.753-08:00",
    "CommentCount": 2,
    "Custom": "",
    "Description": "As per nuget package conventions, the samples package should be named as __*foo*.sample__ . Currently the samples package for identity is named as samples which should be changed. Additionally the package should have the folder Sample/Identity which should have all the sample code\n\nPlease look at the [conventions](http://docs.nuget.org/docs/creating-packages/package-conventions) for more information",
    "LastUpdatedDate": "2014-02-04T15:38:03.753-08:00",
    "PlannedForRelease": "2.0.0-Beta1",
    "ReleaseVisibleToPublic": false,
    "Priority": {
      "Name": "Medium",
      "Severity": 100,
      "Id": 2
    },
    "ProjectName": "aspnetidentity",
    "ReportedDate": "2014-01-23T14:47:42.46-08:00",
    "Status": {
      "Name": "Closed",
      "Id": 4
    },
    "ReasonClosed": {
      "Name": "Unassigned"
    },
    "Summary": "Need to rename/restructure samples package as per nuget conventions",
    "Type": {
      "Name": "Issue",
      "Id": 3
    },
    "VoteCount": 1,
    "Id": 1986
  },
  "FileAttachments": [],
  "Comments": [
    {
      "Message": "Update description saying it should be created in Empty WAPs onlyAdd Readme",
      "PostedDate": "2014-01-23T16:18:50.95-08:00",
      "Id": 173919
    },
    {
      "Message": "Won't fix",
      "PostedDate": "2014-02-03T15:38:32.31-08:00",
      "Id": 173920
    }
  ]
}