{
  "WorkItem": {
    "AffectedComponent": {
      "Name": "",
      "DisplayName": ""
    },
    "ClosedComment": "Fixed for RTM",
    "ClosedDate": "2014-02-14T11:13:47.23-08:00",
    "CommentCount": 0,
    "Custom": "",
    "Description": "We need comments above the SetInitializer call in the static constructor of DbContext to explain the purpose",
    "LastUpdatedDate": "2014-02-14T11:13:47.23-08:00",
    "PlannedForRelease": "2.0.0",
    "ReleaseVisibleToPublic": true,
    "Priority": {
      "Name": "Low",
      "Severity": 50,
      "Id": 1
    },
    "ProjectName": "aspnetidentity",
    "ReportedDate": "2014-02-07T18:24:21.267-08:00",
    "Status": {
      "Name": "Closed",
      "Id": 4
    },
    "ReasonClosed": {
      "Name": "Unassigned"
    },
    "Summary": "[Samples package] comments for SetInitializer call",
    "Type": {
      "Name": "Issue",
      "Id": 3
    },
    "VoteCount": 1,
    "Id": 2020
  },
  "FileAttachments": [],
  "Comments": []
}