{
  "WorkItem": {
    "AffectedComponent": {
      "Name": "",
      "DisplayName": ""
    },
    "ClosedComment": "We will consider this in 3.0",
    "ClosedDate": "2015-02-02T14:47:28.753-08:00",
    "CommentCount": 0,
    "Custom": "",
    "Description": "In ASP .NET Identity 2.0 you have the following function in the UserStore class:\n\n        public Task<User> FindAsync(UserLoginInfo login)\n        {\n            \n        }\n\nIt's goal is to return a user if it finds a record in the AspNetUserLogins table with the provided LoginProvider and ProviderKey.\n\nHowever there is no unique index on the LoginProvider,ProviderKey columns to ensure unique.\n\nIs this by design?  The reflector source for the Entity framework implementation of the UserStore does a FirstOrDefault operator, so if there are duplicates it just grabs the first one.\n\nI think this would be a flaw, why would their be two loginproviders with the same name and key?  If there is no reason, please add unique index.",
    "LastUpdatedDate": "2015-02-02T14:47:28.753-08:00",
    "PlannedForRelease": "2.2.0-alpha1",
    "ReleaseVisibleToPublic": true,
    "Priority": {
      "Name": "Unassigned",
      "Severity": 0,
      "Id": 0
    },
    "ProjectName": "aspnetidentity",
    "ReportedDate": "2014-04-16T13:13:32.093-07:00",
    "Status": {
      "Name": "Closed",
      "Id": 4
    },
    "ReasonClosed": {
      "Name": "Unassigned"
    },
    "Summary": "Missing UNIQUE index on AspNetUserLogins table",
    "Type": {
      "Name": "Unassigned",
      "Id": 5
    },
    "VoteCount": 1,
    "Id": 2160
  },
  "FileAttachments": [],
  "Comments": []
}