{
  "WorkItem": {
    "AffectedComponent": {
      "Name": "",
      "DisplayName": ""
    },
    "ClosedComment": "",
    "ClosedDate": "2016-09-15T12:47:27.353-07:00",
    "CommentCount": 3,
    "Custom": null,
    "Description": "Hello!\r\n\r\nI am new to the asp.net world so it's possible I am doing something wrong but this situation looks really weird to me. When I set validateInterval: TimeSpan.FromMinutes(0) when configuring app.UseCookieAuthentication\r\nso I can force propagation of roles in every request I notice that I get additional 10 database calls every request.\r\n\r\nSteps to reproduce: \r\n\r\n1 - Create a brand new MVC project. (visual studio 2015 latest updates using asp.net identity 2.2.1)\r\n2 - Go to Startup.Auth.cs and change validateInterval: TimeSpan.FromMinutes(30) to validateInterval: TimeSpan.FromMinutes(0).\r\n3 - Call HomeController and notice that there is no database call.\r\n4 - Create a new user and login in.\r\n5 - Call HomeController and notice that there is 10 calls being made to the database every request.\r\n\r\nIs this normal or is there a way to avoid it?\r\n\r\nThanks.",
    "LastUpdatedDate": "2016-09-16T09:48:06.247-07:00",
    "PlannedForRelease": "",
    "ReleaseVisibleToPublic": false,
    "Priority": {
      "Name": "Unassigned",
      "Severity": 0,
      "Id": 0
    },
    "ProjectName": "aspnetidentity",
    "ReportedDate": "2016-09-14T19:28:41.347-07:00",
    "Status": {
      "Name": "Closed",
      "Id": 4
    },
    "ReasonClosed": {
      "Name": "By Design"
    },
    "Summary": "Multiple database calls to revalidate cookie",
    "Type": {
      "Name": "Unassigned",
      "Id": 5
    },
    "VoteCount": 1,
    "Id": 2554
  },
  "FileAttachments": [
    {
      "FileId": 1606858,
      "FileName": "queries.txt",
      "DownloadUrl": ".\\1606858"
    }
  ],
  "Comments": [
    {
      "Message": "This is normal. In 2.x it takes a few queries to get enough information to recreate the identity and drop the cookie. And by setting the validateInterval to 0 that's what you're forcing to happen on every request.",
      "PostedDate": "2016-09-15T12:46:50.443-07:00",
      "Id": 204098
    },
    {
      "Message": "I understand it needs a few queries but is it normal to increase as I add MVC bundles for example? In the example above I am having 10 queries sent. If I add another bundle it goes to 20 queries and so on. These could easily result in a huge amount of queries being sent to get the same data everytime.",
      "PostedDate": "2016-09-15T20:14:44.467-07:00",
      "Id": 204102
    },
    {
      "Message": "I don't understand what you mean by \"add MVC bundles\". Could you explain?",
      "PostedDate": "2016-09-16T09:48:06.247-07:00",
      "Id": 204113
    }
  ]
}