{
  "WorkItem": {
    "AffectedComponent": {
      "Name": "",
      "DisplayName": ""
    },
    "ClosedComment": "Please let us know if you disagree or you have a suggestion on how to fix it",
    "ClosedDate": "2014-05-12T14:47:11.077-07:00",
    "CommentCount": 2,
    "Custom": "",
    "Description": "Hi,\n\nI'm trying to fit my RavenDb implementation into the Microsoft.AspNet.Identity.Samples. Honest to say, it's not a picnic so far :)\n\nOne of the issues I found is how e-mail address is set. Inside the `Register(RegisterViewModel model)` action, `UserManager.SetEmailAsync(user.Id, model.Email);``should be used.",
    "LastUpdatedDate": "2014-05-12T14:47:11.077-07:00",
    "PlannedForRelease": "2.1",
    "ReleaseVisibleToPublic": true,
    "Priority": {
      "Name": "Unassigned",
      "Severity": 0,
      "Id": 0
    },
    "ProjectName": "aspnetidentity",
    "ReportedDate": "2014-03-19T02:32:02.743-07:00",
    "Status": {
      "Name": "Closed",
      "Id": 4
    },
    "ReasonClosed": {
      "Name": "Unassigned"
    },
    "Summary": "[Sample] HTTP POST Register Should set e*mail through UserManager.SetEmailAsync",
    "Type": {
      "Name": "Unassigned",
      "Id": 5
    },
    "VoteCount": 1,
    "Id": 2110
  },
  "FileAttachments": [],
  "Comments": [
    {
      "Message": "We actually probably need to add a CreateUser overload that takes Email since the UserValidator will block creating users that don't have emails set otherwise.",
      "PostedDate": "2014-05-06T16:45:01.337-07:00",
      "Id": 174017
    },
    {
      "Message": "We can't actually use SetEmail since the UserValidator blocks users from being created without emails, so the expectation is that the user is created with an email if RequireUniqueEmail is set.  So the app needs to ensure that the email is set appropriately on the entity before Creating the user.",
      "PostedDate": "2014-05-12T12:57:52.117-07:00",
      "Id": 174018
    }
  ]
}