{
  "WorkItem": {
    "AffectedComponent": {
      "Name": "",
      "DisplayName": ""
    },
    "ClosedComment": "There is another bug opened by you which is tracking this issue",
    "ClosedDate": "2014-08-18T14:21:36.683-07:00",
    "CommentCount": 0,
    "Custom": "",
    "Description": "Iam using database first approach..and using identity in my application.\n\nI have update this version of identity in my application and after update while i am adding user to role it is inserting null value in IdentityUser_Id column in userRoles table. Please let me know that is any code changes also need to do or it is a bug?",
    "LastUpdatedDate": "2014-08-18T14:21:36.683-07:00",
    "PlannedForRelease": "",
    "ReleaseVisibleToPublic": false,
    "Priority": {
      "Name": "Unassigned",
      "Severity": 0,
      "Id": 0
    },
    "ProjectName": "aspnetidentity",
    "ReportedDate": "2014-08-11T02:44:44.013-07:00",
    "Status": {
      "Name": "Closed",
      "Id": 4
    },
    "ReasonClosed": {
      "Name": "Unassigned"
    },
    "Summary": "IdentityUser_Id column having null value inserted now",
    "Type": {
      "Name": "Unassigned",
      "Id": 5
    },
    "VoteCount": 1,
    "Id": 2357
  },
  "FileAttachments": [],
  "Comments": []
}