{
  "WorkItem": {
    "AffectedComponent": {
      "Name": "",
      "DisplayName": ""
    },
    "ClosedComment": "Verified in nightly build 485 and the property is made virtual",
    "ClosedDate": "2014-01-20T11:48:04.487-08:00",
    "CommentCount": 0,
    "Custom": "",
    "Description": "In the private builds, the new property 'PhoneNumber' on the IdentityUser can be made virtual since existing apps might have this property on the custom user model",
    "LastUpdatedDate": "2017-11-28T00:28:51.59-08:00",
    "PlannedForRelease": "2.0.0-Beta1",
    "ReleaseVisibleToPublic": false,
    "Priority": {
      "Name": "Medium",
      "Severity": 100,
      "Id": 2
    },
    "ProjectName": "aspnetidentity",
    "ReportedDate": "2014-01-10T13:32:50.17-08:00",
    "Status": {
      "Name": "Closed",
      "Id": 4
    },
    "ReasonClosed": {
      "Name": "Unassigned"
    },
    "Summary": "The PhoneNumber property in IdentityUser should be made virtual",
    "Type": {
      "Name": "Issue",
      "Id": 3
    },
    "VoteCount": 1,
    "Id": 1968
  },
  "FileAttachments": [],
  "Comments": []
}