{
  "WorkItem": {
    "AffectedComponent": {
      "Name": "",
      "DisplayName": ""
    },
    "ClosedComment": "",
    "ClosedDate": "2015-07-29T14:40:49.853-07:00",
    "CommentCount": 0,
    "Custom": "",
    "Description": "Lockout is not enforced when the UserID is not valid, therefore a dictionary attack discloses which UserID's are valid and invalid. Please add lockout when UserID is not valid.\n\nTo repro: install the sample\nmanager.MaxFailedAccessAttemptsBeforeLockout = 2;\nenable shouldLockout: true\n\ntry login with valid email - locks out after 2nd\ntry with invalid, never locks out.",
    "LastUpdatedDate": "2017-11-28T00:28:51.467-08:00",
    "PlannedForRelease": "2.1",
    "ReleaseVisibleToPublic": true,
    "Priority": {
      "Name": "Unassigned",
      "Severity": 0,
      "Id": 0
    },
    "ProjectName": "aspnetidentity",
    "ReportedDate": "2014-04-16T15:12:03.74-07:00",
    "Status": {
      "Name": "Closed",
      "Id": 4
    },
    "ReasonClosed": {
      "Name": "Not A Bug"
    },
    "Summary": "[Samples][Bug][Security] valid UserID is disclosed via lockout",
    "Type": {
      "Name": "Unassigned",
      "Id": 5
    },
    "VoteCount": 5,
    "Id": 2161
  },
  "FileAttachments": [],
  "Comments": []
}