{
  "WorkItem": {
    "AffectedComponent": {
      "Name": "",
      "DisplayName": ""
    },
    "ClosedComment": "",
    "ClosedDate": "2014-11-17T14:55:56.47-08:00",
    "CommentCount": 1,
    "Custom": "",
    "Description": "I see that AccountController has private backing fields for UserManager and SignInManager.\n\nThe properties for accessing the backing fields do not use lazy initialization; if the backing field is null the getter calls HttpContext.GetOwinContext().Get__... every time.\n\nAccountController has both a public paramaterless constructor as well as an additional constructor which accepts userManager and signInManger parameters and populates the backing fields.\n\nHowever, unless I am mistaken, I do not see how or where this second constructor is ever used. So the backing fields would never be populated.\n\nSorry if I have missed something. Would it be sensible to implement lazy initialization here?",
    "LastUpdatedDate": "2014-11-17T14:55:56.47-08:00",
    "PlannedForRelease": "",
    "ReleaseVisibleToPublic": false,
    "Priority": {
      "Name": "Unassigned",
      "Severity": 0,
      "Id": 0
    },
    "ProjectName": "aspnetidentity",
    "ReportedDate": "2014-10-22T07:38:59.537-07:00",
    "Status": {
      "Name": "Closed",
      "Id": 4
    },
    "ReasonClosed": {
      "Name": "Unassigned"
    },
    "Summary": "[Samples] AccountController backing fields and constructor",
    "Type": {
      "Name": "Unassigned",
      "Id": 5
    },
    "VoteCount": 1,
    "Id": 2443
  },
  "FileAttachments": [],
  "Comments": [
    {
      "Message": "This constructor is for unit test usage.",
      "PostedDate": "2014-11-17T14:55:43.057-08:00",
      "Id": 174277
    }
  ]
}