{
  "WorkItem": {
    "AffectedComponent": {
      "Name": "",
      "DisplayName": ""
    },
    "ClosedComment": "",
    "ClosedDate": "2015-06-10T14:29:31.593-07:00",
    "CommentCount": 3,
    "Custom": null,
    "Description": "In Startup.cs I have:\r\n```\r\n public void ConfigureAuth(IAppBuilder app)\r\n        {\r\n            // Configure the db context, user manager and signin manager to use a single instance per request\r\n            app.CreatePerOwinContext(ApplicationDbContext.Create);\r\n            app.CreatePerOwinContext<ApplicationUserManager>(ApplicationUserManager.Create);\r\n            app.CreatePerOwinContext<ApplicationRoleManager>(ApplicationRoleManager.Create);\r\n            app.CreatePerOwinContext<ApplicationSignInManager>(ApplicationSignInManager.Create);\r\n\r\n            // Enable the application to use a cookie to store information for the signed in user\r\n            // and to use a cookie to temporarily store information about a user logging in with a third party login provider\r\n            // Configure the sign in cookie\r\n            app.UseCookieAuthentication(new CookieAuthenticationOptions\r\n            {\r\n                AuthenticationType = DefaultAuthenticationTypes.ApplicationCookie,\r\n                LoginPath = new PathString(\"/Account/Login\"),\r\n                Provider = new CookieAuthenticationProvider\r\n                {\r\n                    // Enables the application to validate the security stamp when the user logs in.\r\n                    // This is a security feature which is used when you change a password or add an external login to your account.  \r\n                    OnValidateIdentity = SecurityStampValidator.OnValidateIdentity<ApplicationUserManager, ApplicationUser>(\r\n                        validateInterval: TimeSpan.FromMinutes(30),\r\n                        regenerateIdentity: (manager, user) => user.GenerateUserIdentityAsync(manager))                 \r\n                },\r\n                CookieName = \"MyCookie\",\r\n                CookieDomain = \".MyDomain.com\",\r\n                CookieHttpOnly = true,\r\n                CookieSecure = CookieSecureOption.Always,\r\n                ExpireTimeSpan = TimeSpan.FromDays(30),\r\n                SlidingExpiration = true\r\n            });            \r\n            app.UseExternalSignInCookie(DefaultAuthenticationTypes.ExternalCookie);           \r\n\r\n            // Enables the application to temporarily store user information when they are verifying the second factor in the two-factor authentication process.\r\n            app.UseTwoFactorSignInCookie(DefaultAuthenticationTypes.TwoFactorCookie, TimeSpan.FromMinutes(5));\r\n\r\n            // Enables the application to remember the second login verification factor such as phone or email.\r\n            // Once you check this option, your second step of verification during the login process will be remembered on the device where you logged in from.\r\n            // This is similar to the RememberMe option when you log in.\r\n            app.UseTwoFactorRememberBrowserCookie(DefaultAuthenticationTypes.TwoFactorRememberBrowserCookie);\r\n\r\n            // Uncomment the following lines to enable logging in with third party login providers\r\n            //app.UseMicrosoftAccountAuthentication(\r\n            //    clientId: \"\",\r\n            //    clientSecret: \"\");\r\n\r\n            //app.UseTwitterAuthentication(\r\n            //   consumerKey: \"\",\r\n            //   consumerSecret: \"\");\r\n\r\n            //app.UseFacebookAuthentication(\r\n            //   appId: \"\",\r\n            //   appSecret: \"\");\r\n\r\n            //app.UseGoogleAuthentication(new GoogleOAuth2AuthenticationOptions()\r\n            //{\r\n            //    ClientId = \"\",\r\n            //    ClientSecret = \"\"\r\n            //});\r\n        }\r\n```\r\nAnd in my Login controller, I make this call:\r\n```\r\n var result = await SignInManager.PasswordSignInAsync(model.PhoneNumber, model.Password, true, shouldLockout: true);\r\n```\r\n\r\nYet without  fail, every morning when I navigate to a secured url on the site, I am forced to login again.",
    "LastUpdatedDate": "2015-06-10T14:29:31.593-07:00",
    "PlannedForRelease": "",
    "ReleaseVisibleToPublic": false,
    "Priority": {
      "Name": "Unassigned",
      "Severity": 0,
      "Id": 0
    },
    "ProjectName": "aspnetidentity",
    "ReportedDate": "2015-04-24T08:29:43.907-07:00",
    "Status": {
      "Name": "Closed",
      "Id": 4
    },
    "ReasonClosed": {
      "Name": "No Repro"
    },
    "Summary": "ASP.NET Identity forcing login even if setting ispersistent to true",
    "Type": {
      "Name": "Unassigned",
      "Id": 5
    },
    "VoteCount": 1,
    "Id": 2526
  },
  "FileAttachments": [],
  "Comments": [
    {
      "Message": "Can someone please either fix this \"remember me\" feature, or clearly document its proper usage?",
      "PostedDate": "2015-04-24T08:31:11.5-07:00",
      "Id": 183351
    },
    {
      "Message": "We cannot reproduce it. Can you please add more details or a solution which reproes this issue?",
      "PostedDate": "2015-06-03T14:38:24.293-07:00",
      "Id": 185101
    },
    {
      "Message": "I am no longer having this problem and I'm not sure why.",
      "PostedDate": "2015-06-03T23:24:30.6-07:00",
      "Id": 185110
    }
  ]
}