{
  "WorkItem": {
    "AffectedComponent": {
      "Name": "",
      "DisplayName": ""
    },
    "ClosedComment": "",
    "ClosedDate": "2014-05-19T16:44:33.12-07:00",
    "CommentCount": 0,
    "Custom": "",
    "Description": "1. Need to add the BOM character to the following files\nStartup.cs \nWeb.Debug.config \nWeb.Release.config \nModels\\AccountViewModels.cs \nModels\\ManageViewModels.cs \nViews\\Account\\DisplayEmail.cshtml \nViews\\Account\\ExternalLoginConfirmation.cshtml \nViews\\Account\\ForgotPasswordConfirmation.cshtml \nViews\\Account\\Login.cshtml \nViews\\Account\\Register.cshtml \nViews\\Account\\SendCode.cshtml \nViews\\Account\\VerifyCode.cshtml \nViews\\Manage\\AddPhoneNumber.cshtml \nViews\\Manage\\ChangePassword.cshtml \nViews\\Manage\\Index.cshtml \nViews\\Manage\\ManageLogins.cshtml \nViews\\Manage\\SetPassword.cshtml \nViews\\Manage\\VerifyPhoneNumber.cshtml \nViews\\Shared\\_LoginPartial.cshtml\n\n2. The Index page in samples has the following HTML5 validation error. Need to fix that \n\tLine 105, Column 16: Element ul not allowed as child of element dl in this context. (Suppressing further errors from this subtree.) \nLine 194, Column 16: Element ul not allowed as child of element dl in this context. (Suppressing further errors from this subtree.) \n            <ul>\n\tLine 214, Column 16: Element ul not allowed as child of element dl in this context. (Suppressing further errors from this subtree.) \n            <ul>",
    "LastUpdatedDate": "2014-05-19T16:44:33.12-07:00",
    "PlannedForRelease": "2.1",
    "ReleaseVisibleToPublic": true,
    "Priority": {
      "Name": "Low",
      "Severity": 50,
      "Id": 1
    },
    "ProjectName": "aspnetidentity",
    "ReportedDate": "2014-02-21T12:22:16.623-08:00",
    "Status": {
      "Name": "Closed",
      "Id": 4
    },
    "ReasonClosed": {
      "Name": "Unassigned"
    },
    "Summary": "[Samples package] Need to fix BOM and HTML validation errors",
    "Type": {
      "Name": "Issue",
      "Id": 3
    },
    "VoteCount": 1,
    "Id": 2048
  },
  "FileAttachments": [],
  "Comments": []
}