{
  "WorkItem": {
    "AffectedComponent": {
      "Name": "",
      "DisplayName": ""
    },
    "ClosedComment": "fixed in 2.1.0 as of 05/27",
    "ClosedDate": "2014-05-27T11:25:16.2-07:00",
    "CommentCount": 0,
    "Custom": "",
    "Description": "leading zeroes should be included while sending and verifying codes",
    "LastUpdatedDate": "2014-05-27T11:25:16.2-07:00",
    "PlannedForRelease": "2.1",
    "ReleaseVisibleToPublic": true,
    "Priority": {
      "Name": "High",
      "Severity": 150,
      "Id": 3
    },
    "ProjectName": "aspnetidentity",
    "ReportedDate": "2014-03-14T08:32:46.633-07:00",
    "Status": {
      "Name": "Closed",
      "Id": 4
    },
    "ReasonClosed": {
      "Name": "Unassigned"
    },
    "Summary": "2FA Should print out leading zeroes",
    "Type": {
      "Name": "Issue",
      "Id": 3
    },
    "VoteCount": 1,
    "Id": 2103
  },
  "FileAttachments": [],
  "Comments": []
}