{
  "WorkItem": {
    "AffectedComponent": {
      "Name": "",
      "DisplayName": ""
    },
    "ClosedComment": "We will look into this for v3.0",
    "ClosedDate": "2014-08-25T14:20:01.433-07:00",
    "CommentCount": 1,
    "Custom": "",
    "Description": "I just downloaded latest pre-release bits as announced \nhttp://blogs.msdn.com/b/webdev/archive/2014/06/05/asp-net-identity-2-1-0-alpha1.aspx\n\nI like the ```SignInManager``` that was introduced.\n\nIt follows along ```UserManager``` and ```RoleManager``` and it can be extended to meet my application needs...\n__BUT__, ```SignInManager``` returns an ```SignInStatus``` enum as a result of its operations __which makes it impossible to add my own statuses__....\n\nWhy not follow the what ```UserManager``` does with ```IdentityResult``` and introduce ```SignInResult``` (which would be a public class).\nIf I extend ```SignInManager``` then I could extend ```SignInResult``` to add new , well, \"results\" :)\n\nOr perhaps there is some other ways in which I can add my own statuses (when I extend ```SignInManager```) that I am not aware of?\n\nThanks\nZ....",
    "LastUpdatedDate": "2014-08-25T14:20:01.433-07:00",
    "PlannedForRelease": "Future",
    "ReleaseVisibleToPublic": false,
    "Priority": {
      "Name": "Unassigned",
      "Severity": 0,
      "Id": 0
    },
    "ProjectName": "aspnetidentity",
    "ReportedDate": "2014-06-06T16:04:56.733-07:00",
    "Status": {
      "Name": "Closed",
      "Id": 4
    },
    "ReasonClosed": {
      "Name": "Unassigned"
    },
    "Summary": "SignInStatus enum is not flexible enough....",
    "Type": {
      "Name": "Unassigned",
      "Id": 5
    },
    "VoteCount": 6,
    "Id": 2262
  },
  "FileAttachments": [],
  "Comments": [
    {
      "Message": "This is an excellent idea! Would help solve an issue I have where I had extending the enum with some extra statuses in my app",
      "PostedDate": "2014-06-16T00:35:38.75-07:00",
      "Id": 174172
    }
  ]
}