{
  "WorkItem": {
    "AffectedComponent": {
      "Name": "",
      "DisplayName": ""
    },
    "ClosedComment": "",
    "ClosedDate": "2014-04-16T15:10:44.217-07:00",
    "CommentCount": 1,
    "Custom": "",
    "Description": "I have owin wired up as the default template setup.\n\n Provider = new CookieAuthenticationProvider {\n                    OnValidateIdentity = SecurityStampValidator.OnValidateIdentity<UserManager, Data.Models.User>(\n                        validateInterval: TimeSpan.FromSeconds( 5 ),\n                        regenerateIdentity: ( manager, user ) =>  manager.CreateIdentityAsync( user, DefaultAuthenticationTypes.ApplicationCookie )) //user.GenerateUserIdentityAsync( manager ) )\n                }\n\n\n__and then tried to Reset a password doing this__\n\nvar token = um.GetPasswordResetToken( user.Id );\nvar result = um.ResetPassword( user.Id, token, NewPassword.Text );\n\nif ( result.Succeeded ) {\n\n\n__I see the YSOD__\n\nNo IUserTokenProvider is registered.\n\nDescription: An unhandled exception occurred during the execution of the current web request. Please review the stack trace for more information about the error and where it originated in the code. \n\nException Details: System.NotSupportedException: No IUserTokenProvider is registered.\n\n\n\n> Stack Trace: \n\n\n[NotSupportedException: No IUserTokenProvider is registered.]\n   Microsoft.AspNet.Identity.<GenerateUserTokenAsync>d__e6.MoveNext() +287\n   System.Runtime.CompilerServices.TaskAwaiter.ThrowForNonSuccess(Task task) +144\n   System.Runtime.CompilerServices.TaskAwaiter.HandleNonSuccessAndDebuggerNotification(Task task) +84\n   Microsoft.AspNet.Identity.<GetPasswordResetTokenAsync>d__4c.MoveNext() +363\n   System.Runtime.CompilerServices.TaskAwaiter.ThrowForNonSuccess(Task task) +144\n   System.Runtime.CompilerServices.TaskAwaiter.HandleNonSuccessAndDebuggerNotification(Task task) +84\n   System.Runtime.CompilerServices.TaskAwaiter`1.GetResult() +49\n   Microsoft.AspNet.Identity.AsyncHelper.RunSync(Func`1 func) +239\n   App.Account.shared.accounts.<ChangePasswordPushButton_Click>d__0.MoveNext() in c:\\Users\\David\\Documents\\Visual Studio 2013\\Projects\\Skaos\\App\\Account\\shared\\accounts\\PasswordReset.aspx.cs:44\n   System.Runtime.CompilerServices.AsyncMethodBuilderCore.<ThrowAsync>b__0(Object state) +5430616\n   System.Web.Util.SynchronizationHelper.SafeWrapCallback(Action action) +180\n   System.Runtime.CompilerServices.TaskAwaiter.ThrowForNonSuccess(Task task) +144\n   System.Runtime.CompilerServices.TaskAwaiter.HandleNonSuccessAndDebuggerNotification(Task task) +84\n   System.Web.Util.WithinCancellableCallbackTaskAwaiter.GetResult() +69\n   System.Web.UI.<ProcessRequestMainAsync>d__14.MoveNext() +8494\n\n\nThanks.",
    "LastUpdatedDate": "2014-04-16T15:10:44.217-07:00",
    "PlannedForRelease": "",
    "ReleaseVisibleToPublic": false,
    "Priority": {
      "Name": "Unassigned",
      "Severity": 0,
      "Id": 0
    },
    "ProjectName": "aspnetidentity",
    "ReportedDate": "2014-03-19T15:38:26.82-07:00",
    "Status": {
      "Name": "Closed",
      "Id": 4
    },
    "ReasonClosed": {
      "Name": "Unassigned"
    },
    "Summary": "Identity 2 beta Password Reset Fail - No IUserTokenProvider is registered",
    "Type": {
      "Name": "Unassigned",
      "Id": 5
    },
    "VoteCount": 1,
    "Id": 2112
  },
  "FileAttachments": [],
  "Comments": [
    {
      "Message": "The UserManager should have a TokenProvider registered before using the reset password feature. Install the Microsoft.AspNet.Identity.Samples version 2.0.0-beta1 package on an empty project which is a sample application showing how to wire up UserManager and the TokenProvider",
      "PostedDate": "2014-03-20T09:55:39.4-07:00",
      "Id": 174019
    }
  ]
}