{
  "WorkItem": {
    "AffectedComponent": {
      "Name": "",
      "DisplayName": ""
    },
    "ClosedComment": "Identity doesn't store anything in HttpContext.Current if you require this, you need to flow that across async calls yourself",
    "ClosedDate": "2014-08-25T14:16:41.337-07:00",
    "CommentCount": 1,
    "Custom": "",
    "Description": "Just getting started with ASP.NET Identity 2.0.\n\nWe have a long-lived ASP.NET WebForms app which uses Autofaq for IoC. Database connections are injected with lifetime scope tied to request lifetime. To resolve a DB connection, Autofaq touches HttpContext.Current.\n\nI have been trying to use the non-async versions of UserManager methods found on UserManagerExtensions. Those extensions use AsyncHelper which uses TaskFactory to 'fake' synchronous calls. I know I should be calling the async versions directly - and someday I will - that will be quite a bit of surgery.\n\nIn the meantime, I've implemented ASP.NET Identity persistence to use our user repository which grabs a DB connection which results in a null reference exception when Autofaq has to touch HttpContext.Current.\n\nWhat are my options here? HttpContext.Current is good within awaits made in methods fired off by RegisterAsyncTask(new PageAsyncTask()) but not from TaskFactory or even Task.Run().\n\nDo I HAVE to go the async route?\n\nThank you!",
    "LastUpdatedDate": "2015-04-03T01:37:22.577-07:00",
    "PlannedForRelease": "",
    "ReleaseVisibleToPublic": false,
    "Priority": {
      "Name": "Unassigned",
      "Severity": 0,
      "Id": 0
    },
    "ProjectName": "aspnetidentity",
    "ReportedDate": "2014-07-08T13:14:08.223-07:00",
    "Status": {
      "Name": "Closed",
      "Id": 4
    },
    "ReasonClosed": {
      "Name": "Unassigned"
    },
    "Summary": "UserManagerExtensions uses AsyncHelper which breaks access to HttpContext.Current",
    "Type": {
      "Name": "Unassigned",
      "Id": 5
    },
    "VoteCount": 1,
    "Id": 2309
  },
  "FileAttachments": [],
  "Comments": [
    {
      "Message": "\"if you require this, you need to flow that across async calls yourself\"\n\nIt would be nice if you could provide some hints as to how to go about this.",
      "PostedDate": "2015-04-03T01:37:22.577-07:00",
      "Id": 181748
    }
  ]
}