{
  "WorkItem": {
    "AffectedComponent": {
      "Name": "",
      "DisplayName": ""
    },
    "ClosedComment": "",
    "ClosedDate": "2014-05-05T11:42:31.433-07:00",
    "CommentCount": 6,
    "Custom": "",
    "Description": "I followed the instructions on http://blogs.msdn.com/b/webdev/archive/2013/12/20/updating-asp-net-applications-from-asp-net-identity-1-0-to-2-0-0-alpha1.aspx to upgrade to Identity 2.0. I can see the changes reflected to my LocalDB instance from the Server Explorer. e.g. Added EmailConfirmed, LockoutEnabled, etc.\n\nBut now when I go through the new user registration, see an exception thrown from the UserManager.CreateAsync(user, model.Password) call.\n\nException:\ne\t{\"The entity type ApplicationUser is not part of the model for the current context.\"}\t\nSystem.Exception {System.InvalidOperationException}\n\nStack Trace:\n   at System.Data.Entity.Internal.InternalContext.UpdateEntitySetMappingsForType(Type entityType)\n   at System.Data.Entity.Internal.InternalContext.GetEntitySetAndBaseTypeForType(Type entityType)\n   at System.Data.Entity.Internal.Linq.InternalSet`1.Initialize()\n   at System.Data.Entity.Internal.Linq.InternalSet`1.Include(String path)\n   at System.Data.Entity.Infrastructure.DbQuery`1.Include(String path)\n   at System.Data.Entity.QueryableExtensions.Include[T](IQueryable`1 source, String path)\n   at System.Data.Entity.QueryableExtensions.Include[T,TProperty](IQueryable`1 source, Expression`1 path)\n   at Microsoft.AspNet.Identity.EntityFramework.UserStore`6.GetUserAggregateAsync(Expression`1 filter)\n   at Microsoft.AspNet.Identity.EntityFramework.UserStore`6.FindByNameAsync(String userName)\n   at Microsoft.AspNet.Identity.UserManager`2.FindByNameAsync(String userName)\n   at Microsoft.AspNet.Identity.UserValidator`2.<ValidateUserName>d__4.MoveNext()\n--- End of stack trace from previous location where exception was thrown ---\n   at System.Runtime.CompilerServices.TaskAwaiter.ThrowForNonSuccess(Task task)\n   at System.Runtime.CompilerServices.TaskAwaiter.HandleNonSuccessAndDebuggerNotification(Task task)\n   at System.Runtime.CompilerServices.TaskAwaiter.GetResult()\n   at Microsoft.AspNet.Identity.UserValidator`2.<ValidateAsync>d__0.MoveNext()\n--- End of stack trace from previous location where exception was thrown ---\n   at System.Runtime.CompilerServices.TaskAwaiter.ThrowForNonSuccess(Task task)\n   at System.Runtime.CompilerServices.TaskAwaiter.HandleNonSuccessAndDebuggerNotification(Task task)\n   at System.Runtime.CompilerServices.ConfiguredTaskAwaitable`1.ConfiguredTaskAwaiter.GetResult()\n   at Microsoft.AspNet.Identity.UserManager`2.<CreateAsync>d__0.MoveNext()\n--- End of stack trace from previous location where exception was thrown ---\n   at System.Runtime.CompilerServices.TaskAwaiter.ThrowForNonSuccess(Task task)\n   at System.Runtime.CompilerServices.TaskAwaiter.HandleNonSuccessAndDebuggerNotification(Task task)\n   at System.Runtime.CompilerServices.ConfiguredTaskAwaitable`1.ConfiguredTaskAwaiter.GetResult()\n   at Microsoft.AspNet.Identity.UserManager`2.<CreateAsync>d__d.MoveNext()\n--- End of stack trace from previous location where exception was thrown ---\n   at System.Runtime.CompilerServices.TaskAwaiter.ThrowForNonSuccess(Task task)\n   at System.Runtime.CompilerServices.TaskAwaiter.HandleNonSuccessAndDebuggerNotification(Task task)\n   at System.Runtime.CompilerServices.TaskAwaiter`1.GetResult()\n   at TravellersConnect2.Controllers.AccountController.<Register>d__2b.MoveNext() in k:\\Dev\\repos\\TravellersConnect2\\TravellersConnect2\\Controllers\\AccountController.cs:line 337\n\nThis is how my DbContext is setup:\n    public class ApplicationDbContext : IdentityDbContext<ApplicationUser>\n    {\n        public ApplicationDbContext() : base(\"DefaultConnection\") { }\n    }\n\nAny help is appreciated.",
    "LastUpdatedDate": "2014-05-27T08:13:27.773-07:00",
    "PlannedForRelease": "2.1",
    "ReleaseVisibleToPublic": true,
    "Priority": {
      "Name": "Unassigned",
      "Severity": 0,
      "Id": 0
    },
    "ProjectName": "aspnetidentity",
    "ReportedDate": "2014-04-10T20:00:12.583-07:00",
    "Status": {
      "Name": "Closed",
      "Id": 4
    },
    "ReasonClosed": {
      "Name": "Unassigned"
    },
    "Summary": "Migrating from Identity 1.0 to 2.0",
    "Type": {
      "Name": "Unassigned",
      "Id": 5
    },
    "VoteCount": 1,
    "Id": 2154
  },
  "FileAttachments": [],
  "Comments": [
    {
      "Message": "@layinka : can you post your OnModelCreating code so that we can what might be conflicting",
      "PostedDate": "2014-04-11T10:29:11.127-07:00",
      "Id": 174095
    },
    {
      "Message": "@ksk385: ignore first comment. IT was for another issue. Are you passing this DbContext in the constructor of your UserStore ? Can you provide the UserManager create method ?",
      "PostedDate": "2014-04-11T10:32:39.897-07:00",
      "Id": 174096
    },
    {
      "Message": "@suhasj: Here is the code that creates the UserStore\r\n\r\nUserManagerFactory = () => new UserManager(new UserStore());\r\n\r\nI guess I need to pass an instance of the ApplicationDbContext() to the UserStore constructor? \r\n\r\nWhat happens internally when this is passed? I was hoping I would find an explanation on MSDN but nothing useful here:\r\n\r\nhttp://msdn.microsoft.com/en-us/library/dn272146(v=vs.111).aspx\r\n\r\nThanks!",
      "PostedDate": "2014-04-11T11:15:54.71-07:00",
      "Id": 174097
    },
    {
      "Message": "@suhasj: Is there any other place to refer to for documentation on Identity framework?",
      "PostedDate": "2014-04-11T11:16:47.687-07:00",
      "Id": 174098
    },
    {
      "Message": "@ksk385: The MSDN documentation is updated to http://msdn.microsoft.com/en-us/library/dn272146(v=vs.108).aspx. You can debug your application using the symbols package using the instructions in this link\r\n\r\nhttp://www.symbolsource.org/Public/Home/VisualStudio\r\n\r\nYou can step into the code with this.",
      "PostedDate": "2014-05-05T11:42:25.01-07:00",
      "Id": 174099
    },
    {
      "Message": "I have exactly the same problem migrating to 2.0.1\r\n\r\nCould you explain the solution please?",
      "PostedDate": "2014-05-27T08:13:27.773-07:00",
      "Id": 174100
    }
  ]
}