{
  "WorkItem": {
    "AffectedComponent": {
      "Name": "",
      "DisplayName": ""
    },
    "ClosedComment": "You can set the TimeSpan to be infinity for users to be locked out for your scenario,",
    "ClosedDate": "2014-08-06T14:54:23.503-07:00",
    "CommentCount": 0,
    "Custom": "",
    "Description": "Hi,\n\nI was trying to lockout a User from accesing the site, as an Admin point of view, without setting a curfew datetime.\n\nThe current code checks for the lockoutenabled bool first and then if it is true checks for the difference in the datetime:\n\n bool flag;\n        if (await store.GetLockoutEnabledAsync(user).ConfigureAwait(false))\n        {\n          DateTimeOffset lockoutTime = await store.GetLockoutEndDateAsync(user).ConfigureAwait(false);\n          flag = lockoutTime >= DateTimeOffset.UtcNow;\n        }\n        else\n          flag = false;\n        return flag;\n\nIt would be good to support to lock an account without setting a datetime.\n\nmaybe the code should check if lockout is true, and the check if the DateTime is null before calculating the difference. And if the datetime is null, return True as being lockout.\n\nthanks!",
    "LastUpdatedDate": "2014-08-06T14:54:23.503-07:00",
    "PlannedForRelease": "",
    "ReleaseVisibleToPublic": false,
    "Priority": {
      "Name": "Unassigned",
      "Severity": 0,
      "Id": 0
    },
    "ProjectName": "aspnetidentity",
    "ReportedDate": "2014-06-13T13:24:12.21-07:00",
    "Status": {
      "Name": "Closed",
      "Id": 4
    },
    "ReasonClosed": {
      "Name": "Unassigned"
    },
    "Summary": "UserManager.IsLockedOutAsync should allow a user to be lockout with the date being assigned",
    "Type": {
      "Name": "Unassigned",
      "Id": 5
    },
    "VoteCount": 1,
    "Id": 2274
  },
  "FileAttachments": [],
  "Comments": []
}