{
  "WorkItem": {
    "AffectedComponent": {
      "Name": "",
      "DisplayName": ""
    },
    "ClosedComment": "",
    "ClosedDate": "2014-04-16T13:40:47.783-07:00",
    "CommentCount": 2,
    "Custom": "",
    "Description": "GetRolesAsync returns iList<string> regardless of actual Role PK type\nIn other words this code adapted from the MVC sample app, fails due to trying to match string to Guid...\n\n       /// <summary>\n        /// Method to add user to multiple roles\n        /// </summary>\n        /// <param name=\"userId\">user id</param>\n        /// <param name=\"roles\">list of role names</param>\n        /// <returns></returns>\n        public virtual async Task<IdentityResult> AddUserToRolesAsync(Guid userId, IList<Guid> roles)\n        {\n            var userRoleStore = (IUserRoleStore<AppUser, Guid>)Store;\n\n            var user = await FindByIdAsync(userId).ConfigureAwait(false);\n            if (user == null)\n            {\n                throw new InvalidOperationException(\"Invalid user Id\");\n            }\n\n            var userRoles = await userRoleStore.get.GetRolesAsync(user).ConfigureAwait(false);\n            // Add user to each role using UserRoleStore\n            foreach (var role in roles.Where(role => !userRoles.Contains(role)))\n            {\n                await userRoleStore.AddToRoleAsync(user, role).ConfigureAwait(false);\n            }\n\n            // Call update once when all roles are added\n            return await UpdateAsync(user).ConfigureAwait(false);\n        }",
    "LastUpdatedDate": "2014-04-16T13:40:48.297-07:00",
    "PlannedForRelease": "",
    "ReleaseVisibleToPublic": false,
    "Priority": {
      "Name": "Unassigned",
      "Severity": 0,
      "Id": 0
    },
    "ProjectName": "aspnetidentity",
    "ReportedDate": "2014-04-16T05:18:48.333-07:00",
    "Status": {
      "Name": "Closed",
      "Id": 4
    },
    "ReasonClosed": {
      "Name": "Unassigned"
    },
    "Summary": "GetRolesAsync returns iList<string> regardless of actual Role PK type",
    "Type": {
      "Name": "Unassigned",
      "Id": 5
    },
    "VoteCount": 1,
    "Id": 2158
  },
  "FileAttachments": [],
  "Comments": [
    {
      "Message": "Erata:userRoleStore.get.GetRolesAsync(user)should read userRoleStore.GetRolesAsync(user)",
      "PostedDate": "2014-04-16T05:20:50.483-07:00",
      "Id": 174103
    },
    {
      "Message": "@fangspeen: the method returns role names and not role Ids which are always strings",
      "PostedDate": "2014-04-16T10:39:56.23-07:00",
      "Id": 174104
    }
  ]
}