{
  "WorkItem": {
    "AffectedComponent": {
      "Name": "",
      "DisplayName": ""
    },
    "ClosedComment": "Please look at the article",
    "ClosedDate": "2014-07-23T14:13:51.663-07:00",
    "CommentCount": 3,
    "Custom": "",
    "Description": "Hi,\nI want to implement asp.net identity to upgrade an existing app with existing users in the database but the api seems to prevent me from using salt when hashing passwords.\n\nSpecifically I want to implement my own IPasswordHasher but the api has no way to pass in the salt which we store as a separate field in the user table.\n\nI think this is a very important scenario, it is a show stopper for migrating an existing app where we already have many user rows hashed with salt.\n\nI vote for adding support for passing a salt into the IPasswordHasher methods.\n\nI hope this can be addressed in the api before vnext is fully released.\n\nThanks and Best Regards,\nJoe Audette",
    "LastUpdatedDate": "2014-07-25T06:36:31.197-07:00",
    "PlannedForRelease": "",
    "ReleaseVisibleToPublic": false,
    "Priority": {
      "Name": "Unassigned",
      "Severity": 0,
      "Id": 0
    },
    "ProjectName": "aspnetidentity",
    "ReportedDate": "2014-07-23T11:45:10.107-07:00",
    "Status": {
      "Name": "Closed",
      "Id": 4
    },
    "ReasonClosed": {
      "Name": "Unassigned"
    },
    "Summary": "api doesn't permit custom hashing with salt",
    "Type": {
      "Name": "Unassigned",
      "Id": 5
    },
    "VoteCount": 1,
    "Id": 2333
  },
  "FileAttachments": [],
  "Comments": [
    {
      "Message": "Look at the following example which shows how you can plugin the salt from old membership system to Identityhttp://www.asp.net/identity/overview/migrations/migrating-an-existing-website-from-sql-membership-to-aspnet-identity",
      "PostedDate": "2014-07-23T14:11:28.957-07:00",
      "Id": 174227
    },
    {
      "Message": "this solution requires us to store the salt in the same db field as the password separated by |which seems like a step backward and means we cannot use our existing data as is but have to migrate into a new data column if not a new table. Its workable but ugly.\r\n\r\nNo offense intended but this is kind of disappointing. I thought you guys were looking for feedback to improve the new identity system while it is still being developed. My feedback is please support password salt in a separate field. You guys need to get this identity system right so we don't need another one and another one later on like in the past.",
      "PostedDate": "2014-07-24T05:54:49.393-07:00",
      "Id": 174228
    },
    {
      "Message": "I guess I've warmed up to the idea of storing the salt, the hash and the format token in a single field since it keeps the api more simple and those are just implementation details that can hide behind the method signature.I see that the default implementation is using salt in a similar way inside that methodhttp://stackoverflow.com/questions/20621950/asp-net-identity-default-password-hasher-how-does-it-work-and-is-it-secure\r\n\r\nsorry for my previous comment, this is a good solution for me, thanks for your help",
      "PostedDate": "2014-07-25T06:36:31.197-07:00",
      "Id": 174229
    }
  ]
}