{
  "WorkItem": {
    "AffectedComponent": {
      "Name": "",
      "DisplayName": ""
    },
    "ClosedComment": "",
    "ClosedDate": "2013-12-12T17:03:52.617-08:00",
    "CommentCount": 2,
    "Custom": "",
    "Description": "1. Create new C# WAP\n2. MAkes changes in IdentityModel and pages to change the primary key to string\n3. REgister local user\n\nIn the templates if we change the primary key of ApplicationUser to int and register a user, there are 2 additional tables created for IdentityUser and IDentityRoles while the existing AspNet* tables have additional columns named ApplicationUser_Id to map the navigation property. This needs to be looked into",
    "LastUpdatedDate": "2013-12-12T17:03:52.617-08:00",
    "PlannedForRelease": "",
    "ReleaseVisibleToPublic": false,
    "Priority": {
      "Name": "Unassigned",
      "Severity": 0,
      "Id": 0
    },
    "ProjectName": "aspnetidentity",
    "ReportedDate": "2013-11-14T19:42:40.293-08:00",
    "Status": {
      "Name": "Closed",
      "Id": 4
    },
    "ReasonClosed": {
      "Name": "Unassigned"
    },
    "Summary": "Changing the primary key to int in the templates causes extra tables to be added and incorrect schema",
    "Type": {
      "Name": "Unassigned",
      "Id": 5
    },
    "VoteCount": 1,
    "Id": 1900
  },
  "FileAttachments": [],
  "Comments": [
    {
      "Message": "Should be fixed in latest nightly bits",
      "PostedDate": "2013-11-18T11:41:12.04-08:00",
      "Id": 173857
    },
    {
      "Message": "Verified nightly build as of 12/12 and no extra tables were created as mentioned in the issue. Did sanity testing with adding profiles and PK type Guid. Works fine",
      "PostedDate": "2013-12-12T17:03:44.507-08:00",
      "Id": 173858
    }
  ]
}