{
  "WorkItem": {
    "AffectedComponent": {
      "Name": "",
      "DisplayName": ""
    },
    "ClosedComment": "",
    "ClosedDate": "2014-05-06T18:43:45.263-07:00",
    "CommentCount": 4,
    "Custom": "",
    "Description": "The issue is that basically when you login from Facebook into your application and log out. You only Logout from the application. You are still signed into Facebook\n\nCopied from https://aspnet.codeplex.com/workitem/10350\nHopefully this is an appropriate place to post this. I was answering a question on stack overflow and thought that this would be a good suggestion for OAuthWebSecurity. \n\nThe problem is that if a user logged in using a provider (e.g. google/facebook/twitter/etc) when a user logs out from the app, i.e. WebSecurity.Logout() they remain logged into their provider. The reason that I think that leaving the user logged into the provider is bad is demonstrated by the following example: -\nUser is on a public computer.\nUser opens an EmergencyIceCream (fictitious) site.\nOn the EmergencyIceCream site, User chooses to log in using a provider (e.g. google/facebook).\nUser has ordered their emergency icecream and clicks log out.\nUser is taken back to the EmergencyIceCream home page.\nUser is happy that they have logged out.\nBadUser comes to the computer and can't believe their luck that when they go to the provider's site (e.g. google/facebook) and they have access to and control over all account information for User as well as any applications that use User's account (including EmergencyIceCream).\nI think that there should be an option to log out of the social provider as well. I imagine that there are times when the user may want to remain logged into their provider such as when they have the provider's site open in a different tab and want to continue using it, which is why I think there should be both options.\n\nI am not sure if this is something that could be done under the hood in OAuthWebSecurity or needs to change in the open-id/oauth implementation. I don't think it is a very good option to have code to log out of each provider individually. I don't agree with some answers that say that this is how oauth works and that we should live with it or use our own authentication and authorization. As a consumer of the OAuthWebSecurity feature to simplify the login process for my app, I now have more work to do and weakened security for the user. Also, the fact that logging out of the provider solves the issue indicates that there is a way to solve this.",
    "LastUpdatedDate": "2014-05-06T18:43:45.263-07:00",
    "PlannedForRelease": "Future",
    "ReleaseVisibleToPublic": false,
    "Priority": {
      "Name": "Unassigned",
      "Severity": 0,
      "Id": 0
    },
    "ProjectName": "aspnetidentity",
    "ReportedDate": "2013-12-12T18:12:42.953-08:00",
    "Status": {
      "Name": "Closed",
      "Id": 4
    },
    "ReasonClosed": {
      "Name": "Unassigned"
    },
    "Summary": "SignOut from app should SignOut from Facebook",
    "Type": {
      "Name": "Task",
      "Id": 2
    },
    "VoteCount": 2,
    "Id": 1942
  },
  "FileAttachments": [],
  "Comments": [
    {
      "Message": "It is more than just signing out of Facebook. It needs to include other OAuthWebSecurity providers such as Google, Yahoo, Microsoft, etc. \r\n\r\nThis will need to be optional as the user will not always want to log out of their provider (e.g. Facebook) as well. ",
      "PostedDate": "2013-12-13T14:35:21.867-08:00",
      "Id": 173880
    },
    {
      "Message": "My opinion for a solution will be this :\r\n\r\nWe have 2 case scenarios when login in:\r\n\r\n1) Login to EmergencyIceCream when I'm already logged in on Facebook2) Login to EmergencyIceCream and provider credentials to Facebook\r\n\r\nThe solution would be to Logout take considerations based on the 2 scenarios :case 1 : User should stay logged in on Facebook (this is how it works now)case 2 : User should also be logged out on Facebook (right now it doesn't work this way).\r\n\r\nWorst case scenario :Log to site A providing credentials to facebook (case 2)Log to facebook no credentials needed (case 1)Logout site A (this will also log me out of facebook)\r\n\r\nThis could be easily supported if the implementation is on the Providers like so :Web applications always 'tries' to log out from Provider on logout of the application.Provider have checks if log out from 3rd party is allowed or not. (they can also have a setting for the end-user for this like : always allow 3rd party log out or log me out of facebook when I log out on a website that uses facebook credentials.)If the check returns true, log out is success, else it's not.\r\n\r\nThe check implementation could be anything from tivial like :When user logs into facebook.com set Allow3rdPartyLogOut = false;When user log out of facebook.com set Allow3rdPartyLogOut = true;to something extremelly complex, good thing is implemented on the provider so less prone to errors or developers of each site to handle the situations.Also the validation of the 'cookie' could be of less time when Allow3rdPartyLogOut = true; in case developer 'forgets' to try to logout from facebook, risk window frame is minimized.\r\n\r\nIf, for some reason, the website application doesn't want to log out of provider, they can just not even try to.\r\n\r\nSo you have better user experience, less security risk while still some flexibility.",
      "PostedDate": "2014-01-23T17:41:27.12-08:00",
      "Id": 173881
    },
    {
      "Message": "bartmax, yeah I think I was thinking similar when I asked the question. You are right, it needs to be simple and not rely on user or developer configuration. It could be a provider check such as: -       IF this the last login session for the device THEN logout ELSE stay logged in\r\n\r\nThe only tricky bit is getting this into a standard so that the providers all implement it in a reliable way. ;)",
      "PostedDate": "2014-01-23T20:19:07.517-08:00",
      "Id": 173882
    },
    {
      "Message": "This is by design.",
      "PostedDate": "2014-02-03T15:43:16.69-08:00",
      "Id": 173883
    }
  ]
}