{
  "WorkItem": {
    "AffectedComponent": {
      "Name": "",
      "DisplayName": ""
    },
    "ClosedComment": "",
    "ClosedDate": null,
    "CommentCount": 0,
    "Custom": null,
    "Description": "This is in regards to `Microsoft.AspNet.Identity.UserManager<TUser, TKey>`.\r\n\r\nA call to `UserManager.CreateAsync(user, password)` calls `UpdatePasswordAsync` (Then `UpdateSecurityStamp`) before calling `UpdateAsync`. This is largely due to the Store being simple implementations that reference direct model properties (e.g. PasswordHash & SecurityStamp, respectfully).\r\n\r\nShouldn't (or couldn't) this be work-flowed differently to accommodate a scenario where pass by reference isn't assumed? (Especially when everything has been refactored and abstracted out) As it stands, this really only works because the model's being micro-modified along the way before it's handed off to (in EF implementation) the database for storing. However, that doesn't really keep the `IUserPasswordStore` & `IUserSecurityStampStore` separated. It also mandates I have at least those two properties on my model at all times..\r\n\r\nTo provide some context, I'm writing a WCF `IUserStore` and I guess misunderstood what my `IdentityUser` would require for properties. I envisioned only requiring `Id` and possibly `UserName` and the rest being accessible through the abstractions, e.g. IUserPasswordStore (PasswordHash), IUserLockoutStore (AccessFailedCount, LockoutEndDateUtc), IUserSecurityStampStore (SecurityStamp), etc. \r\n\r\nI guess I'm looking to see if this was the intended workflow or if it's a middle stage. Kudos for breaking it down since Identity v1 (at least now it's able to be layered), but I still feel like it's coupled closely in a lot of spots. If the MVC template is any indication, maybe I shouldn't be that surprised given the direct references to `user.PasswordHash != null` & `user.PhoneNumber != null` (over using `UserManager.HasPassword` or `UserManager.GetPhoneNumber`) in the ManageController. I guess I just wished it was more modular.",
    "LastUpdatedDate": "2017-11-28T00:28:50.783-08:00",
    "PlannedForRelease": "",
    "ReleaseVisibleToPublic": false,
    "Priority": {
      "Name": "Unassigned",
      "Severity": 0,
      "Id": 0
    },
    "ProjectName": "aspnetidentity",
    "ReportedDate": "2015-03-22T18:05:20.127-07:00",
    "Status": {
      "Name": "Proposed",
      "Id": 1
    },
    "ReasonClosed": {
      "Name": "Unassigned"
    },
    "Summary": "UserManager.CreateAsync(user, password) -- saving in wrong order?",
    "Type": {
      "Name": "Unassigned",
      "Id": 5
    },
    "VoteCount": 1,
    "Id": 2518
  },
  "FileAttachments": [],
  "Comments": []
}