{
  "WorkItem": {
    "AffectedComponent": {
      "Name": "",
      "DisplayName": ""
    },
    "ClosedComment": "Fix tested and verified. Should be available in the nightlies",
    "ClosedDate": "2014-02-14T15:37:16.26-08:00",
    "CommentCount": 1,
    "Custom": "",
    "Description": "Some of the form elements are missing client side validation. Need to do a pass on that",
    "LastUpdatedDate": "2014-02-14T15:37:16.26-08:00",
    "PlannedForRelease": "2.0.0",
    "ReleaseVisibleToPublic": true,
    "Priority": {
      "Name": "Low",
      "Severity": 50,
      "Id": 1
    },
    "ProjectName": "aspnetidentity",
    "ReportedDate": "2014-02-04T18:43:35.967-08:00",
    "Status": {
      "Name": "Closed",
      "Id": 4
    },
    "ReasonClosed": {
      "Name": "Unassigned"
    },
    "Summary": "[Samples package] Client side validation is missing in some of the form elements",
    "Type": {
      "Name": "Issue",
      "Id": 3
    },
    "VoteCount": 1,
    "Id": 2009
  },
  "FileAttachments": [],
  "Comments": [
    {
      "Message": "Please sync-up with Pranav",
      "PostedDate": "2014-02-12T15:12:26.99-08:00",
      "Id": 173943
    }
  ]
}