{
  "WorkItem": {
    "AffectedComponent": {
      "Name": "",
      "DisplayName": ""
    },
    "ClosedComment": "Verified this in build 447. The custom Role class TRole is pluggable in the DBContext as expected. Creating and using the custom role does not create 2 tables as reported. Fixed with the new changes",
    "ClosedDate": "2013-12-18T15:46:39.157-08:00",
    "CommentCount": 4,
    "Custom": "",
    "Description": "Copied from ASP.NET WebStack Codeplex project. Issue Id is https://aspnetwebstack.codeplex.com/workitem/1414\n\nMicrosoft.AspNet.Identity.EntityFramework ver 1.1.0-alpha1-131111 \n\nTRole is not pluggable. As you can see it is not being assigned when you instantiate this context. Also when I run migration it creates two sets of tables for Role, 1) IdentityRole, 2) MyCustomRole\n public class IdentityDbContext<TUser, TRole, TKey, TUserLogin, TUserRole, TUserClaim> : DbContext\n        where TUser : Microsoft.AspNet.Identity.EntityFramework.IdentityUser<TKey, TUserLogin, TUserRole, TUserClaim>\n        where TRole : Microsoft.AspNet.Identity.EntityFramework.IdentityRole<TKey, TUserRole>\n        where TUserLogin : Microsoft.AspNet.Identity.EntityFramework.IdentityUserLogin<TKey>\n        where TUserRole : Microsoft.AspNet.Identity.EntityFramework.IdentityUserRole<TKey>\n        where TUserClaim : Microsoft.AspNet.Identity.EntityFramework.IdentityUserClaim<TKey>\n    {\n        public IdentityDbContext();\n        public IdentityDbContext(string nameOrConnectionString);\n\n        public bool RequireUniqueEmail { get; set; }\n        public virtual IDbSet<IdentityRole> Roles { get; set; }\n        public virtual IDbSet<TUser> Users { get; set; }\n\n        protected override void OnModelCreating(DbModelBuilder modelBuilder);\n        protected override DbEntityValidationResult ValidateEntity(DbEntityEntry entityEntry, IDictionary<object, object> items);\n    }",
    "LastUpdatedDate": "2013-12-18T15:46:39.157-08:00",
    "PlannedForRelease": "",
    "ReleaseVisibleToPublic": false,
    "Priority": {
      "Name": "Unassigned",
      "Severity": 0,
      "Id": 0
    },
    "ProjectName": "aspnetidentity",
    "ReportedDate": "2013-11-13T14:14:37.317-08:00",
    "Status": {
      "Name": "Closed",
      "Id": 4
    },
    "ReasonClosed": {
      "Name": "Unassigned"
    },
    "Summary": "TRole is not pluggable in Microsoft.AspNet.Identity.EntityFramework",
    "Type": {
      "Name": "Unassigned",
      "Id": 5
    },
    "VoteCount": 2,
    "Id": 1898
  },
  "FileAttachments": [],
  "Comments": [
    {
      "Message": "Also, When you Add-Migrations, it creates two tables for roles and roleusers as follows:\r\n\r\nIdentityRolesIdentityUserRolesAspNetRolesAspNetUserRoles\r\n\r\n",
      "PostedDate": "2013-11-14T06:49:55.027-08:00",
      "Id": 173853
    },
    {
      "Message": "Please can you answer",
      "PostedDate": "2013-11-14T13:24:08.79-08:00",
      "Id": 173854
    },
    {
      "Message": "Hi\r\n\r\nCan you please clarify the repro steps that you took when adding migrations that resulted in 2 tables?Did you already have an application using 1.0 and the database was already created and did you upgrade the packages and then ran the migrations.",
      "PostedDate": "2013-11-14T19:18:26.95-08:00",
      "Id": 173855
    },
    {
      "Message": "This should be fixed now as part of the primary key changes",
      "PostedDate": "2013-12-09T10:50:16.933-08:00",
      "Id": 173856
    }
  ]
}