{
  "WorkItem": {
    "AffectedComponent": {
      "Name": "",
      "DisplayName": ""
    },
    "ClosedComment": "Hello and thank you for your bug report.\n\nWe don't consider this a bug, it's simple how cookies work within web browsers - temporary cookies, such as the one ASP.NET Identity creates when you don't select remember me, do not clear until a browser is closed completely.\n\nThis is not an ASP.NET issue - cookies created in PHP, JavaScript or anything else would have the same issue. Try replicating this with, for example, Facebook, and you'd see the exact same behavior. \n\nRegards,\nBarry",
    "ClosedDate": "2014-06-17T10:44:17.527-07:00",
    "CommentCount": 2,
    "Custom": "",
    "Description": "Howdy\n\nDear Bill Gates,\n\nI found a security bug in aspnet.Identity that microsoft use in asp.net mvc and I want to report it. The bug is as following:\n\nAssume you open any browser for example (IE11) to a certian website for example (www.google.com) and you open at the same time another window of the same browser to another website that use asp.net Identity and you login without check \"Remmber me?\" box. Then you close this window without logout while the first window (www.google.com) still open. The result indicate that you still login even you should not until you close all windows of that browser.\n\nI hope you understand me very good because my English language is not so good. and I hope you fix it very soon.\n\nFinally, you must give me a scholarship as a thank you for discovering this bug  or I will go to CNN and BBC and say you are cheap.\n\nBest Regards,",
    "LastUpdatedDate": "2014-06-17T14:55:03.79-07:00",
    "PlannedForRelease": "",
    "ReleaseVisibleToPublic": false,
    "Priority": {
      "Name": "Unassigned",
      "Severity": 0,
      "Id": 0
    },
    "ProjectName": "aspnetidentity",
    "ReportedDate": "2014-06-17T07:29:03.463-07:00",
    "Status": {
      "Name": "Closed",
      "Id": 4
    },
    "ReasonClosed": {
      "Name": "Unassigned"
    },
    "Summary": "I want to report about a bug in AspNet.Identity",
    "Type": {
      "Name": "Unassigned",
      "Id": 5
    },
    "VoteCount": 1,
    "Id": 2277
  },
  "FileAttachments": [],
  "Comments": [
    {
      "Message": "No not true. I tried in many website that does not use aspnet.Identity and it work fine.",
      "PostedDate": "2014-06-17T14:10:48.067-07:00",
      "Id": 174178
    },
    {
      "Message": "OK. The RFC for cookies is [RFC6265](http://tools.ietf.org/html/rfc6265). Section 5.3 covers when temporary cookies are cleared;\r\n\r\n_When \"the current session is over\" (as defined by the user agent), the user agent MUST remove from the cookie store all cookies with the persistent-flag set to false._\r\n\r\nFor desktop browsers that is when the last browser window is closed and it unloads.\r\n\r\nNow right now I have gmail open as a test, in Firefox. I also have BBC News open in another tab. If I close the gmail tab and then open a new time and return to gmail I am still logged in, despite never telling it to remember me, because the gmail authorization session cookie still exists and will still exist until the browser is closed. \r\n\r\nNow what a developer could do is create a temporary cookie with a sliding expiration, this is what my bank does, so even if the tab is closed, the cookie itself will clear in 5 minutes. It would also expire if the tab was open, but unused for 5 minutes.\r\n\r\nYou can implement this by setting the FormsAuthentication options, [as documented](http://blogs.msdn.com/b/webdev/archive/2013/07/03/understanding-owin-forms-authentication-in-mvc-5.aspx) - which still isn't a vulnerability, it's a developer's choice, as developers should know their audience better than we do and can assess the right approach for their systems.",
      "PostedDate": "2014-06-17T14:55:03.79-07:00",
      "Id": 174179
    }
  ]
}