{
  "WorkItem": {
    "AffectedComponent": {
      "Name": "",
      "DisplayName": ""
    },
    "ClosedComment": "",
    "ClosedDate": "2014-08-25T14:14:49.85-07:00",
    "CommentCount": 1,
    "Custom": "",
    "Description": "I'm trying to make external authentication work with default Web API template project. I used the following instructions to add support for external authentication services (FB/Google/Microsoft): http://www.asp.net/web-api/overview/security/external-authentication-services\n\n_Just for the record, I was able to make external authentication work with default SPA template project._\nAlso, new local user creation works fine (according to these two articles: http://aspnetguru.com/adding-authentication-to-asp-net-web-api/ and http://www.asp.net/web-api/overview/security/individual-accounts-in-web-api)\n\nThe problem appeared once I tried to use my client app (WPF-based) to register user using external provider (e.g., FB). \n\n_For the record, I used these two articles as the starting point: http://leastprivilege.com/2013/11/26/dissecting-the-web-api-individual-accounts-templatepart-3-external-accounts/ and http://stackoverflow.com/questions/21065648/asp-net-web-api-2-how-to-login-with-external-authentication-services\nThey really helped me to understand the entire logic_\n\nhere's the short overview of the steps I've done:\n1. two windows, main and the one for external authentication provider, with embedded WebBrowser\n2. the flow:\n2.1. user opens an app, main window appears\n2.2. user clicks on a button to get the list of all supported external authentication providers,\n\nand here's what happens in the code:\n```\nvar client = new HttpClient();\n\n\t\t\tclient.BaseAddress = new Uri(baseAddress);\n\t\t\tclient.DefaultRequestHeaders.Accept.Clear();\n\t\t\tclient.DefaultRequestHeaders.Accept.Add(new MediaTypeWithQualityHeaderValue(\"application/json\"));\n\n\t\t\tHttpResponseMessage loginResponse = await client.GetAsync(\"api/Account/ExternalLogins?returnUrl=%2F&generateState=true\");\n\t\t\tif (loginResponse.IsSuccessStatusCode)\n\t\t\t{\n\t\t\t\tvar externalLoginProviders = await loginResponse.Content.ReadAsAsync<IEnumerable<AuthenticationProvider>>();\n\n\t\t\t\t// cleaning resources\n\t\t\t\tclient.Dispose();\n\t\t\t\tloginResponse.Dispose();\n\n                                // obtained data is sent to UI\n```\n\nThis leads to the list of External Authentication Providers, with name, url, and state. URL is relative, and is used as the redirect to the actual provider (e.g., FB, or Google).\n\n2.3. As soon as the list with external authentication providers is populated, user can enter his/her email, and click on the \"Login\" button, which will lead to the following:\n\nIn second window, with embedded WebBrowser, the latter is Navigated to the provided URL obtained in the previous step. If user logs successfully into the selected provider (e.g., Facebook), and agrees to give my app (Facebook app) necessary permissions (profile), user is navigated back to our website, in the form::\n\nhttps://ourwebsite.com/#access_token=XXX&token_type=bearer&expires=YYY\n\nThis address is then parsed and address params (token, etc.) are saved in the structured form for later use.\n\nRight after that I go to /UserInfo to understand if user already logged on with this external authentication provider or not:\n\n```\n\t\t\tvar client = new HttpClient();\n\n\t\t\tclient.BaseAddress = new Uri(baseAddress);\n\t\t\tclient.DefaultRequestHeaders.Accept.Clear();\n\t\t\tclient.DefaultRequestHeaders.Accept.Add(new MediaTypeWithQualityHeaderValue(\"application/json\"));\n\n\t\t\t// setting Bearer Token obtained from Auth provider\n\t\t\tclient.SetBearerToken(result.AccessToken);\n\n\t\t\t// calling /api/Account/UserInfo\n\t\t\tvar userInfoResponse = await client.GetAsync(\"api/Account/UserInfo\");\n\t\t\tvar userInfoMessage = userInfoResponse.Content.ReadAsStringAsync().Result;\n\n\t\t\tvar userInfo = Newtonsoft.Json.JsonConvert.DeserializeObject<UserInfo>(userInfoMessage);\n\n\t\t\t// cleaning resources\n\t\t\tclient.Dispose();\n\t\t\tuserInfoResponse.Dispose();\n\n\t\t\tif (userInfo.hasRegistered == true)\n\t\t\t{\n                              // going to login\n                        }\n```\n\nRight after that, assuming that our user didn't create a user based on his/her login with the given external authentication provider (e.g., FB), yet, we do the following:\n\n```\n\t\t\t\tvar data = new Dictionary<string, string>();\n\t\t\t\tdata.Add(\"Email\", this.externalUserEmailTextBox.Text);\n\n\t\t\t\tvar registerExternalUrl = new Uri(string.Concat(baseAddress, @\"api/Account/RegisterExternal\"));\n\n\t\t\t\tvar client = new HttpClient();\n\n\t\t\t\tclient.BaseAddress = new Uri(baseAddress);\n\t\t\t\t\n\t\t\t\t// setting Bearer Token obtained from External Authentication provider\n\t\t\t\tclient.SetBearerToken(result.AccessToken);\n\n\t\t\t\tvar response = client.PostAsync(registerExternalUrl.ToString(), new FormUrlEncodedContent(data)).Result;\n```\n\nAt this point, user should be created (I have zero changes on the service side apart of uncommenting provider's app id and app secret lines in Startup.Auth.cs.\n\nUnfortunately, this doesn't happen at all. Instead, I get \"Internal Server Error\" which means that this line,\n\n```\n            var info = await Authentication.GetExternalLoginInfoAsync();\n```\nbrings null, and so system fails to Authentication correctly with the provided Bearer Token. \n\nI can't understand why. It seems that something is broken in the framework, or I'm doing something wrong...",
    "LastUpdatedDate": "2014-08-25T14:14:49.85-07:00",
    "PlannedForRelease": "",
    "ReleaseVisibleToPublic": false,
    "Priority": {
      "Name": "Unassigned",
      "Severity": 0,
      "Id": 0
    },
    "ProjectName": "aspnetidentity",
    "ReportedDate": "2014-07-16T13:04:46.503-07:00",
    "Status": {
      "Name": "Closed",
      "Id": 4
    },
    "ReasonClosed": {
      "Name": "Unassigned"
    },
    "Summary": "RegisterExternal doesn't work in VS 2013 Update 2 Web API template",
    "Type": {
      "Name": "Unassigned",
      "Id": 5
    },
    "VoteCount": 1,
    "Id": 2321
  },
  "FileAttachments": [],
  "Comments": [
    {
      "Message": "Ok, it was my fault :)\r\n\r\nHere's a question and solution at StackOverflow:\r\n\r\nhttp://stackoverflow.com/questions/24790111/cant-create-a-new-user-using-external-authentication-provider-in-web-api-visua",
      "PostedDate": "2014-07-19T06:03:50.21-07:00",
      "Id": 174217
    }
  ]
}