{
  "WorkItem": {
    "AffectedComponent": {
      "Name": "",
      "DisplayName": ""
    },
    "ClosedComment": "",
    "ClosedDate": null,
    "CommentCount": 1,
    "Custom": null,
    "Description": "Since our tests are xunit based, they don't immediately show up in the test explorer unless xunit runner visx is installed. The Xunit guys now recommend adding the xunit.runner.visualstudio to run xunit tests on Visual Studio. The package is currently in rc1 mode but we should have that checked in once they release a stable version.",
    "LastUpdatedDate": "2017-11-28T00:28:51.06-08:00",
    "PlannedForRelease": "Next",
    "ReleaseVisibleToPublic": false,
    "Priority": {
      "Name": "Low",
      "Severity": 50,
      "Id": 1
    },
    "ProjectName": "aspnetidentity",
    "ReportedDate": "2015-02-05T11:37:44.597-08:00",
    "Status": {
      "Name": "Proposed",
      "Id": 1
    },
    "ReasonClosed": {
      "Name": "Unassigned"
    },
    "Summary": "Include xunit.runner.visualstudio package in test project",
    "Type": {
      "Name": "Issue",
      "Id": 3
    },
    "VoteCount": 1,
    "Id": 2506
  },
  "FileAttachments": [],
  "Comments": [
    {
      "Message": "Install this package xunit.runner.visualstudio and see if there are any breaking changes.",
      "PostedDate": "2015-07-29T14:22:03.56-07:00",
      "Id": 187860
    }
  ]
}