{
  "WorkItem": {
    "AffectedComponent": {
      "Name": "",
      "DisplayName": ""
    },
    "ClosedComment": "We are tracking this on Github",
    "ClosedDate": "2014-06-04T14:17:49-07:00",
    "CommentCount": 0,
    "Custom": "",
    "Description": "please add a passwordExpired field to the [AspNetUsers] table and show how to set up and use password expirations like a Windows domain currently does.",
    "LastUpdatedDate": "2014-06-04T14:17:49-07:00",
    "PlannedForRelease": "",
    "ReleaseVisibleToPublic": false,
    "Priority": {
      "Name": "Unassigned",
      "Severity": 0,
      "Id": 0
    },
    "ProjectName": "aspnetidentity",
    "ReportedDate": "2014-05-27T13:50:35.423-07:00",
    "Status": {
      "Name": "Closed",
      "Id": 4
    },
    "ReasonClosed": {
      "Name": "Unassigned"
    },
    "Summary": "feature request, expired password",
    "Type": {
      "Name": "Unassigned",
      "Id": 5
    },
    "VoteCount": 2,
    "Id": 2242
  },
  "FileAttachments": [],
  "Comments": []
}