{
  "WorkItem": {
    "AffectedComponent": {
      "Name": "",
      "DisplayName": ""
    },
    "ClosedComment": "Fixed in build 488 as mentioned by the customer",
    "ClosedDate": "2014-01-22T16:33:24.663-08:00",
    "CommentCount": 2,
    "Custom": "",
    "Description": "While extending ASP.NET identity to allow for multi-tenancy (see [here](https://github.com/JSkimming/AspNet.Identity.EntityFramework.Multitenant) and on stack overflow [here](http://stackoverflow.com/a/20230452)), I had the need to customise the composite primary key of the AspNetUserLogins table, and I noticed by default is constructed like this:\n\n```c#\nmodelBuilder.Entity<TUserLogin>()\n            .HasKey(e => new { e.UserId, e.LoginProvider, e.ProviderKey })\n            .ToTable(\"AspNetUserLogins\");\n```\n\nI think it would be better if UserId were the last column in the composite primary key, like this:\n\n\n```c#\nmodelBuilder.Entity<TUserLogin>()\n            .HasKey(e => new { e.LoginProvider, e.ProviderKey, e.UserId })\n            .ToTable(\"AspNetUserLogins\");\n```\n\nI'll explain why.\n\nThe AspNetUserLogins is used in two way:\n\n1. To retrieving the logins of a user. In this scenario the query will be restricted using the UserId.\n1. To search for a login to see if it exists and for which user. In this scenario the query will be restricted using the LoginProvider, ProviderKey columns.\n\nIn the second scenario, the composite primary key will not be used and it will cause a index scan, for an explanation why see [here](http://stackoverflow.com/a/2292716) and [here](http://stackoverflow.com/a/344309).\n\nIf the order of the Composite Primary Key were to have the UserId last, both scenarios would be completed with an index seek, scenario 1 using the foreign key index (IX_UserId) that EF creates automatically on all foreign keys, and  scenario 2 using the Composite Primary Key.\n\nThis will introduce a breaking change, but since the forthcoming 2.0.0 is already introducing breaking changes, I don't think it would be a problem to also introduce this one.",
    "LastUpdatedDate": "2014-01-23T02:37:58.063-08:00",
    "PlannedForRelease": "2.0.0-Beta1",
    "ReleaseVisibleToPublic": false,
    "Priority": {
      "Name": "Unassigned",
      "Severity": 0,
      "Id": 0
    },
    "ProjectName": "aspnetidentity",
    "ReportedDate": "2013-12-22T13:43:52.61-08:00",
    "Status": {
      "Name": "Closed",
      "Id": 4
    },
    "ReasonClosed": {
      "Name": "Unassigned"
    },
    "Summary": "Change Composite Primary Key Order of AspNetUserLogins table",
    "Type": {
      "Name": "Unassigned",
      "Id": 5
    },
    "VoteCount": 1,
    "Id": 1949
  },
  "FileAttachments": [],
  "Comments": [
    {
      "Message": "ok",
      "PostedDate": "2014-01-16T15:37:51.933-08:00",
      "Id": 173888
    },
    {
      "Message": "Thanks, though build 488 means nothing to me (is it an internal build number?), I can see the change if I view the decompiled source of the [nightly build](http://blogs.msdn.com/b/henrikn/archive/2012/04/29/using-nightly-nuget-packages-with-asp-net-web-stack.aspx).\r\n\r\nIs there any update for when this will be open sourced?",
      "PostedDate": "2014-01-23T02:37:58.063-08:00",
      "Id": 173889
    }
  ]
}