{
  "WorkItem": {
    "AffectedComponent": {
      "Name": "",
      "DisplayName": ""
    },
    "ClosedComment": "Fixed for 2.0. The method now generates the token. New method NotifyTwoFactorToken on the UserManager can be used to send the token",
    "ClosedDate": "2014-02-24T18:09:20.22-08:00",
    "CommentCount": 2,
    "Custom": "",
    "Description": "The GenerateTwoFactorTokenAsync  on the EmailTokenProvider and PhoneNumberTokenProvider generates the PIN and calls the SendEmail or SendText methods to send the PIN to the user. This is not obvious either from the name of the method or in the comments in the intellisense. We need to improve this experience either by updating the comments in the sample or by better documentation in the intellisense. I would prefer it to be in the documentation since this is quite subtle.",
    "LastUpdatedDate": "2014-02-24T18:09:20.22-08:00",
    "PlannedForRelease": "2.0.0",
    "ReleaseVisibleToPublic": true,
    "Priority": {
      "Name": "Unassigned",
      "Severity": 0,
      "Id": 0
    },
    "ProjectName": "aspnetidentity",
    "ReportedDate": "2014-01-23T11:07:17.463-08:00",
    "Status": {
      "Name": "Closed",
      "Id": 4
    },
    "ReasonClosed": {
      "Name": "Unassigned"
    },
    "Summary": "Reconsider the name of the API: GenerateTwoFactorTokenAsync",
    "Type": {
      "Name": "Issue",
      "Id": 3
    },
    "VoteCount": 2,
    "Id": 1985
  },
  "FileAttachments": [],
  "Comments": [
    {
      "Message": "Also, these APIs should not be designed to assume the TOTP implementation. This means they should not assume that they can be called multiple times and assume the same code be returned. The name of the API does say \"Generate\".",
      "PostedDate": "2014-02-11T18:12:08.953-08:00",
      "Id": 173917
    },
    {
      "Message": "Split the Send behavior into a Notify method on the IUserTokenProvider",
      "PostedDate": "2014-02-18T16:42:25.057-08:00",
      "Id": 173918
    }
  ]
}