{
  "WorkItem": {
    "AffectedComponent": {
      "Name": "",
      "DisplayName": ""
    },
    "ClosedComment": "Closed by request.",
    "ClosedDate": "2014-10-21T05:39:18.83-07:00",
    "CommentCount": 6,
    "Custom": "",
    "Description": "This is a long-running issue for me (and measuring from amount of traffic I get on [this blog post](http://tech.trailmax.info/2014/06/asp-net-identity-and-cryptographicexception-when-running-your-site-on-microsoft-azure-web-sites/) a lot of other people)\n\nWhen using _DataProtectorTokenProvider_ for _UserManager.UserTokenProvider_ compined with _new Microsoft.Owin.Security.DataProtection.DpapiDataProtectionProvider_ for _IDataProtector_, it works fine when running locally or on IIS in my control.\n\nWhenever I run this code in Azure Web-Site, I get _CryptographicException_\n\n```\nSystem.Security.Cryptography.CryptographicException: The data protection operation was unsuccessful. This may have been caused by not having the user profile loaded for the current thread's user context, which may be the case when the thread is impersonating.\n```\n\nNot exactly sure what is missing, but there are a number of hacks (see my blog link above, [this post](http://stackoverflow.com/questions/23773651/the-data-protection-operation-was-unsuccessful-on-azure-using-owin-katana) and [this post](http://stackoverflow.com/a/23661872/809357) ) going about on on the interwebs.\n\nCan we please either fix this issue within Idenetity framework or provide an official guide how to avoid this exception.",
    "LastUpdatedDate": "2014-10-21T05:39:18.83-07:00",
    "PlannedForRelease": "",
    "ReleaseVisibleToPublic": false,
    "Priority": {
      "Name": "Unassigned",
      "Severity": 0,
      "Id": 0
    },
    "ProjectName": "aspnetidentity",
    "ReportedDate": "2014-10-20T02:22:46.107-07:00",
    "Status": {
      "Name": "Closed",
      "Id": 4
    },
    "ReasonClosed": {
      "Name": "Unassigned"
    },
    "Summary": "CryptographicException on password reset when running in Microsoft Azure Web-Sites",
    "Type": {
      "Name": "Unassigned",
      "Id": 5
    },
    "VoteCount": 2,
    "Id": 2439
  },
  "FileAttachments": [],
  "Comments": [
    {
      "Message": "DPAPI is only for local, non-farmed machines. All other scenarios need the machine key protector.\r\n\r\nThis is handled for you usually. What scenario are you trying that requires you to create your own protection provider?",
      "PostedDate": "2014-10-20T11:17:35.993-07:00",
      "Id": 174271
    },
    {
      "Message": "Yes, indeed, the default template works in Azure - just re-tried it.\r\n\r\nBut I'm trying to do DI with Identity and inject all the dependencies into _UserManager_, and also inject _UserManager_. \r\n\r\nHowver, default Identity template has static _ApplicationUserManager Create(IdentityFactoryOptions options, IOwinContext context) _ method. And data protector is extracted from _IdentityFactoryOptions options_ that is provided by OWIN/Identity (not sure which one exactly).\r\n\r\nSo to avoid taking dependency on _IdentityFactoryOptions options_ that is not available in a DI framework, I somehow need to obtain _IDataProtector_ that works in cloud environment. \r\n\r\nAny advice?",
      "PostedDate": "2014-10-20T16:40:26.037-07:00",
      "Id": 174272
    },
    {
      "Message": "Playing with this a bit more, I think I have found somewhat optimal solution:\r\n\r\nIn __Startup.Auth.cs__ save the reference to IDataProtectionProvider in static variable:\r\n\r\n```public partial class Startup{    internal static IDataProtectionProvider DataProtectionProvider { get; private set; }\r\n\r\n    public void ConfigureAuth(IAppBuilder app)    {        DataProtectionProvider = app.GetDataProtectionProvider();        // other stuff.    }}```\r\n\r\nThen in _UserManager_ access this variable:\r\n\r\n```public class UserManager : UserManager{    public UserManager() : base(new UserStore(new MyDbContext()))    {        var dataProtectionProvider = Startup.DataProtectionProvider;        this.UserTokenProvider =                 new DataProtectorTokenProvider(dataProtectionProvider.Create(\"ASP.NET Identity\"));\r\n\r\n        // do other configuration    }}```\r\n\r\nBut I'm not sure if there are any drawbacks to this solution. What about object lifescope management? can this IDataProtectionProvider be assigned like that and kept untouched for the rest of the application life?",
      "PostedDate": "2014-10-20T17:13:03.743-07:00",
      "Id": 174273
    },
    {
      "Message": "A static should do just fine, IDataProtector is intended to be a singleton anyway",
      "PostedDate": "2014-10-20T18:08:26.953-07:00",
      "Id": 174274
    },
    {
      "Message": "Now that's a great interaction, thanks @bdorrans for your quick reply. @trailmax will you update with a new blog post on your static DPAPI solution?",
      "PostedDate": "2014-10-20T19:28:04.053-07:00",
      "Id": 174275
    },
    {
      "Message": "Thanks Bdorrans, I guess the issue can be closed.\r\n\r\nAnd OzBob, I've updated my blog-post already)",
      "PostedDate": "2014-10-21T02:30:13.18-07:00",
      "Id": 174276
    }
  ]
}