{
  "WorkItem": {
    "AffectedComponent": {
      "Name": "",
      "DisplayName": ""
    },
    "ClosedComment": "",
    "ClosedDate": "2014-07-29T10:31:16.43-07:00",
    "CommentCount": 1,
    "Custom": "",
    "Description": "As of now we have methods that add/removes user from a role. We need to add API that adds/removes user from multiple roles with a single DB update.",
    "LastUpdatedDate": "2014-07-29T10:31:16.43-07:00",
    "PlannedForRelease": "Future",
    "ReleaseVisibleToPublic": false,
    "Priority": {
      "Name": "Low",
      "Severity": 50,
      "Id": 1
    },
    "ProjectName": "aspnetidentity",
    "ReportedDate": "2014-03-10T10:26:15.417-07:00",
    "Status": {
      "Name": "Closed",
      "Id": 4
    },
    "ReasonClosed": {
      "Name": "Unassigned"
    },
    "Summary": "Need to add methods for adding and removing user to multiple roles",
    "Type": {
      "Name": "Issue",
      "Id": 3
    },
    "VoteCount": 2,
    "Id": 2092
  },
  "FileAttachments": [],
  "Comments": [
    {
      "Message": "Fixed in 2.1-alpha1",
      "PostedDate": "2014-04-14T15:52:31.183-07:00",
      "Id": 174011
    }
  ]
}