{
  "WorkItem": {
    "AffectedComponent": {
      "Name": "",
      "DisplayName": ""
    },
    "ClosedComment": "You need to refresh the cookies when you change the Roles for the user. We will consider making this better in the future.",
    "ClosedDate": "2014-08-06T14:42:42.74-07:00",
    "CommentCount": 3,
    "Custom": "",
    "Description": "_(Unless I am doing something wrong)_ \nUsage scenario: upon collecting several pieces of information from a logged-in user within that user's session, our application assigns a role (\"VIP\") to the user (the role exists in the AspNetRoles table). Immediately after that we redirect the user to a controller action that is guarded by the [Authorize(Roles = \"VIP\")] attribute, which doesn't succeed and, instead, the user is sent to Account/Login. If the user logs out and logs back in the assigned role works as expected.\n\n__Expected result:__ if a role is assigned to a given user within the user's session it should become available for authorization after the UserManager.AddToRoleAsync() call (or at least upon a single redirect to another action).\n\n__Note:__ the ApplicationUser is derived from IdentityUser<Guid, ...>\n\nSample code:\n```\nvar rolesForUser = await UserManager.GetRolesAsync(userId);\nif (!rolesForUser.Contains(roleName))\n{\n  var result = await UserManager.AddToRoleAsync(userId, roleName);\n  if (result.Succeeded) \n  { \n    result = await UserManager.UpdateAsync(userProfile);\n    \n    // Checking the Authentication User object state\n    bool isInRole = HttpContext.GetOwinContext().Authentication.User.IsInRole(roleName);\n    // isInRole is false\n  }\n}\n```\n\nPlease advise or let's fix it. Thanks a lot",
    "LastUpdatedDate": "2014-08-06T14:42:42.74-07:00",
    "PlannedForRelease": "",
    "ReleaseVisibleToPublic": false,
    "Priority": {
      "Name": "Unassigned",
      "Severity": 0,
      "Id": 0
    },
    "ProjectName": "aspnetidentity",
    "ReportedDate": "2014-06-27T11:39:48.727-07:00",
    "Status": {
      "Name": "Closed",
      "Id": 4
    },
    "ReasonClosed": {
      "Name": "Unassigned"
    },
    "Summary": "UserManager.AddToRoleAsync() on currently auth'd user won't update User.IsInRole() until re-logged in",
    "Type": {
      "Name": "Unassigned",
      "Id": 5
    },
    "VoteCount": 2,
    "Id": 2295
  },
  "FileAttachments": [],
  "Comments": [
    {
      "Message": "You need to re-issue the cookie to have the request's user reflect the changes.",
      "PostedDate": "2014-06-29T15:39:20.65-07:00",
      "Id": 174188
    },
    {
      "Message": "@BrockAllen Thank you for your comment. That is exactly what I did.\r\n\r\nUnfortunately I would have to treat this as a workaround for the following reasons: - Authentication/authorization is a cross-cutting concern and one of the reasons we hand the work off to a framework (such as ASP.NET Identity) is to have that concern addressed without too much \"distraction\".ASP.NET Identity may defeat that purpose by making the developers spend days ILSpy'ing the whole voluminous set of assemblies required to get this framework to do its job. Although, a nice exercise in \"forensics\" not a good investment in time.- By having to reissue a cookie (see my code below) the Identity requires the developer to \"know too much\" about its inner workings and in case something changes in Identity vNext this will turn out to be a serious problem (which will become another multi-day distraction)\r\n\r\n```        // Inside the SignInHelper class added the following\r\n\r\n        public async Task SignInToActivateNewRoleAsync(ApplicationUser user)        {            //TODO: figure out the correct values for the isPersistent & rememberBrowser !!            await SignInAsync(user, isPersistent: false, rememberBrowser: false);        }```- And finally when a newer framework is tasked to replace the proven existing one (Membership) it is expected to provide a similar feature set OR enumerate all differences in a nicely packaged document: \"From Membership provider to Owin.Security\" which I did not find.\r\n\r\nI am hoping to receive a word from the implementers.",
      "PostedDate": "2014-06-30T10:05:35.643-07:00",
      "Id": 174189
    },
    {
      "Message": "Well, ASP.NET Identity is an identity management library which means it's mainly responsible for managing the the passwords of your users (among other values). It's not the entire solution, such as request authentication which is provided by the Katana authentication libraries. The delineation between these is not well publicized. \r\n\r\nIn any event, the identity management library could be used from any type of app, not just an ASP.NET application and as such can't know to re-issue the cookie. \r\n\r\nAlso, I'd argue that as an application developer it's pretty important to understand what the security libraries are doing for you and how they're doing it. I'm not suggesting that you need to know everything at the IL level, but certainly at an application level (such as cookies vs the database storing passwords).\r\n\r\nAs for the last bullet point -- you're spot on that the education hasn't been crystal clear. I did write up a blog post trying to point out the role of the katana middleware: http://brockallen.com/2013/10/24/a-primer-on-owin-cookie-authentication-middleware-for-the-asp-net-developer/",
      "PostedDate": "2014-06-30T11:33:50.92-07:00",
      "Id": 174190
    }
  ]
}