{
  "WorkItem": {
    "AffectedComponent": {
      "Name": "",
      "DisplayName": ""
    },
    "ClosedComment": "",
    "ClosedDate": "2014-05-12T14:50:29.317-07:00",
    "CommentCount": 0,
    "Custom": "",
    "Description": "This article shows how to mock DbContext databases in EF6.\nhttp://msdn.microsoft.com/en-us/data/dn314429\t \n\nI got this working in my app but then migrated my database from SimpleMembership using DbContext to Identity 2.0 using IdentityDbContext.  How do you mock an IdentityDbContext database.  When I run my test I get 'EntityType ... no key defined\" errors.  See a full write up here.\n\nhttp://stackoverflow.com/questions/23484368/moq-mocking-with-identity-2-0-database\n\nRESOLVED:\n\nYou need to add a call to the base class implementations when instantiating the mock.\n\nvar mockMyDb = new Mock<MyDb>() { CallBase = true };\n\nSee the stackoverflow post for details.",
    "LastUpdatedDate": "2014-05-12T14:50:29.317-07:00",
    "PlannedForRelease": "",
    "ReleaseVisibleToPublic": false,
    "Priority": {
      "Name": "Unassigned",
      "Severity": 0,
      "Id": 0
    },
    "ProjectName": "aspnetidentity",
    "ReportedDate": "2014-05-05T22:12:20.2-07:00",
    "Status": {
      "Name": "Closed",
      "Id": 4
    },
    "ReasonClosed": {
      "Name": "Unassigned"
    },
    "Summary": "Mocking Identity DB",
    "Type": {
      "Name": "Unassigned",
      "Id": 5
    },
    "VoteCount": 1,
    "Id": 2195
  },
  "FileAttachments": [],
  "Comments": []
}