{
  "WorkItem": {
    "AffectedComponent": {
      "Name": "",
      "DisplayName": ""
    },
    "ClosedComment": "This is already tracked https://aspnetidentity.codeplex.com/workitem/1947",
    "ClosedDate": "2015-07-29T14:14:18.243-07:00",
    "CommentCount": 0,
    "Custom": null,
    "Description": "Hi,\r\n\r\nI've been using ASP.NET Identity 2.2.1 for a new project and I am very happy with its ease of use and all the feature it has OOTB.\r\n\r\nAn area where I'm a bit concerned, though, is the way I can identify an error.\r\nMost methods return an `IdentityResult` with the `Succeeded` property indicating if the operation was successful.\r\nWhere the problem arises is that errors are only materialized as strings which makes it difficult if not impossible to identify which error was caught.\r\n\r\nThis would be fine for someone who's OK with using the error messages stored in the resources, but as it's not my case, this gets hard to achieve.\r\n\r\nAs an example, let's say I call the `ResetPasswordAsync(TKey UserId, string token, string newPassword)` method.\r\nThis method can fail if the token is invalid or if the password doesn't meet the validation criterion set by the `PasswordValidator`.\r\nAlso, throwing a `InvalidOperationException` only when the user id is not found doesn't help.\r\n\r\nI saw there were improvements on the v3 of ASP.NET Identity, more specifically in [this commit](https://github.com/aspnet/Identity/commit/c9d27e27e6dd6c15b4228de6e5de3c1a22c15a6d). This introduces a `Code` property which is still a `string` but that would work.\r\n\r\nThe only thing is the v3 is only for ASP.NET 5, which I won't be able to use.\r\nAny chance the same mechanism could be backported into this version? I understand this is a breaking change, but I think most users would be grateful ;-)\r\n\r\nThanks in advance!\r\n",
    "LastUpdatedDate": "2015-07-29T14:14:18.243-07:00",
    "PlannedForRelease": "",
    "ReleaseVisibleToPublic": false,
    "Priority": {
      "Name": "Unassigned",
      "Severity": 0,
      "Id": 0
    },
    "ProjectName": "aspnetidentity",
    "ReportedDate": "2015-06-10T23:54:48.807-07:00",
    "Status": {
      "Name": "Closed",
      "Id": 4
    },
    "ReasonClosed": {
      "Name": "Duplicate"
    },
    "Summary": "Better errors identification",
    "Type": {
      "Name": "Unassigned",
      "Id": 5
    },
    "VoteCount": 1,
    "Id": 2534
  },
  "FileAttachments": [],
  "Comments": []
}