{
  "WorkItem": {
    "AffectedComponent": {
      "Name": "",
      "DisplayName": ""
    },
    "ClosedComment": "Will look into supporting this in vnext",
    "ClosedDate": "2014-08-25T14:11:18.247-07:00",
    "CommentCount": 3,
    "Custom": "",
    "Description": "Hello\n\nIn version 2.1.0 the SignInStatus object (prev an enum) no longer has RequiresEmailConfirmation as a valid result.\n\nIn the Login action, the call  to SignInManager.PasswordSignInAsync() returns \"Success\" for users that are not confirmed (db.EmailConfirmed==false) and then completes the login process as usual.  If this is by design, then how, or where, are we supposed to check for confirmed emails during login and as a best practice?\n\nWhat I did as a workaround was:\n```\npublic async Task<ActionResult> Login(LoginViewModel model, string returnUrl)\n{\n\tif (!ModelState.IsValid)\n\t{\n\t\treturn View(model);\n\t}\n\telse\n\t{\n\t\tvar user = await UserManager.FindAsync(model.UserName, model.Password);\n\t\tif (user != null && !user.EmailConfirmed)\n\t\t\treturn View(\"EmailVerificationRequired\");\n\t\telse if (user == null)\n\t\t\treturn RedirectToLocal(returnUrl);\n\t}\n\t.\n\t.\n\t.\n}\n```\n\nThanks",
    "LastUpdatedDate": "2014-08-26T08:59:16.947-07:00",
    "PlannedForRelease": "",
    "ReleaseVisibleToPublic": false,
    "Priority": {
      "Name": "Unassigned",
      "Severity": 0,
      "Id": 0
    },
    "ProjectName": "aspnetidentity",
    "ReportedDate": "2014-08-21T13:01:32.007-07:00",
    "Status": {
      "Name": "Closed",
      "Id": 4
    },
    "ReasonClosed": {
      "Name": "Unassigned"
    },
    "Summary": "SignInStatus missing RequiresEmailConfirmation",
    "Type": {
      "Name": "Unassigned",
      "Id": 5
    },
    "VoteCount": 1,
    "Id": 2367
  },
  "FileAttachments": [],
  "Comments": [
    {
      "Message": "Why was the functionality removed in the first place?\r\n\r\nAnd, is my \"workaround\" the proper way at this point?",
      "PostedDate": "2014-08-25T15:07:16.817-07:00",
      "Id": 174245
    },
    {
      "Message": "This functionality was never added to SignInManager. The app needs to add checks whether the user's email is confirmed or not",
      "PostedDate": "2014-08-25T15:47:46.54-07:00",
      "Id": 174246
    },
    {
      "Message": "Ok, true, it wasn't in SignInManager because that's a brand new object.  However, it was in the SignInHelper class (used by the PasswordSignIn method) from the start and the result of that was an enum of SignInStatus that had \"RequiresEmailConfirmation\".\r\n\r\nThis really should be re-implemented into vnext.",
      "PostedDate": "2014-08-26T08:59:16.947-07:00",
      "Id": 174247
    }
  ]
}