{
  "WorkItem": {
    "AffectedComponent": {
      "Name": "",
      "DisplayName": ""
    },
    "ClosedComment": "Fixed in 2..0.0-beta1. Internal build 515 had the fix  where the method was made protected and virtual",
    "ClosedDate": "2014-02-04T11:55:29.71-08:00",
    "CommentCount": 2,
    "Custom": "",
    "Description": "A developer should be able to replace the base implementation.",
    "LastUpdatedDate": "2014-02-04T18:54:36.757-08:00",
    "PlannedForRelease": "2.0.0-Beta1",
    "ReleaseVisibleToPublic": false,
    "Priority": {
      "Name": "Unassigned",
      "Severity": 0,
      "Id": 0
    },
    "ProjectName": "aspnetidentity",
    "ReportedDate": "2014-01-24T15:21:49.67-08:00",
    "Status": {
      "Name": "Closed",
      "Id": 4
    },
    "ReasonClosed": {
      "Name": "Unassigned"
    },
    "Summary": "UserManager.VerifyPassword should be virtual",
    "Type": {
      "Name": "Unassigned",
      "Id": 5
    },
    "VoteCount": 1,
    "Id": 1990
  },
  "FileAttachments": [],
  "Comments": [
    {
      "Message": "made protected virtual",
      "PostedDate": "2014-02-03T17:32:05.483-08:00",
      "Id": 173923
    },
    {
      "Message": "Thanks.",
      "PostedDate": "2014-02-04T18:54:36.757-08:00",
      "Id": 173924
    }
  ]
}