{
  "WorkItem": {
    "AffectedComponent": {
      "Name": "",
      "DisplayName": ""
    },
    "ClosedComment": "Thank you for reporting this issue. We have fixed this and this will be available in the next update to Visual Studio 2013.",
    "ClosedDate": "2014-10-08T08:22:57.17-07:00",
    "CommentCount": 0,
    "Custom": "",
    "Description": "I've created an MVC application using VS 2013 update 3, and the ConfirmEmail view is generated with a missing @ sign at the beginning, making the razor syntax appear in the browser.\n\nThis is the generated code:\n{\n    ViewBag.Title = \"Confirm Email\";\n}\n\nThis should be the generated code:\n@{\n    ViewBag.Title = \"Confirm Email\";\n}",
    "LastUpdatedDate": "2014-10-08T08:22:57.17-07:00",
    "PlannedForRelease": "",
    "ReleaseVisibleToPublic": false,
    "Priority": {
      "Name": "Unassigned",
      "Severity": 0,
      "Id": 0
    },
    "ProjectName": "aspnetidentity",
    "ReportedDate": "2014-10-08T06:42:52.383-07:00",
    "Status": {
      "Name": "Closed",
      "Id": 4
    },
    "ReasonClosed": {
      "Name": "Unassigned"
    },
    "Summary": "ConfirmEmail view is missing a @",
    "Type": {
      "Name": "Unassigned",
      "Id": 5
    },
    "VoteCount": 1,
    "Id": 2425
  },
  "FileAttachments": [],
  "Comments": []
}