{
  "WorkItem": {
    "AffectedComponent": {
      "Name": "",
      "DisplayName": ""
    },
    "ClosedComment": "Applications can implement this flow themselves.",
    "ClosedDate": "2014-08-06T14:19:09.35-07:00",
    "CommentCount": 3,
    "Custom": "",
    "Description": "If the smtp fails and the confirmation e-mail never arrive, there is no way to resend the confirmation.",
    "LastUpdatedDate": "2014-09-12T05:24:01.84-07:00",
    "PlannedForRelease": "",
    "ReleaseVisibleToPublic": false,
    "Priority": {
      "Name": "Unassigned",
      "Severity": 0,
      "Id": 0
    },
    "ProjectName": "aspnetidentity",
    "ReportedDate": "2014-07-15T04:55:52.03-07:00",
    "Status": {
      "Name": "Closed",
      "Id": 4
    },
    "ReasonClosed": {
      "Name": "Unassigned"
    },
    "Summary": "Add functionality to resend confirmation e-mail",
    "Type": {
      "Name": "Unassigned",
      "Id": 5
    },
    "VoteCount": 1,
    "Id": 2317
  },
  "FileAttachments": [],
  "Comments": [
    {
      "Message": "So the idea to asp.net identity is not implement this basic feature?I don't think this is an optative flow. \r\n\r\nThis implementation is not hard to do, so why the identity team don't want to include it?\r\n\r\nSorry but is my humble opinion.",
      "PostedDate": "2014-09-10T05:28:37.24-07:00",
      "Id": 174210
    },
    {
      "Message": "Confirmation failure isn't as simple as you think, we'd also need to add a rate limitation feature so an attacker couldn't use it to spam an innocent address. So we'd need to add another database field.\r\n\r\nFor each feature we implement we have to drop another. Given that you can easily implement this yourself, or simply use a more reliable SMTP service we feel our time would be better invested in other features.\r\n\r\n",
      "PostedDate": "2014-09-10T06:15:34.83-07:00",
      "Id": 174211
    },
    {
      "Message": "bdorrans:\r\n\r\nI know to get the information about the failed email is not simple, because SMTP is another protocol (so the flow move to another protocol), but there is a simple way to detect a few exceptions on the smtp, but of course this isnt enough to check the entire flow.There is no reliable way to find out if a message was indeed delivered.Doing so will require access to the end SMTP server for every person you are emailing.If you do not get an exception, you can assume that the SMTP server did its best to deliver the email.\r\n\r\nBut adding the feature to resend the e-mail is a good feature, (of course the rate limitation is necessary to avoid DoS attack to another address), but I think this is a needed feature for this kind of framework.\r\n\r\nSo please, analyze to add this feature in a near future.\r\n\r\nThanks\r\n\r\nRef: http://msdn.microsoft.com/en-us/library/system.net.mail.smtpexception%28v=vs.110%29.aspxhttp://msdn.microsoft.com/en-us/library/system.net.mail.smtpfailedrecipientsexception%28v=vs.110%29.aspx",
      "PostedDate": "2014-09-12T05:24:01.84-07:00",
      "Id": 174212
    }
  ]
}