{
  "WorkItem": {
    "AffectedComponent": {
      "Name": "",
      "DisplayName": ""
    },
    "ClosedComment": "We cannot take localized translations for  resources.",
    "ClosedDate": "2015-06-03T14:39:44.71-07:00",
    "CommentCount": 0,
    "Custom": null,
    "Description": "This is the translation for pt-PT. Most of the strings were taken from pt-BR translation.\r\n\r\n[DefaultError, Ocorreu uma falha desconhecida.]\r\n[DuplicateEmail, O email '{0}' já foi escolhido.]\r\n[DuplicateName, O nome {0} já foi escolhido.]\r\n[ExternalLoginExists, Um utilizador com este login externo já existe.]\r\n[InvalidEmail, O email '{0}' é inválido.]\r\n[InvalidToken, Token inválido.]\r\n[InvalidUserName, O nome de utilizador {0} é inválido, pode conter apenas letras ou dígitos.]\r\n[NoTokenProvider, Nenhum IUserTokenProvider registrado.]\r\n[NoTwoFactorProvider, Nenhum IUserTwoFactorProvider para '{0}' está registrado.]\r\n[PasswordMismatch, Senha incorreta.]\r\n[PasswordRequireDigit, As senhas devem ter pelo menos um dígito ('0'-'9').]\r\n[PasswordRequireLower, As senhas devem ter pelo menos um caractere em letra minúscula ('a'-'z').]\r\n[PasswordRequireNonLetterOrDigit, As senhas devem ter pelo menos um caractere que não seja letra ou um caractere de dígito.]\r\n[PasswordRequireUpper, As senhas devem ter pelo menos um caractere em letra maiúscula ('A'-'Z').]\r\n[PasswordTooShort, As senhas devem conter no mínimo {0} caracteres.]\r\n[PropertyTooShort, {0} não pode ser nulo nem vazio.]\r\n[RoleNotFound, A função {0} não existe.]\r\n[StoreNotIQueryableRoleStore, O armazenamento não implementa IQueryableRoleStore<TRole>.]\r\n[StoreNotIQueryableUserStore, O armazenamento não implementa IQueryableUserStore<TUser>.]\r\n[StoreNotIUserClaimStore, A Loja não implementa IUserClaimStore<TUser>.]\r\n[StoreNotIUserConfirmationStore, O armazenamento não implementa IUserConfirmationStore<TUser>.]\r\n[StoreNotIUserEmailStore, O armazenamento não implementa IUserEmailStore<TUser>.]\r\n[StoreNotIUserLoginStore, A Loja não implementa IUserLoginStore<TUser>.]\r\n[StoreNotIUserPasswordStore, O armazenamento não implementa IUserPasswordStore<TUser>.]\r\n[StoreNotIUserPhoneNumberStore, A loja não implementa IUserPhoneNumberStore<TUser>.]\r\n[StoreNotIUserRoleStore, A Loja não implementa IUserRoleStore<TUser>.]\r\n[StoreNotIUserSecurityStampStore, O armazenamento não implementa IUserSecurityStampStore<TUser>.]\r\n[StoreNotIUserTwoFactorStore, A loja não implementa IUserTwoFactorStore<TUser>.]\r\n[UserAlreadyHasPassword, O utilizador já possui uma senha definida.]\r\n[UserAlreadyInRole, O utilizador já tem a função.]\r\n[UserIdNotFound, UserId não encontrada.]\r\n[UserNameNotFound, O utilizador {0} não existe.]\r\n[UserNotInRole, O utilizador não não tem a função.]\r\n\r\nCan someone inform when the nuget package will be released. Thanks.",
    "LastUpdatedDate": "2015-06-03T14:39:44.71-07:00",
    "PlannedForRelease": "",
    "ReleaseVisibleToPublic": false,
    "Priority": {
      "Name": "Unassigned",
      "Severity": 0,
      "Id": 0
    },
    "ProjectName": "aspnetidentity",
    "ReportedDate": "2015-04-23T22:56:13.267-07:00",
    "Status": {
      "Name": "Closed",
      "Id": 4
    },
    "ReasonClosed": {
      "Name": "Won't Fix"
    },
    "Summary": "Support for localized strings in pt-PT",
    "Type": {
      "Name": "Unassigned",
      "Id": 5
    },
    "VoteCount": 1,
    "Id": 2525
  },
  "FileAttachments": [],
  "Comments": []
}