{
  "WorkItem": {
    "AffectedComponent": {
      "Name": "Upforgrabs",
      "DisplayName": "Upforgrabs"
    },
    "ClosedComment": "",
    "ClosedDate": null,
    "CommentCount": 9,
    "Custom": null,
    "Description": "AFAIK, currently the error messages in identity library are not override-able. For example, we cannot override 'Name {0}  is already taken.'. This will cause a big headache for multi-lingual application and also in some other cases, http://forums.asp.net/t/1957899.aspx?How+to+override+validation+for+UserName",
    "LastUpdatedDate": "2016-10-15T05:09:57.023-07:00",
    "PlannedForRelease": "Future",
    "ReleaseVisibleToPublic": false,
    "Priority": {
      "Name": "Low",
      "Severity": 50,
      "Id": 1
    },
    "ProjectName": "aspnetidentity",
    "ReportedDate": "2013-12-22T02:41:36.817-08:00",
    "Status": {
      "Name": "Proposed",
      "Id": 1
    },
    "ReasonClosed": {
      "Name": "Unassigned"
    },
    "Summary": "Overriding the Identity Error Messages",
    "Type": {
      "Name": "Issue",
      "Id": 3
    },
    "VoteCount": 25,
    "Id": 1947
  },
  "FileAttachments": [],
  "Comments": [
    {
      "Message": "The content of Microsoft.AspNet.Identity.Resources is:\r\n\r\nUserAlreadyInRole=User already in role.UserNotInRole=User is not in role.RoleNotFound=Role {0} does not exist.StoreNotIUserClaimStore=Store does not implement IUserClaimStore.PasswordMismatch=Incorrect password.StoreNotIUserRoleStore=Store does not implement IUserRoleStore.StoreNotIUserLoginStore=Store does not implement IUserLoginStore.InvalidUserName=User name {0} is invalid, can only contain letters or digits.PasswordTooShort=Passwords must be at least {0} characters.DuplicateName=Name {0} is already taken.UserAlreadyHasPassword=User already has a password set.StoreNotIUserPasswordStore=Store does not implement IUserPasswordStore.UserIdNotFound=UserId not found.UserNameNotFound=User {0} does not exist.NameTooShort=Name cannot be null or empty.StoreNotIUserSecurityStampStore=Store does not implement IUserSecurityStampStore.ExternalLoginExists=A user with that external login already exists.DefaultError=An unknown failure has occured.\r\n\r\nI´ve tried to change the Messages.resx with some of these values, but has no effect.",
      "PostedDate": "2014-01-10T08:19:31.29-08:00",
      "Id": 173884
    },
    {
      "Message": "It also would be helpful to show an example of how to check for available username through __ajax__",
      "PostedDate": "2014-03-17T10:10:10.453-07:00",
      "Id": 173885
    },
    {
      "Message": "Any chance of an update on this? It's a fairly important requirement, as evidenced by the number of votes already raised before the issue was closed.",
      "PostedDate": "2014-10-23T08:21:45.283-07:00",
      "Id": 173886
    },
    {
      "Message": "Why such an important issue has been closed? What has been the result?",
      "PostedDate": "2015-01-07T05:34:36.817-08:00",
      "Id": 173887
    },
    {
      "Message": "The hard coding of messages was a poor choice.",
      "PostedDate": "2015-05-18T17:21:04.237-07:00",
      "Id": 184525
    },
    {
      "Message": "We are looking at this for v3\n\r\n\r** Closed by HaoK 09/02/2014 11:56AM",
      "PostedDate": "2014-09-02T11:56:50.107-07:00",
      "Id": 184732
    },
    {
      "Message": "We are re-activating this for 2.x since there seems to be a lot of interest and it looks like the implementation we did in 3.0 (minus the reliance on dependency injection) could be back ported to 2.x. This item is \"up for grabs\", meaning that we believe it would be a good work item for a contributor outside of the ASP.NET Identity team to work on.",
      "PostedDate": "2015-05-22T14:41:43-07:00",
      "Id": 184733
    },
    {
      "Message": "Microsoft Team,\n\nPlease review the post http://aspnetidentity.codeplex.com/discussions/638351. This identifies other ASP.NET Identity localization obstacles including; \n\n1) need for specific culture (Satellite Assemblies) rather than neutral culture (Main Assemblies) localization \n2) hard coded codebase strings\n3) regular expressions\n4) client side error messages (JavaScript)\n5) data annotation limitations\n6) concatenated error message\n\nThanks Everyone, Dave from Redding, CA\n\n",
      "PostedDate": "2015-05-30T09:17:36.3-07:00",
      "Id": 184936
    },
    {
      "Message": "The smart and easy option would be to make the strong typed Resources class public with a public settable ResourceManager property so that one, should they so choose, can set their own local Resource manager.\nThis is what I have done in code to achieve this (via reflection hacking). \n\n```\n            var ass = Assembly.Load(\"Microsoft.AspNet.Identity.Core, Version=2.0.0.0, Culture=neutral, PublicKeyToken=31bf3856ad364e35\");\n            //Type hack = test.GetType()\n            Type hack = ass.GetType(\"Microsoft.AspNet.Identity.Resources\");\n            var field = hack.GetField(\"resourceMan\",\n                            BindingFlags.Static |\n                            BindingFlags.NonPublic);\n            //This is where you set your own local resource manager that will read resource files from your own assembly\n            field.SetValue(null, new global::System.Resources.ResourceManager(\"WebApplication1.Resources\", typeof(WebApplication1.Resources).Assembly));\n \n```\nIn the above code my application name/namespace was labeled WebApplication1.\nIn the \"ideal\" World I would not need to use reflection to set the resource manager. This in my opinion is the cleanest solution. You could even make a \"wrapper\" resource manger that looked for you local resources first, if it didn't find them, resort to using the original resources.",
      "PostedDate": "2016-09-19T01:45:09.613-07:00",
      "Id": 204146
    }
  ]
}