{
  "WorkItem": {
    "AffectedComponent": {
      "Name": "",
      "DisplayName": ""
    },
    "ClosedComment": "This is an app specific behavior. We will consider this in the next major release.",
    "ClosedDate": "2014-06-23T14:12:39.11-07:00",
    "CommentCount": 1,
    "Custom": "",
    "Description": "See http://stackoverflow.com/questions/24236304/restrict-access-until-user-has-confirmed-email-link\nI am playing around the Identity.Samples example and found out that a user can still login without clicking on the email confirmation after registering. Is there a flag to turn on to restrict the user from logging in until he/she clicks the confirm link in his/her email? Or any extra code that I need to write to prevent this?\n\nHao provides code to do this, but the default should be you can't log in until you have confirmed your email.\n\nThat code should probably be moved to the SignInManager",
    "LastUpdatedDate": "2014-06-23T14:12:39.11-07:00",
    "PlannedForRelease": "",
    "ReleaseVisibleToPublic": false,
    "Priority": {
      "Name": "Unassigned",
      "Severity": 0,
      "Id": 0
    },
    "ProjectName": "aspnetidentity",
    "ReportedDate": "2014-06-21T18:47:13.29-07:00",
    "Status": {
      "Name": "Closed",
      "Id": 4
    },
    "ReasonClosed": {
      "Name": "Unassigned"
    },
    "Summary": "[security][feature request] Restrict access until user has confirmed email link",
    "Type": {
      "Name": "Unassigned",
      "Id": 5
    },
    "VoteCount": 1,
    "Id": 2283
  },
  "FileAttachments": [],
  "Comments": [
    {
      "Message": "I was told this was up to the application developer to decide this and not the framework. Same for checking to see if the the email is verified before sending a password reset link. ",
      "PostedDate": "2014-06-22T06:05:01.247-07:00",
      "Id": 174181
    }
  ]
}