{
  "WorkItem": {
    "AffectedComponent": {
      "Name": "",
      "DisplayName": ""
    },
    "ClosedComment": "If you want the EmailConfirmed flag to be set to false, use the SetEmail method instead.",
    "ClosedDate": "2014-08-25T14:13:48.68-07:00",
    "CommentCount": 0,
    "Custom": "",
    "Description": "Using Microsoft.AspNet.Identity.EntityFramework, version 2.1 and its UserManager, a call to UserManager.UpdateAsync to update the email of a user, the Email field in the database does get updated but the EmailConfirmed field does not get reset.\nIs this the expected behavior?\nIf it is the expected behavior, can one simply set EmailConfirmed to false before calling UserManager.UpdateAsync or does UserManager do any additional house keeping and thus one must perhaps call UserManager.SetEmailAsync to properly update the Email of a user?",
    "LastUpdatedDate": "2014-08-25T14:13:48.68-07:00",
    "PlannedForRelease": "",
    "ReleaseVisibleToPublic": false,
    "Priority": {
      "Name": "Unassigned",
      "Severity": 0,
      "Id": 0
    },
    "ProjectName": "aspnetidentity",
    "ReportedDate": "2014-08-19T14:24:25.53-07:00",
    "Status": {
      "Name": "Closed",
      "Id": 4
    },
    "ReasonClosed": {
      "Name": "Unassigned"
    },
    "Summary": "updating email using UserManager.UpdateAsync",
    "Type": {
      "Name": "Unassigned",
      "Id": 5
    },
    "VoteCount": 1,
    "Id": 2364
  },
  "FileAttachments": [],
  "Comments": []
}