{
  "WorkItem": {
    "AffectedComponent": {
      "Name": "",
      "DisplayName": ""
    },
    "ClosedComment": "Verified in build 488 that the CreatePerInstance method called on IAppBuilder can be used to register the DBContext and used for per context.",
    "ClosedDate": "2014-01-22T16:21:09.1-08:00",
    "CommentCount": 2,
    "Custom": "",
    "Description": "In the current implementation of UserManager there is no way to use the DbContext class registered when instantiating the UserManager and pass it on to when the RoleManager is being instantiated. The RoleManager today gets a separate instance of the DbContext class which might result in uncertain behavior. Need to resolve this",
    "LastUpdatedDate": "2014-01-22T16:21:09.1-08:00",
    "PlannedForRelease": "",
    "ReleaseVisibleToPublic": false,
    "Priority": {
      "Name": "Medium",
      "Severity": 100,
      "Id": 2
    },
    "ProjectName": "aspnetidentity",
    "ReportedDate": "2013-11-15T17:56:33.677-08:00",
    "Status": {
      "Name": "Closed",
      "Id": 4
    },
    "ReasonClosed": {
      "Name": "Unassigned"
    },
    "Summary": "Need to expose the single instance of DBContext per request to be used in the UserManager and RoleManager",
    "Type": {
      "Name": "Issue",
      "Id": 3
    },
    "VoteCount": 1,
    "Id": 1909
  },
  "FileAttachments": [],
  "Comments": [
    {
      "Message": "app.GetDbContext is how to do this with 1.1 changes",
      "PostedDate": "2013-12-09T10:51:59.22-08:00",
      "Id": 173864
    },
    {
      "Message": "Verified that the sample provided by Hao can be used to get the dbcontext instance from the OWINContext. The code cannot be in the framework since the no package has dependency on both EF and OWIN. This has to go out as a blogpost. Keeping it open for tracking",
      "PostedDate": "2013-12-18T16:21:13.073-08:00",
      "Id": 173865
    }
  ]
}