{
  "WorkItem": {
    "AffectedComponent": {
      "Name": "",
      "DisplayName": ""
    },
    "ClosedComment": "",
    "ClosedDate": "2014-07-25T10:15:19.06-07:00",
    "CommentCount": 6,
    "Custom": "",
    "Description": "There appears to be a regex check on the domain name.  A valid email address with a domain with a \"-\" in it is rejected.  This is not correct and should be corrected.\n\nTgueth",
    "LastUpdatedDate": "2014-07-25T10:15:19.06-07:00",
    "PlannedForRelease": "",
    "ReleaseVisibleToPublic": false,
    "Priority": {
      "Name": "Unassigned",
      "Severity": 0,
      "Id": 0
    },
    "ProjectName": "aspnetidentity",
    "ReportedDate": "2014-07-22T07:52:01.593-07:00",
    "Status": {
      "Name": "Closed",
      "Id": 4
    },
    "ReasonClosed": {
      "Name": "Unassigned"
    },
    "Summary": "does not accept email address of type: xxx@xxx-xx.com",
    "Type": {
      "Name": "Unassigned",
      "Id": 5
    },
    "VoteCount": 1,
    "Id": 2327
  },
  "FileAttachments": [
    {
      "FileId": 1427769,
      "FileName": "Rifkin-co-rejection.JPG",
      "DownloadUrl": ".\\1427769"
    }
  ],
  "Comments": [
    {
      "Message": "are you using Identity 1.0.0 packages ? in any case you can allow special characters in username by setting property in the UserValidator on UserManager\r\n\r\nTry the below code\r\n\r\nvar manager = new UserManager(...);\r\n\r\nmanager.UserValidator = new UserValidator(manager)            {                AllowOnlyAlphanumericUserNames = false            };\r\n\r\nThis should allow special characters in your username",
      "PostedDate": "2014-07-22T10:23:24.127-07:00",
      "Id": 174220
    },
    {
      "Message": "I am using latest version of Identity in an MVC 5 application.\r\n\r\nI am using the AccountController module included with MVC 5.  So do I change the AccountController to\r\n\r\n        public AccountController(UserManager userManager)        {            UserManager = userManager;            UserManager.UserValidator = new UserValidator(manager)                 {                      AllowOnlyAlphanumericUserNames=false;                 };        }\r\n\r\n?\r\n\r\nTom\r\n\r\n",
      "PostedDate": "2014-07-24T08:39:52.143-07:00",
      "Id": 174221
    },
    {
      "Message": "Please use the suggestion mentioned by Suhas\n\n** Closed by raspranav 7/23/2014 2:19 PM",
      "PostedDate": "2014-07-24T08:40:49.087-07:00",
      "Id": 174222
    },
    {
      "Message": "This should work for the AccountController you have mentioned. If you have created your application with the Visual Studio Update 2 templates, the same change should be made in the ApplicationUserManager.Create method. Let me know if this worked for you",
      "PostedDate": "2014-07-24T10:26:01.58-07:00",
      "Id": 174223
    },
    {
      "Message": "I implemented the code and that appears to solve the problem.\r\n\r\nHowever, I do not find any ApplicationUserManager.Create in the AccountController code.",
      "PostedDate": "2014-07-24T19:05:54.8-07:00",
      "Id": 174224
    },
    {
      "Message": "Glad it solved the problem. I'll close the bug. The ApplicationManager.Create method should be in the IdentityConfig.cs file. This would be available if you created application with Visual Studio Update 2 installed. Else your change should do what is needed.  ",
      "PostedDate": "2014-07-25T10:15:03.46-07:00",
      "Id": 174225
    }
  ]
}