{
  "WorkItem": {
    "AffectedComponent": {
      "Name": "",
      "DisplayName": ""
    },
    "ClosedComment": "",
    "ClosedDate": "2014-08-06T14:52:26.843-07:00",
    "CommentCount": 1,
    "Custom": "",
    "Description": "This was opened on the Connect site. I am porting this bug to Codeplex\nRepro Steps: \nTwo ways to create test that shows the effect. \nOne: \n1. Creating a custom IPasswordHasher with thread sleep so the effect of the timing issue become more apparent. \n2. Create an class that inherits from instance of UserManager<TUser> and in its constructor set the \nPasswordHasher to use the custom IPasswordHasher created in step 1. \n3. Now create an instance of UserManager class created in step 2. \n4. Call method FindAsync(model.UserName, model.Password); with both an account that exists in the \nsystem and one that doesn't. \nOne: \n1. Creating a custom UserStore that inherits IUserStore<UserWrapper> and IUserPasswordStore<UserWrapper>. \n2. For all calls made by UserManager<TUser> to the UserStore add delays in order for the effect of the timing issue to become more apparent. \n3. Create an instance of UserManager<TUser> that uses the UserStore created in step one. \n4. Now create an instance of UserManager class created in step 3. \n5. Call method FindAsync(model.UserName, model.Password); with both an account that exists in the \nsystem and one that doesn't. \nYou will notice the difference in the time if the user account exist or not. \nSolution would be to always perform a hash calculation and call the custom validation with the password \nreceived in the input parameter. It is of course important to make sure that the authentication always fails \nif the user account doesn't exist even it he password hash matches for the non-existing user. \nActual Results: \nIf the username doesn't exist the authentication process takes much less time to complete. \nExpected Results: \nThat it should take roughly the same amount of time to perform the authentication process if the userName does exist in the system or not. \nProblem Description: \nI detected the bug by doing a code review. The code that I review hade a custom IIdentityValidator for validating the password that used a regex “” since it regex don’t specify a max length I figured out that I should try to do a regex DOS attack against the application. \nThat got me to look into the Microsoft.AspNet.Identity.Code for the code that was run when authenticating a user using username/password credentials using reflection and I detected flaw in the authentication process. This will help an attacker when doing brute force attacks since they don't need to spend any time on guessing password for username that doesn't exists in the system. \n\nProblem Description: \nWhen I did a code review of a site using Microsoft.AspNet.Identity.Core I started to look into the authentication process that the Microsoft.AspNet.Identity.Core since it took different amount of time to check if a username/password combination with an invalid username compared to one that hade an invalid password. \nI then used reflection to check the code in Microsoft.AspNet.Identity.Core that was run when authenticating a user using username/password credentials and detected a flaw in the authentication process. I detected that two different processing’s where done when the username was invalid vs when the password was invalid. This difference will allow an attacker to use timing attack to figure out if a username exist in the system and will improve their ability to conduct brute force attack since they don’t need to waste any time on invalid username.",
    "LastUpdatedDate": "2014-08-06T14:52:26.843-07:00",
    "PlannedForRelease": "",
    "ReleaseVisibleToPublic": false,
    "Priority": {
      "Name": "Unassigned",
      "Severity": 0,
      "Id": 0
    },
    "ProjectName": "aspnetidentity",
    "ReportedDate": "2014-06-17T17:46:05.2-07:00",
    "Status": {
      "Name": "Closed",
      "Id": 4
    },
    "ReasonClosed": {
      "Name": "Unassigned"
    },
    "Summary": "Timing attack on Microsoft.AspNet.Identity.Code.UserManager<Tsser> reveals if an account exists or not",
    "Type": {
      "Name": "Unassigned",
      "Id": 5
    },
    "VoteCount": 1,
    "Id": 2279
  },
  "FileAttachments": [],
  "Comments": [
    {
      "Message": "Given that it's simple enough to scrape and automate the signup page which would also reveal that a username exists, and we don't treat confirmation of account existence as privileged information we don't consider this a vulnerability or a bug.\r\n\r\nAs a bonus, given that the query is database backed the speed of return from that would be detectable, so trying to make the entire thing time consistent would be a lot of effort for no real benefit.",
      "PostedDate": "2014-06-18T11:42:00.403-07:00",
      "Id": 174180
    }
  ]
}