{
  "WorkItem": {
    "AffectedComponent": {
      "Name": "",
      "DisplayName": ""
    },
    "ClosedComment": "Fixed for 2.1. Available in the nightly builds",
    "ClosedDate": "2014-06-02T10:22:48.763-07:00",
    "CommentCount": 1,
    "Custom": "",
    "Description": "I have a large User set ( > 300,000) and when I try to call the AddRoleToUser method on the UserStore It takes forever to come back. This issue it seems is that when it tries to add the User to the Role object it tries to pull back every user that has that Role which is a large number of users. This then gets loaded into memory, which takes a large amount, only to add a single number to the collection. This needs to be resolved.\n\nFor now, I will be overriding the method and either adding my new UserRole object directly to the database with a DbSet or only adding the UserRole to the User object and foregoing the add to the Role object. It still achieves the same thing.\n\nThis also goes back to my Discussion about the UserRoles object in the first place and how you can resolve this without needing to create a UserRole object and add the Role directly to the User.",
    "LastUpdatedDate": "2014-06-02T10:22:48.763-07:00",
    "PlannedForRelease": "2.1",
    "ReleaseVisibleToPublic": true,
    "Priority": {
      "Name": "Unassigned",
      "Severity": 0,
      "Id": 0
    },
    "ProjectName": "aspnetidentity",
    "ReportedDate": "2014-04-02T10:52:26.31-07:00",
    "Status": {
      "Name": "Closed",
      "Id": 4
    },
    "ReasonClosed": {
      "Name": "Unassigned"
    },
    "Summary": "AddRoleToUser() method takes forever with large dataset",
    "Type": {
      "Name": "Unassigned",
      "Id": 5
    },
    "VoteCount": 3,
    "Id": 2142
  },
  "FileAttachments": [],
  "Comments": [
    {
      "Message": "Explicitly disabling lazy loading for Add/Remove User to Role",
      "PostedDate": "2014-05-19T15:43:30.87-07:00",
      "Id": 174080
    }
  ]
}