{
  "WorkItem": {
    "AffectedComponent": {
      "Name": "",
      "DisplayName": ""
    },
    "ClosedComment": "Closing as no response.",
    "ClosedDate": "2015-06-03T14:40:16.287-07:00",
    "CommentCount": 1,
    "Custom": null,
    "Description": "RemoveFromRoleS does not remove the role as expected \r\nThe issue is already fixed for RemoveFromRole but even in 2.2.1 it still exists in RemoveFromRoles \r\n\r\nOriginal RemoveFromRole issue:\r\nhttps://aspnetidentity.codeplex.com/workitem/2069",
    "LastUpdatedDate": "2015-06-03T14:40:16.287-07:00",
    "PlannedForRelease": "",
    "ReleaseVisibleToPublic": false,
    "Priority": {
      "Name": "Unassigned",
      "Severity": 0,
      "Id": 0
    },
    "ProjectName": "aspnetidentity",
    "ReportedDate": "2015-04-20T10:47:40.37-07:00",
    "Status": {
      "Name": "Closed",
      "Id": 4
    },
    "ReasonClosed": {
      "Name": "Not A Bug"
    },
    "Summary": "RemoveFromRoleS does not remove the role as expected",
    "Type": {
      "Name": "Unassigned",
      "Id": 5
    },
    "VoteCount": 1,
    "Id": 2524
  },
  "FileAttachments": [],
  "Comments": [
    {
      "Message": "@rtbrouwer: I wasn't able to repro the issue. I am seeing that the functionality works as expected. Can you provide a sample application that would help me see the issue",
      "PostedDate": "2015-04-20T11:13:26.627-07:00",
      "Id": 183146
    }
  ]
}