{
  "WorkItem": {
    "AffectedComponent": {
      "Name": "",
      "DisplayName": ""
    },
    "ClosedComment": "With the new model differ changes, migration scenario from 1.0.0 to 2.0.0-alpha1 is working as expected. Verified this with EF 6.1.0-alpha1",
    "ClosedDate": "2013-12-18T15:49:05.89-08:00",
    "CommentCount": 1,
    "Custom": "",
    "Description": "Follow up on the migration issue\n\nRepro steps\n1.\tCreate a new C# WAP with VS RTM 2013. Register a local user.\n2.\tUpdate Identity to 1.1.0\n3.\tRunning the app shows exception that migrations is needed on the database.\n4.\tIn Package Manager Console, enter ‘Enable-Migrations’\n5.\t‘Add-Migrations update1’\n6.\tUpdate-Database\n\n\nAfter step #6, the database should be updated and the app should run fine. But as of today, for EF version 6.0.0 and 6.0.1, the migrations code generated is incorrect and update-database fails. For version 6.0.2 and 6.1.0, the update-database works fine but fails on runtime since the new columns were not created for the user.",
    "LastUpdatedDate": "2013-12-18T15:49:05.89-08:00",
    "PlannedForRelease": "",
    "ReleaseVisibleToPublic": false,
    "Priority": {
      "Name": "Unassigned",
      "Severity": 0,
      "Id": 0
    },
    "ProjectName": "aspnetidentity",
    "ReportedDate": "2013-11-19T18:47:48.543-08:00",
    "Status": {
      "Name": "Closed",
      "Id": 4
    },
    "ReasonClosed": {
      "Name": "Unassigned"
    },
    "Summary": "Migrations incorrect when updating app from 1.0.0 to 2.0.0",
    "Type": {
      "Name": "Issue",
      "Id": 3
    },
    "VoteCount": 1,
    "Id": 1913
  },
  "FileAttachments": [],
  "Comments": [
    {
      "Message": "This should be fixed with EF 6.1",
      "PostedDate": "2013-12-16T15:20:58.907-08:00",
      "Id": 173866
    }
  ]
}