{
  "WorkItem": {
    "AffectedComponent": {
      "Name": "",
      "DisplayName": ""
    },
    "ClosedComment": "2532",
    "ClosedDate": "2015-06-03T14:52:41.39-07:00",
    "CommentCount": 1,
    "Custom": null,
    "Description": "I have  web site that uses ID 2.1 2 factor cookie authentication.  We've noticed that when you check 'Remember the browser?\" after providing your 2 factor security token, the authentication cookie ends up with the same expires time as the TwoFactorRememberBrowser cookie (2 weeks in the future) instead of the 20 minute expiration we've defined for our authentication cookie.  Subsequent logins will end up with a normal expires time (20 minutes).  I find no evidence that we had this problem prior to upgrading to 2.1 from 2.0 or 2.0.1.",
    "LastUpdatedDate": "2015-06-03T15:23:00.02-07:00",
    "PlannedForRelease": "",
    "ReleaseVisibleToPublic": false,
    "Priority": {
      "Name": "Unassigned",
      "Severity": 0,
      "Id": 0
    },
    "ProjectName": "aspnetidentity",
    "ReportedDate": "2015-03-16T12:47:41.457-07:00",
    "Status": {
      "Name": "Closed",
      "Id": 4
    },
    "ReasonClosed": {
      "Name": "Duplicate"
    },
    "Summary": "RememberMe expiration used for Authentication Cookie Expiration",
    "Type": {
      "Name": "Unassigned",
      "Id": 5
    },
    "VoteCount": 1,
    "Id": 2514
  },
  "FileAttachments": [],
  "Comments": [
    {
      "Message": "2532 doesn't sound like the same issue I saw as both mine end up lasting for the 2 week \"Remember browser\" period, not just the length of the session.  Though they are likely related.",
      "PostedDate": "2015-06-03T15:23:00.02-07:00",
      "Id": 185104
    }
  ]
}