{
  "WorkItem": {
    "AffectedComponent": {
      "Name": "",
      "DisplayName": ""
    },
    "ClosedComment": "",
    "ClosedDate": "2014-05-12T14:47:33.33-07:00",
    "CommentCount": 2,
    "Custom": "",
    "Description": "Hi everyone,\n\ni've implemented asp.net identity in my mvc application by copying the code from the vs2013 templates. The basic thing is working, but I didnet get the reset password to work. When I send the forgot password page an email is generated which contains the token. This token is returned by the method\n\nUserManager.GeneratePasswordResetTokenAsync(user.Id)\nIt looks like this:\n\nhttp://localhost:62860/de-de/Account/ResetPassword?code=wI6KLdgJRNw8KvGBgauB%2FrIE%2FPjTAjwaPbMAEkHRFX%2Fg0INregUtet2%2FVrXPLOnNObIbGcIZnBVu6yA1%2BoBAtOrpZXftsc5wR2nzRu2EH%2Bc%3D\n\nWhen i click the link the reset password forms open and let the user input email address and new passwords. Then the call to the change password is made:\n\nUserManager.ResetPasswordAsync(user.Id, model.Code, model.Password);\nThis looks good to me, but the result is always a \"Invalid Token\" and I don't get it :)\n\nDoes anybody have an idea why it isn't working? And where the hell is the token stored? I tought it must be in the database somewhere und the AspNetUsers table.\n\nThanks\n\nAndi",
    "LastUpdatedDate": "2014-05-12T14:47:33.33-07:00",
    "PlannedForRelease": "",
    "ReleaseVisibleToPublic": false,
    "Priority": {
      "Name": "Unassigned",
      "Severity": 0,
      "Id": 0
    },
    "ProjectName": "aspnetidentity",
    "ReportedDate": "2014-05-08T22:10:48.17-07:00",
    "Status": {
      "Name": "Closed",
      "Id": 4
    },
    "ReasonClosed": {
      "Name": "Unassigned"
    },
    "Summary": "Invalid token",
    "Type": {
      "Name": "Unassigned",
      "Id": 5
    },
    "VoteCount": 1,
    "Id": 2205
  },
  "FileAttachments": [],
  "Comments": [
    {
      "Message": "I figured this out. It was because wrong DI configuration. Please remove this issue.",
      "PostedDate": "2014-05-11T00:49:58.687-07:00",
      "Id": 174154
    },
    {
      "Message": "Hello Andi,  I am having same issue. Can you please tell me how did you fix it? \r\n\r\nThanks,Sanjeev",
      "PostedDate": "2014-05-12T04:53:55.037-07:00",
      "Id": 174155
    }
  ]
}