{
  "WorkItem": {
    "AffectedComponent": {
      "Name": "",
      "DisplayName": ""
    },
    "ClosedComment": "This would be a breaking change for now. We will consider this in the next major release of Identity",
    "ClosedDate": "2014-07-23T14:18:41.16-07:00",
    "CommentCount": 0,
    "Custom": "",
    "Description": "It is very common for developers to have a common Constants class that they share in their application (I've seen it in many projects other than my own), however, AspNetIdentity has it's own class that has only one public const string DefaultSecurityStampClaimType and when the Microsoft.AspNet.Identity namespace is included it creates ambiguity between the local Constants class and AspNet Identity's forcing the developer to prefix their Constants class with their project's namespace which maybe doesn't sound like a huge deal but considering how commonly a Constants class is used it creates unnecessary complexity in my opinion. Please consider either renaming AspNet Identity's Constants class to something not so commonly used.",
    "LastUpdatedDate": "2014-07-23T14:18:41.16-07:00",
    "PlannedForRelease": "",
    "ReleaseVisibleToPublic": false,
    "Priority": {
      "Name": "Unassigned",
      "Severity": 0,
      "Id": 0
    },
    "ProjectName": "aspnetidentity",
    "ReportedDate": "2014-07-23T08:32:00.38-07:00",
    "Status": {
      "Name": "Closed",
      "Id": 4
    },
    "ReasonClosed": {
      "Name": "Unassigned"
    },
    "Summary": "Constants static class conflics with commonly used Constants file in many projects",
    "Type": {
      "Name": "Unassigned",
      "Id": 5
    },
    "VoteCount": 1,
    "Id": 2331
  },
  "FileAttachments": [],
  "Comments": []
}