{
  "WorkItem": {
    "AffectedComponent": {
      "Name": "",
      "DisplayName": ""
    },
    "ClosedComment": "duplicate",
    "ClosedDate": "2014-02-07T18:21:32.213-08:00",
    "CommentCount": 0,
    "Custom": "",
    "Description": "As of now the intellisense for methods does not provide much information. We need to improve our code comments for RTM. We need to do it as high priority to stick to loc and template timelines",
    "LastUpdatedDate": "2014-02-07T18:21:52.447-08:00",
    "PlannedForRelease": "2.0.0",
    "ReleaseVisibleToPublic": true,
    "Priority": {
      "Name": "High",
      "Severity": 150,
      "Id": 3
    },
    "ProjectName": "aspnetidentity",
    "ReportedDate": "2014-02-07T18:20:55.773-08:00",
    "Status": {
      "Name": "Closed",
      "Id": 4
    },
    "ReasonClosed": {
      "Name": "Unassigned"
    },
    "Summary": "Improve code comments for intellisense",
    "Type": {
      "Name": "Issue",
      "Id": 3
    },
    "VoteCount": 1,
    "Id": 2018
  },
  "FileAttachments": [],
  "Comments": []
}