{
  "WorkItem": {
    "AffectedComponent": {
      "Name": "",
      "DisplayName": ""
    },
    "ClosedComment": "You can do this by implementing from the UserStores and RoleStores",
    "ClosedDate": "2014-03-17T14:25:53.3-07:00",
    "CommentCount": 0,
    "Custom": "",
    "Description": "I'm using ASP.NET Identity 2.0.0-beta1. And I found IdentityUserRole could only specify the same foreign key type for both UserId and RoleId:\n\n```\n  public class IdentityUserRole<TKey>\n  {\n    public IdentityUserRole();\n\n    public virtual TKey RoleId { get; set; }\n    public virtual TKey UserId { get; set; }\n  }\n```\n\nWhat I need is that UserId is string type and RoleId is int type. I really need IdentityUserRole<> to support two generic type like:\n\n```\n  public class IdentityUserRole<TUserKey, TRoleKey>\n  {\n    public IdentityUserRole();\n\n    public virtual TRoleKey RoleId { get; set; }\n    public virtual TUserKey UserId { get; set; }\n  }\n```",
    "LastUpdatedDate": "2014-03-17T14:25:53.3-07:00",
    "PlannedForRelease": "",
    "ReleaseVisibleToPublic": false,
    "Priority": {
      "Name": "Unassigned",
      "Severity": 0,
      "Id": 0
    },
    "ProjectName": "aspnetidentity",
    "ReportedDate": "2014-02-26T23:54:45.88-08:00",
    "Status": {
      "Name": "Closed",
      "Id": 4
    },
    "ReasonClosed": {
      "Name": "Unassigned"
    },
    "Summary": "Can't set UserId and RoleId with different type in IdentityUserRole<T>",
    "Type": {
      "Name": "Unassigned",
      "Id": 5
    },
    "VoteCount": 1,
    "Id": 2065
  },
  "FileAttachments": [],
  "Comments": []
}