{
  "WorkItem": {
    "AffectedComponent": {
      "Name": "",
      "DisplayName": ""
    },
    "ClosedComment": "",
    "ClosedDate": "2015-06-03T14:31:22.173-07:00",
    "CommentCount": 2,
    "Custom": null,
    "Description": "Hi, we have MVC5 + Identity 2.0.1 application\r\n.Problem is when user does not confirm his email during account registration before the token expires. Then there is no way to continue.. user cannot register again with the same username, nor can he/she confirm the email or ask for forget password. Is this a bug/ wrong design of Identity? Is there some way how to solve this? Thanks.",
    "LastUpdatedDate": "2015-06-03T14:31:22.173-07:00",
    "PlannedForRelease": "",
    "ReleaseVisibleToPublic": false,
    "Priority": {
      "Name": "Unassigned",
      "Severity": 0,
      "Id": 0
    },
    "ProjectName": "aspnetidentity",
    "ReportedDate": "2015-05-05T03:52:15.463-07:00",
    "Status": {
      "Name": "Closed",
      "Id": 4
    },
    "ReasonClosed": {
      "Name": "By Design"
    },
    "Summary": "Registration not possible when email confirmation token expires.",
    "Type": {
      "Name": "Unassigned",
      "Id": 5
    },
    "VoteCount": 1,
    "Id": 2529
  },
  "FileAttachments": [],
  "Comments": [
    {
      "Message": "Have you tried this:\n\nIf the user has not forgotten the password, I think they can attempt to sign in. Once they attempt to sign in,  I believe they will get sent another email with another \"Confirm Email\" link. \n\n\n",
      "PostedDate": "2015-05-28T08:11:40.647-07:00",
      "Id": 184888
    },
    {
      "Message": "In your application you can run a script to clean up unconfirmed emails. These are application concerns and not Framework concern.",
      "PostedDate": "2015-06-03T14:31:13.36-07:00",
      "Id": 185100
    }
  ]
}