{
  "WorkItem": {
    "AffectedComponent": {
      "Name": "",
      "DisplayName": ""
    },
    "ClosedComment": "Closed as dupe of [already logged github issue](https://github.com/aspnet/Identity/issues/133).",
    "ClosedDate": "2014-12-08T12:14:57.67-08:00",
    "CommentCount": 0,
    "Custom": "",
    "Description": "Currently generated tokens for multi factor authentication are valid for 5 minutes. In this timeframe the user can use that token (from an SMS, Email,...) to authenticate. It would be nice if the timeframe could be configured, I might want to allow 10 mintues, 20minutes, etc.",
    "LastUpdatedDate": "2014-12-08T12:14:57.67-08:00",
    "PlannedForRelease": "",
    "ReleaseVisibleToPublic": false,
    "Priority": {
      "Name": "Unassigned",
      "Severity": 0,
      "Id": 0
    },
    "ProjectName": "aspnetidentity",
    "ReportedDate": "2014-12-08T07:50:58.587-08:00",
    "Status": {
      "Name": "Closed",
      "Id": 4
    },
    "ReasonClosed": {
      "Name": "Unassigned"
    },
    "Summary": "Make the timeframe in which a token is allowed configurable",
    "Type": {
      "Name": "Unassigned",
      "Id": 5
    },
    "VoteCount": 1,
    "Id": 2471
  },
  "FileAttachments": [],
  "Comments": []
}