{
  "WorkItem": {
    "AffectedComponent": {
      "Name": "",
      "DisplayName": ""
    },
    "ClosedComment": "Verified in build 489 that the listed sync methods have been added",
    "ClosedDate": "2014-01-23T15:32:32.63-08:00",
    "CommentCount": 1,
    "Custom": "",
    "Description": "GenerateUserToken\nGeneratePhoneNumberCode\nGetTwoFactorAuthEnabled\nSetTwoFactorEnabled\nVerifyPhoneNumber\nVerfyUserToken",
    "LastUpdatedDate": "2014-01-23T15:32:32.63-08:00",
    "PlannedForRelease": "2.0.0-Beta1",
    "ReleaseVisibleToPublic": false,
    "Priority": {
      "Name": "Low",
      "Severity": 50,
      "Id": 1
    },
    "ProjectName": "aspnetidentity",
    "ReportedDate": "2014-01-21T17:34:27.36-08:00",
    "Status": {
      "Name": "Closed",
      "Id": 4
    },
    "ReasonClosed": {
      "Name": "Unassigned"
    },
    "Summary": "Need to add sync methods for new async api added",
    "Type": {
      "Name": "Issue",
      "Id": 3
    },
    "VoteCount": 1,
    "Id": 1978
  },
  "FileAttachments": [],
  "Comments": [
    {
      "Message": "GeneratePhoneNumber code already has a sync for Generate/VerifyChangePhoneNumberToken",
      "PostedDate": "2014-01-22T15:16:02.35-08:00",
      "Id": 173913
    }
  ]
}