{
  "WorkItem": {
    "AffectedComponent": {
      "Name": "",
      "DisplayName": ""
    },
    "ClosedComment": "",
    "ClosedDate": "2014-11-17T14:48:40.72-08:00",
    "CommentCount": 1,
    "Custom": "",
    "Description": "Lets say you have a case where you want the UserName to be the Email. Furthermore, you want the Id to be the Email. You can implement this in your model but then __the UserValidator fails,__ as it seems to check if the Id of the user being created is the same as the user owning the username and/or email; and if true, it doesn' invalidate the username and/or email of being unique.\n\nThe vNext codebase seems to have the same logic: https://github.com/aspnet/Identity/blob/dev/src/Microsoft.AspNet.Identity/UserValidator.cs#L64\n\nUse-case. When implementing the identity provider model against a store that only has one unique constraint possibility, e.g  the Id; you also want that to hold e.g. username and/or email.",
    "LastUpdatedDate": "2014-11-17T14:48:40.72-08:00",
    "PlannedForRelease": "",
    "ReleaseVisibleToPublic": false,
    "Priority": {
      "Name": "Unassigned",
      "Severity": 0,
      "Id": 0
    },
    "ProjectName": "aspnetidentity",
    "ReportedDate": "2014-10-27T23:25:01.887-07:00",
    "Status": {
      "Name": "Closed",
      "Id": 4
    },
    "ReasonClosed": {
      "Name": "Unassigned"
    },
    "Summary": "UserValidator - IUser.Id can not be the same as UserName",
    "Type": {
      "Name": "Unassigned",
      "Id": 5
    },
    "VoteCount": 1,
    "Id": 2447
  },
  "FileAttachments": [],
  "Comments": [
    {
      "Message": "Tracking for vnext https://github.com/aspnet/Identity/issues/241",
      "PostedDate": "2014-11-17T14:48:25.42-08:00",
      "Id": 174279
    }
  ]
}