{
  "WorkItem": {
    "AffectedComponent": {
      "Name": "",
      "DisplayName": ""
    },
    "ClosedComment": "You can look up emails using IQueryable on Users and look up the emails",
    "ClosedDate": "2014-10-13T14:47:25.61-07:00",
    "CommentCount": 0,
    "Custom": "",
    "Description": "The interface IUserEmailStore is half-baked for scenarios where multiple usernames have the same email address. The scenario is recognized by UserValidator which has a RequireUniqueEmail property which can be set to false. However, there's no way to get those users back with the FindByEmailAsync method which can only return a single TUser object.\n \nIUserEmailStore needs to have a method that can return multiple TUser objects like \n```\nTask<IEnumerable<TUser>> FindByEmailAsync(string email)\n```",
    "LastUpdatedDate": "2014-10-13T14:47:25.61-07:00",
    "PlannedForRelease": "",
    "ReleaseVisibleToPublic": false,
    "Priority": {
      "Name": "Unassigned",
      "Severity": 0,
      "Id": 0
    },
    "ProjectName": "aspnetidentity",
    "ReportedDate": "2014-10-09T19:57:56.45-07:00",
    "Status": {
      "Name": "Closed",
      "Id": 4
    },
    "ReasonClosed": {
      "Name": "Unassigned"
    },
    "Summary": "Missing method Task<IEnumerable<TUser>> FindByEmailAsync(string email) in IUserEmailStore interface",
    "Type": {
      "Name": "Unassigned",
      "Id": 5
    },
    "VoteCount": 1,
    "Id": 2426
  },
  "FileAttachments": [],
  "Comments": []
}