{
  "WorkItem": {
    "AffectedComponent": {
      "Name": "",
      "DisplayName": ""
    },
    "ClosedComment": "",
    "ClosedDate": "2016-03-02T09:48:24.253-08:00",
    "CommentCount": 2,
    "Custom": null,
    "Description": "Please, set IdentityRole class Name and Id as virtual!",
    "LastUpdatedDate": "2016-03-07T02:56:16.083-08:00",
    "PlannedForRelease": "",
    "ReleaseVisibleToPublic": false,
    "Priority": {
      "Name": "Unassigned",
      "Severity": 0,
      "Id": 0
    },
    "ProjectName": "aspnetidentity",
    "ReportedDate": "2016-02-06T05:36:55.167-08:00",
    "Status": {
      "Name": "Closed",
      "Id": 4
    },
    "ReasonClosed": {
      "Name": "By Design"
    },
    "Summary": "Set IdentityRole Name and Id as virtual",
    "Type": {
      "Name": "Unassigned",
      "Id": 5
    },
    "VoteCount": 1,
    "Id": 2548
  },
  "FileAttachments": [],
  "Comments": [
    {
      "Message": "Identity 2.0 is no longer under primary development. No new features will be added, only bugs will be considered.\n\nIf [Identity 3.0](https://github.com/aspnet/Identity/) does not have the feature you require then feel free to log a bug there.",
      "PostedDate": "2016-03-02T09:48:08.52-08:00",
      "Id": 197138
    },
    {
      "Message": "Poor Reply and support from Microsoft on their own development platform because;\n* This is a year old bug and ASP.NET Identity 2.0 was still supported.\n* We cant run ASP.NET Identity 3.0 in our project simply because 1) You are still in RC and I am not risking a million pound project. 2) We cant use EF7 anyway because we used based class for our models (Around 190 of them) for maintainability.\n\nAs suggested previously, your platform is good enough for your example projects like  blog or simple store site.",
      "PostedDate": "2016-03-07T02:56:16.083-08:00",
      "Id": 197238
    }
  ]
}