{
  "WorkItem": {
    "AffectedComponent": {
      "Name": "",
      "DisplayName": ""
    },
    "ClosedComment": "",
    "ClosedDate": "2014-04-03T10:23:48.61-07:00",
    "CommentCount": 7,
    "Custom": "",
    "Description": "The following code for a custom Role:\n```\npublic class ApplicationRoleStore : RoleStore<ApplicationRole, string, ApplicationUserRole>\n{\n    public ApplicationRoleStore(MyAppDb context)\n        : base(context)\n    {\n    }\n}\n```\nProduces the following compile-time error:\n> The type 'MyApp.Models.ApplicationRole' cannot be used as a type parameter 'TRole' in the generic type or method 'Microsoft.AspNet.Identity.EntityFramework.RoleStore'. There is no implicit reference conversion from 'MyApp.Models.ApplicationRole' to 'Microsoft.AspNet.Identity.EntityFramework.IdentityRole'.\n\n...\n,,,\nWhere as doing the same thing on a custom User does not:\n```\npublic class ApplicationUserStore : UserStore<ApplicationUser, ApplicationRole, string, ApplicationUserLogin, ApplicationUserRole, ApplicationUserClaim>\n{\n    public ApplicationUserStore(MyAppDb context)\n        : base(context)\n    {\n    }\n}\n```\nThis issue is also on stackoverflow here: [Why is there an implementation difference between the UserStore and the RoleStore?](http://stackoverflow.com/questions/22682017/why-is-there-an-implementation-difference-between-the-userstore-and-the-rolestor)",
    "LastUpdatedDate": "2014-04-03T10:23:48.61-07:00",
    "PlannedForRelease": "",
    "ReleaseVisibleToPublic": false,
    "Priority": {
      "Name": "Unassigned",
      "Severity": 0,
      "Id": 0
    },
    "ProjectName": "aspnetidentity",
    "ReportedDate": "2014-03-27T02:45:41.573-07:00",
    "Status": {
      "Name": "Closed",
      "Id": 4
    },
    "ReasonClosed": {
      "Name": "Unassigned"
    },
    "Summary": "Reference Conversion from custom Role to IdentityRole",
    "Type": {
      "Name": "Unassigned",
      "Id": 5
    },
    "VoteCount": 1,
    "Id": 2126
  },
  "FileAttachments": [],
  "Comments": [
    {
      "Message": "Is your Custom Role inheriting from IdentityRole like so:\r\n\r\n```public class CustomRole : IdentityRole```",
      "PostedDate": "2014-03-27T08:42:04.683-07:00",
      "Id": 174044
    },
    {
      "Message": "Yes. It sure is.",
      "PostedDate": "2014-03-27T09:21:36.76-07:00",
      "Id": 174045
    },
    {
      "Message": "It's actually:```    public class ApplicationRole : IdentityRole    {        [Required]        [StringLength(50)]        public string ProperName { get; set; }     }```And the context is:```    public class MyAppDb : IdentityDbContext    {        public static MyAppDb Create()        {            return new MyAppDb();        }\r\n\r\n        public MyAppDb()            : base(\"MyAppDb\")        {        }    }\r\n\r\n```And, similarly each of these ApplicationUserLogin, ApplicationUserRole, and ApplicationUserClaim inherit from the respective Identity class.",
      "PostedDate": "2014-03-27T09:26:55.53-07:00",
      "Id": 174046
    },
    {
      "Message": "Where are you getting that error exactly? I think I was running into an issue very similar to yours but I fixed it with some tinkering around.\r\n\r\nIs it around your ApplicationRoleManager?```public class ApplicationRoleManager : RoleManager    {        public ApplicationRoleManager(IRoleStore roleStore)            : base(roleStore)        {        }\r\n\r\n        public static ApplicationRoleManager Create(IdentityFactoryOptions options, IOwinContext context)        {            var manager = new ApplicationRoleManager(new CustomRoleStore(context.Get()));\r\n\r\n            return manager;        }    }```\r\n\r\nSee also in your RolesAdminController:\r\n\r\n```        private ApplicationRoleManager _roleManager;        public ApplicationRoleManager RoleManager        {            get            {                return _roleManager ?? new ApplicationRoleManager(new CustomRoleStore(HttpContext.GetOwinContext().Get()));            }            private set            {                _roleManager = value;            }        }```\r\n\r\nSorry if I'm way off base here.",
      "PostedDate": "2014-03-27T09:51:21.057-07:00",
      "Id": 174047
    },
    {
      "Message": "Well never mind, it must have just been a hiccup.  It was a compile time error as shown in my original (issue) post.  So weird, I restarted VS2013 and the error was still there.  I'm sure I didn't change a thing and now the error is gone.  I must have changed something.  I apologize for any wasted time.  I lost at least 5 hours on this issue.  \r\n\r\n__Issue Resolved!__",
      "PostedDate": "2014-03-27T10:32:27.69-07:00",
      "Id": 174048
    },
    {
      "Message": "How do I remove this issue? It is not an issue!",
      "PostedDate": "2014-04-02T15:00:20.643-07:00",
      "Id": 174049
    },
    {
      "Message": "I'll go ahead and close this.",
      "PostedDate": "2014-04-03T10:23:19.52-07:00",
      "Id": 174050
    }
  ]
}