{
  "WorkItem": {
    "AffectedComponent": {
      "Name": "",
      "DisplayName": ""
    },
    "ClosedComment": "Please reopen this issue if it still reproes.",
    "ClosedDate": "2014-08-18T14:24:18.623-07:00",
    "CommentCount": 8,
    "Custom": "",
    "Description": "I am using asp.identity 2.1.0 rtm pre.   I am getting an odd exception being throw when I try to sign in. I have not been able to find a single reference to CultureAwaiter.    Does anyone know what that object does or how to fix it?\n\n\nServer Error in '/' Application.\n\nCould not load type 'CultureAwaiter`1' from assembly 'Microsoft.AspNet.Identity.Core, Version=2.0.0.0, Culture=neutral, PublicKeyToken=31bf3856ad364e35'.",
    "LastUpdatedDate": "2015-01-05T16:42:54.363-08:00",
    "PlannedForRelease": "",
    "ReleaseVisibleToPublic": false,
    "Priority": {
      "Name": "Unassigned",
      "Severity": 0,
      "Id": 0
    },
    "ProjectName": "aspnetidentity",
    "ReportedDate": "2014-06-30T11:17:44.457-07:00",
    "Status": {
      "Name": "Closed",
      "Id": 4
    },
    "ReasonClosed": {
      "Name": "Unassigned"
    },
    "Summary": "SignInManager.PasswordSignIn throws could not load type CultureAwaiter",
    "Type": {
      "Name": "Unassigned",
      "Id": 5
    },
    "VoteCount": 2,
    "Id": 2296
  },
  "FileAttachments": [
    {
      "FileId": 1427767,
      "FileName": "Screen Shot 2014-06-30 at 2.55.53 PM.png",
      "DownloadUrl": ".\\1427767"
    },
    {
      "FileId": 1427768,
      "FileName": "CultureAwaiter Error Loaded Modules (pertinent).rtf",
      "DownloadUrl": ".\\1427768"
    }
  ],
  "Comments": [
    {
      "Message": "Seems like incorrect installation/update to Identity 2.1.0 package. Can you check reinstall and check if the issue persists ?",
      "PostedDate": "2014-06-30T11:45:06.283-07:00",
      "Id": 174191
    },
    {
      "Message": "Uninstalled Identity via the nuget manager and reinstalled by following this blog.\r\n\r\nhttp://blogs.msdn.com/b/webdev/archive/2014/06/05/asp-net-identity-2-1-0-alpha1.aspx\r\n\r\nI have attached a screen shot of my Nuget manager after reinstalling.  It shows it is installed.  \r\n\r\nHowever, when I look at the actual properties of the assembly it still shows version 2.0.0",
      "PostedDate": "2014-06-30T11:58:20.787-07:00",
      "Id": 174192
    },
    {
      "Message": "As the error states, that method is found in Microsoft.AspNet.Identity.Owin.dll version 2.1 alpha1 pre-release.  I believe it is a method off of TaskExtensions and is included to support SignInManager, which is new to identity 2.1 (actually added to the framework from the Identity 2.0 samples...hat tip to the MS team for that bit of assistance!)  That's all I think I know at this point.  I'm having issues with it as well trying to override PasswordSignInAsync.\r\n\r\nIt's a shot in the dark, but Maybe try the following:1. Make sure to have 'using System.Threading.Tasks;' in your reference section2. Reinstall the three components to Identity 2.1 alpha by running the following commands from Package Manager Console\r\n\r\nPM> Install-Package Microsoft.AspNet.Identity.EntityFramework -PrePM> Install-Package Microsoft.AspNet.Identity.Core -PrePM> Install-Package Microsoft.AspNet.Identity.Owin -Pre\r\n\r\nIf it tells you it's already installed, delete references from Solution Explorer\\References and delete the .dlls found in the packages folder under your solution's Project folders.\r\n\r\nNote: the 2.1 alpha .dlls show up as 2.0.0.0 in the properties window. \r\n\r\nHope that helps.\r\n\r\nchuff0305",
      "PostedDate": "2014-08-02T06:20:24.437-07:00",
      "Id": 174193
    },
    {
      "Message": "I am experiencing the same issue here with SigninManager when trying to convert UserStore to Azure table storage based. Just wondering if you have resolved the issue and could you share how you did it?",
      "PostedDate": "2014-08-04T09:42:29.837-07:00",
      "Id": 174194
    },
    {
      "Message": "Can you please upgrade to 2.1 RTM which just got released. Make sure you uninstall the 2.10 pre-release packages",
      "PostedDate": "2014-08-06T14:14:24.837-07:00",
      "Id": 174195
    },
    {
      "Message": "Was this issue ever resolved? I am experiencing the same issue and I have tried upgrading to various releases, including 2.2 pre-release, and still no luck. I can't use Create/Find/AddLogin/etc. methods of the UserManager class as it throws this exception.",
      "PostedDate": "2015-01-05T09:32:36.84-08:00",
      "Id": 174196
    },
    {
      "Message": "can you please add the exception details here an reopen the issue?",
      "PostedDate": "2015-01-05T10:11:49.847-08:00",
      "Id": 174197
    },
    {
      "Message": "Here is the exception:\r\n\r\n+\t\t$exception\t{\"Could not load type 'CultureAwaiter' from assembly 'Microsoft.AspNet.Identity.Core, Version=2.0.0.0, Culture=neutral, PublicKeyToken=31bf3856ad364e35'.\":\"CultureAwaiter\"}\tSystem.Exception {System.TypeLoadException}\r\n\r\nI am debugging on Windows Azure, so I can't step in with Net Reflector. The line that generates this message is:```var loginResult = await UserManager.AddLoginAsync(user.Id, new UserLoginInfo(CurrentProvider, CurrentProviderKey));```\r\n\r\nThe installed NuGet package is 2.1.0 on Microsoft.AspNet.Identity.Core/.Owin/.IdentityFramework packages. However, I am getting discrepancies on the actual file versions being loaded. I have attached a file that is a copy of the Debug Modules windows with all of the (remotely pertinent) loaded modules at the time that the exception is thrown. This shows that the Identity loaded modules are as follows: Core = 2.00.30423.0, Owin = 2.00.30423.0, EntityFramework = 2.01.30612.0. These versions seem to differ from a freshly created MVC project updated to 2.1.0 which all have 2.01.x assembly versions. This makes me think that the problem is related to Azure not loading the correct version.\r\n\r\nAs for reopening the issue, A) I'm not sure if it should be reopened, and B) I don't know how to reopen it. I found this bug request and its close reason is \"Unassigned\" and no one in these posts said anything along the lines of \"That fixed it!\" So, I asked if it was resolved.\r\n\r\nThanks for your quick response! I can't tell you how encouraging that is when most responses these days seem to take months! So I end up just coming up with some alternative solution, usually involving dropping the product, but with this I would really prefer to use the awesomeness of the Identity framework.",
      "PostedDate": "2015-01-05T16:42:54.363-08:00",
      "Id": 174198
    }
  ]
}