{
  "WorkItem": {
    "AffectedComponent": {
      "Name": "",
      "DisplayName": ""
    },
    "ClosedComment": "Fixed with 2.1 as of 05/21\n\nsome strings in existing satellite assemblies need to be localized. Tracking that in a separate bug",
    "ClosedDate": "2014-05-21T12:13:09.18-07:00",
    "CommentCount": 0,
    "Custom": "",
    "Description": "Problem:\nWhen any 'sync' extension method is used the satellite assembly conforming to the system culture is always picked (or ResourceManager fallbacks to the resources embedded in the executing assembly).\nAs result we are getting messages in a culture different from the requested one.\n\nCause:\nAsyncHelper uses TaskFactory.StratNew method to execute async tasks.\nThis method creates a new Thread.\nCurrentUICulture is not a part of the Thread.ExecutionContext, so it isn't transferred from the caller thread to the newly created one.\nAs result for the new thread CurrentUICulture will be taken from the operating system culture.\n\nSolution:\ncreate a closure which captures current UI culture and init thread CurrentUICulture with the captured one.\n\nplease rewrite AsyncHelper class with a code like this:\n```\npublic static TResult RunSync<TResult>(Func<Task<TResult>> func)\n{\n    var cultureUI = CultureInfo.CurrentUICulture;\n    return TaskExtensions.Unwrap(_myTaskFactory.StartNew(() =>\n    {\n        Thread.CurrentThread.CurrentUICulture = cultureUI;\n        return func();\n    })).GetAwaiter().GetResult();\n}\n```",
    "LastUpdatedDate": "2014-05-21T12:13:09.18-07:00",
    "PlannedForRelease": "2.1",
    "ReleaseVisibleToPublic": true,
    "Priority": {
      "Name": "Unassigned",
      "Severity": 0,
      "Id": 0
    },
    "ProjectName": "aspnetidentity",
    "ReportedDate": "2014-02-25T13:55:12.75-08:00",
    "Status": {
      "Name": "Closed",
      "Id": 4
    },
    "ReasonClosed": {
      "Name": "Unassigned"
    },
    "Summary": "AsyncHelper loosing current thread UI CultureInfo",
    "Type": {
      "Name": "Issue",
      "Id": 3
    },
    "VoteCount": 1,
    "Id": 2060
  },
  "FileAttachments": [],
  "Comments": []
}