{
  "WorkItem": {
    "AffectedComponent": {
      "Name": "",
      "DisplayName": ""
    },
    "ClosedComment": "",
    "ClosedDate": "2014-02-10T17:33:58.807-08:00",
    "CommentCount": 0,
    "Custom": "",
    "Description": "In the samples app, the RolesAdmin page has Edit/Details/Delete link for each role. Clicking on the Details link throws exception. The issue is that the view works with the model 'IdentityRole' but we try to iterate over a property called Model.UserRoles which is incorrect. Need to either remove that or fix its",
    "LastUpdatedDate": "2014-02-10T17:33:58.807-08:00",
    "PlannedForRelease": "2.0.0",
    "ReleaseVisibleToPublic": true,
    "Priority": {
      "Name": "Unassigned",
      "Severity": 0,
      "Id": 0
    },
    "ProjectName": "aspnetidentity",
    "ReportedDate": "2014-01-09T10:08:43.183-08:00",
    "Status": {
      "Name": "Closed",
      "Id": 4
    },
    "ReasonClosed": {
      "Name": "Unassigned"
    },
    "Summary": "[Samples package] The Details link on RolesAdmin page throws an exception",
    "Type": {
      "Name": "Unassigned",
      "Id": 5
    },
    "VoteCount": 1,
    "Id": 1967
  },
  "FileAttachments": [],
  "Comments": []
}