{
  "WorkItem": {
    "AffectedComponent": {
      "Name": "",
      "DisplayName": ""
    },
    "ClosedComment": "",
    "ClosedDate": "2014-06-04T14:19:01.703-07:00",
    "CommentCount": 1,
    "Custom": "",
    "Description": "Hello,\n\nI would like some full guidance, samples on using ASP.NET Identities and ASP.NET WEBAPI on OWIN with some known IoC frameworks like ninject or SimpleInjector. \n\neg. How do I register bindings and resolve them in OWIN and AccountsController for a user store with dependencies like:\n\n```\nUserStore(IQueryProcessor queryProc, ICommandProcessor commandProc, IEmailService emailService)\n```\n\nI already have other controllers and services with dependencies on IQueryProcessor and ICommandProcessor that SimpleInjector takes care of before I started to implement ASP.NET Identities with OWIN. With the current sample, I see where I would have to setup bindings both on the OWIN Context and SimpleInjector to have authentication done in the middleware and to also use them throughout controllers.\n\nI'd like guidance from registration of the user store, user manager, setup options, injection into owin and webapi controllers.\n\nThanks",
    "LastUpdatedDate": "2014-06-04T14:19:01.703-07:00",
    "PlannedForRelease": "",
    "ReleaseVisibleToPublic": false,
    "Priority": {
      "Name": "Unassigned",
      "Severity": 0,
      "Id": 0
    },
    "ProjectName": "aspnetidentity",
    "ReportedDate": "2014-05-15T22:58:08.65-07:00",
    "Status": {
      "Name": "Closed",
      "Id": 4
    },
    "ReasonClosed": {
      "Name": "Unassigned"
    },
    "Summary": "Dependency Injection for both OWIN and WebAPI",
    "Type": {
      "Name": "Unassigned",
      "Id": 5
    },
    "VoteCount": 2,
    "Id": 2223
  },
  "FileAttachments": [],
  "Comments": [
    {
      "Message": "You can use PerOWINContext to inject UserManager and UserStore in your web apps and webapis",
      "PostedDate": "2014-06-04T14:18:48.05-07:00",
      "Id": 174161
    }
  ]
}