{
  "WorkItem": {
    "AffectedComponent": {
      "Name": "",
      "DisplayName": ""
    },
    "ClosedComment": "tested and available in 2.1-alpha1",
    "ClosedDate": "2014-07-29T10:36:48.483-07:00",
    "CommentCount": 1,
    "Custom": "",
    "Description": "The GetUserAggregate method used to query the user can be made virtual so that the developers can customize the query as needed",
    "LastUpdatedDate": "2014-07-29T10:36:48.483-07:00",
    "PlannedForRelease": "Future",
    "ReleaseVisibleToPublic": false,
    "Priority": {
      "Name": "Low",
      "Severity": 50,
      "Id": 1
    },
    "ProjectName": "aspnetidentity",
    "ReportedDate": "2014-03-07T15:25:27.733-08:00",
    "Status": {
      "Name": "Closed",
      "Id": 4
    },
    "ReasonClosed": {
      "Name": "Unassigned"
    },
    "Summary": "Need to make GetUserAggregate virtual",
    "Type": {
      "Name": "Issue",
      "Id": 3
    },
    "VoteCount": 1,
    "Id": 2090
  },
  "FileAttachments": [],
  "Comments": [
    {
      "Message": "Fixed in 2.1-alpha1",
      "PostedDate": "2014-04-14T15:56:09.237-07:00",
      "Id": 174010
    }
  ]
}