{
  "WorkItem": {
    "AffectedComponent": {
      "Name": "",
      "DisplayName": ""
    },
    "ClosedComment": "As Tugberk mentions, you can inject your own manager instance with the proper methods overridden.",
    "ClosedDate": "2014-04-14T15:57:21.72-07:00",
    "CommentCount": 3,
    "Custom": "",
    "Description": "I'm currently using Unity and Dependency Injection in my application and I have a need to customize certain aspects of the UserManager and RoleManager classes. Is there any way to put interfaces for theses classes in place to be able to use unity to inject these classes easily and still put custom functionality on top?\n\nAn interface for those classes would really help. Thanks",
    "LastUpdatedDate": "2014-04-14T15:57:21.72-07:00",
    "PlannedForRelease": "",
    "ReleaseVisibleToPublic": false,
    "Priority": {
      "Name": "Unassigned",
      "Severity": 0,
      "Id": 0
    },
    "ProjectName": "aspnetidentity",
    "ReportedDate": "2014-03-28T06:02:18.763-07:00",
    "Status": {
      "Name": "Closed",
      "Id": 4
    },
    "ReasonClosed": {
      "Name": "Unassigned"
    },
    "Summary": "Create Interface for Manager classes",
    "Type": {
      "Name": "Unassigned",
      "Id": 5
    },
    "VoteCount": 1,
    "Id": 2131
  },
  "FileAttachments": [],
  "Comments": [
    {
      "Message": "You don't need an interface for that approach as all the methods that UserManager has are virtual. You can easily override them.",
      "PostedDate": "2014-03-28T06:33:52.3-07:00",
      "Id": 174056
    },
    {
      "Message": "This is true, however I'm using Dependency Injection. I user Interfaces to perform the injection and have created a custom Interface with other custom methods to perform tasks that I need done. I also need to have in this Interface the methods that the UserManager class provides. If there is no interface for my custom interface to inherit, I will not have access to those methods. \r\n\r\nIf I wasn't using Dependency Injection, yes I could just create a class that inherits from your UserManager class and override the methods that I need. However I am also making a conversion of the Type that is returned to a Domain type instead of Data type to protect my entity objects. \r\n\r\nTo provide maximum flexibility of your code an Interface is quite simple to create and provide as another means of expansion.",
      "PostedDate": "2014-03-31T06:06:57.58-07:00",
      "Id": 174057
    },
    {
      "Message": "You still don't need interfaces. I use DI all the time. What you want to do is to register ur custom user manager, which is derived from UserManager, as UserManager and you are done. ",
      "PostedDate": "2014-03-31T06:59:04.6-07:00",
      "Id": 174058
    }
  ]
}