{
  "WorkItem": {
    "AffectedComponent": {
      "Name": "",
      "DisplayName": ""
    },
    "ClosedComment": "We let you plug in your own Password Hasher where you can set your iteration count as per your requirements.",
    "ClosedDate": "2014-07-23T14:28:56.457-07:00",
    "CommentCount": 2,
    "Custom": "",
    "Description": "Currently I have no easy way to make my own custom iteration count for hashing. This is VERY VERY bad, from when hash iterations were first added to MVC the iteration count of 1,000 is now pathetic.\n\nA system in which we store the iteration count of hashing on the user would also be amazing as it would allow for the number of iterations to be increased as server performance increases so that the also increasing performance of the hackers PC doesn't make my db a 30 min crack job. \n\nI would like it if in 5 years people are still using my application that I can provide appropriate protection to their data and privacy. Users re-use passwords ALLOT! I don't want my website being the weak link which opens them up for hacking over to other websites. I would at least like to make it harder for the hacker.",
    "LastUpdatedDate": "2014-07-24T18:08:33.427-07:00",
    "PlannedForRelease": "",
    "ReleaseVisibleToPublic": false,
    "Priority": {
      "Name": "Unassigned",
      "Severity": 0,
      "Id": 0
    },
    "ProjectName": "aspnetidentity",
    "ReportedDate": "2014-07-17T20:32:56.263-07:00",
    "Status": {
      "Name": "Closed",
      "Id": 4
    },
    "ReasonClosed": {
      "Name": "Unassigned"
    },
    "Summary": "Modifiable iteration count on hash",
    "Type": {
      "Name": "Unassigned",
      "Id": 5
    },
    "VoteCount": 1,
    "Id": 2325
  },
  "FileAttachments": [],
  "Comments": [
    {
      "Message": "I was aware, I just thought a convention over configuration approach to such a vital part of securing user's privacy would be nice.",
      "PostedDate": "2014-07-24T14:21:33.817-07:00",
      "Id": 174218
    },
    {
      "Message": "There are community efforts to address this need:\r\n\r\nhttp://brockallen.com/2014/02/11/introducing-identityreboot/\r\n\r\n",
      "PostedDate": "2014-07-24T18:08:33.427-07:00",
      "Id": 174219
    }
  ]
}