{
  "WorkItem": {
    "AffectedComponent": {
      "Name": "",
      "DisplayName": ""
    },
    "ClosedComment": "Fixed in 2.0.0",
    "ClosedDate": "2014-02-27T17:45:06.837-08:00",
    "CommentCount": 2,
    "Custom": "",
    "Description": "hi\nwhen set connection string in Sql Ce database I get error in account control the line:\n```\nvar user = await UserManager.FindAsync(model.UserName, model.Password);\n```\nthe error message is:\n_There is no store type corresponding to the EDM type 'Edm.DateTimeOffset(Nullable=False)' of primitive type 'DateTimeOffset'._\n\nI thinks in model identity use DatatimeIffset but this model dosnot support in sql ce",
    "LastUpdatedDate": "2014-02-28T21:56:20.69-08:00",
    "PlannedForRelease": "2.0.0",
    "ReleaseVisibleToPublic": true,
    "Priority": {
      "Name": "Medium",
      "Severity": 100,
      "Id": 2
    },
    "ProjectName": "aspnetidentity",
    "ReportedDate": "2014-02-22T00:04:30.757-08:00",
    "Status": {
      "Name": "Closed",
      "Id": 4
    },
    "ReasonClosed": {
      "Name": "Unassigned"
    },
    "Summary": "problem Identity in SQLCE",
    "Type": {
      "Name": "Issue",
      "Id": 3
    },
    "VoteCount": 1,
    "Id": 2051
  },
  "FileAttachments": [],
  "Comments": [
    {
      "Message": "Add API documentation as well",
      "PostedDate": "2014-02-25T14:26:08.077-08:00",
      "Id": 173968
    },
    {
      "Message": "I use the standard sample identity.???",
      "PostedDate": "2014-02-28T21:56:20.69-08:00",
      "Id": 173969
    }
  ]
}