{
  "WorkItem": {
    "AffectedComponent": {
      "Name": "",
      "DisplayName": ""
    },
    "ClosedComment": "",
    "ClosedDate": "2014-01-20T11:52:44.11-08:00",
    "CommentCount": 1,
    "Custom": "",
    "Description": "The ValidateAsync method defined on in IIdentityValidator class is not virtual which makes it tough to extend classes that have already implemented the interface. For example, if we need to extend the functionality of the MinimumLengthValidator we need to implement the interface rather than the base class and re implement some of the functionality.",
    "LastUpdatedDate": "2017-11-28T00:28:51.59-08:00",
    "PlannedForRelease": "2.0.0-Beta1",
    "ReleaseVisibleToPublic": false,
    "Priority": {
      "Name": "Low",
      "Severity": 50,
      "Id": 1
    },
    "ProjectName": "aspnetidentity",
    "ReportedDate": "2014-01-02T14:52:20.433-08:00",
    "Status": {
      "Name": "Closed",
      "Id": 4
    },
    "ReasonClosed": {
      "Name": "Unassigned"
    },
    "Summary": "Make ValidateAsync property on IIdentityValidator virtual",
    "Type": {
      "Name": "Issue",
      "Id": 3
    },
    "VoteCount": 1,
    "Id": 1956
  },
  "FileAttachments": [],
  "Comments": [
    {
      "Message": "Verified build 485 and the ValidateAsync in the following classes is made virtual\r\n\r\n- RoleValidator- UserValidator- MinimumLengthValidator",
      "PostedDate": "2014-01-20T11:52:20.557-08:00",
      "Id": 173896
    }
  ]
}