{
  "WorkItem": {
    "AffectedComponent": {
      "Name": "",
      "DisplayName": ""
    },
    "ClosedComment": "Identity 2.0 is no longer under primary development. No new features will be added, only bugs will be considered.\n\nIf [Identity 3.0](https://github.com/aspnet/Identity/) does not have the feature you require then feel free to log a bug there.",
    "ClosedDate": "2016-03-02T09:50:52.18-08:00",
    "CommentCount": 0,
    "Custom": null,
    "Description": "The SecurityStampValidator is not configurable to use a different security stamp claim type, it requires this: \r\n\r\nConstants.DefaultSecurityStampClaimType \r\n\r\nHowever, the ClaimsIdentityFactory allows configuring this claim type. If we want to use a custom claim type for this, that means we'd have to create our own SecurityStampValidator with the custom claim type. It should be possible to add an overload to SecurityStampValidator.OnValidateIdentity to specify a custom security stamp claim type.",
    "LastUpdatedDate": "2016-03-02T09:50:52.18-08:00",
    "PlannedForRelease": "",
    "ReleaseVisibleToPublic": false,
    "Priority": {
      "Name": "Unassigned",
      "Severity": 0,
      "Id": 0
    },
    "ProjectName": "aspnetidentity",
    "ReportedDate": "2016-02-04T00:46:27.13-08:00",
    "Status": {
      "Name": "Closed",
      "Id": 4
    },
    "ReasonClosed": {
      "Name": "By Design"
    },
    "Summary": "SecurityStampValidator has the security stamp claim type hard coded",
    "Type": {
      "Name": "Unassigned",
      "Id": 5
    },
    "VoteCount": 1,
    "Id": 2547
  },
  "FileAttachments": [],
  "Comments": []
}