{
  "WorkItem": {
    "AffectedComponent": {
      "Name": "",
      "DisplayName": ""
    },
    "ClosedComment": "As of build  506 the dependency of the Identity package is changed to 6.1.0-beta",
    "ClosedDate": "2014-02-04T10:28:01.463-08:00",
    "CommentCount": 0,
    "Custom": "",
    "Description": "Once the EF team updates the builds to generate 6.1.0-beta1 packages the nuspec dependencies for Identity packages should be updated to take a dependency on them",
    "LastUpdatedDate": "2014-02-04T10:28:01.463-08:00",
    "PlannedForRelease": "2.0.0-Beta1",
    "ReleaseVisibleToPublic": false,
    "Priority": {
      "Name": "Medium",
      "Severity": 100,
      "Id": 2
    },
    "ProjectName": "aspnetidentity",
    "ReportedDate": "2014-01-22T11:54:01.877-08:00",
    "Status": {
      "Name": "Closed",
      "Id": 4
    },
    "ReasonClosed": {
      "Name": "Unassigned"
    },
    "Summary": "Update package nupsec file to have dependency on EF 6.1.0-beta1",
    "Type": {
      "Name": "Task",
      "Id": 2
    },
    "VoteCount": 1,
    "Id": 1982
  },
  "FileAttachments": [],
  "Comments": []
}