{
  "WorkItem": {
    "AffectedComponent": {
      "Name": "",
      "DisplayName": ""
    },
    "ClosedComment": "done",
    "ClosedDate": "2014-02-12T15:14:28.553-08:00",
    "CommentCount": 0,
    "Custom": "",
    "Description": "Change the  package version from 1.0 to 2.0 since the changes in schema require a schema update. Developers who migrate from 1.0 to 2.0 might be broken if they have customized the schema so we should rev the major version of the package as per SemVer",
    "LastUpdatedDate": "2014-02-12T15:14:28.553-08:00",
    "PlannedForRelease": "2.0.0",
    "ReleaseVisibleToPublic": true,
    "Priority": {
      "Name": "Unassigned",
      "Severity": 0,
      "Id": 0
    },
    "ProjectName": "aspnetidentity",
    "ReportedDate": "2013-12-09T18:10:14.99-08:00",
    "Status": {
      "Name": "Closed",
      "Id": 4
    },
    "ReasonClosed": {
      "Name": "Unassigned"
    },
    "Summary": "Change the package version to 2.0.0-alpha1",
    "Type": {
      "Name": "Issue",
      "Id": 3
    },
    "VoteCount": 1,
    "Id": 1939
  },
  "FileAttachments": [],
  "Comments": []
}