{
  "WorkItem": {
    "AffectedComponent": {
      "Name": "",
      "DisplayName": ""
    },
    "ClosedComment": "",
    "ClosedDate": null,
    "CommentCount": 0,
    "Custom": "",
    "Description": "This article shows you how to mock with EF6.1, which I have working, except with the 'Find' method (which always returns null when testing with a mock).   Working with the 'Find' method is not addressed here:\nhttp://msdn.microsoft.com/en-us/data/dn314429\n\nThis article shows you how to get 'Find' working with a test double but that scenario doesn't apply to mocking:\nhttp://msdn.microsoft.com/en-us/data/dn314431.aspx\n\nSee a fuller write-up on the question here:\nhttp://stackoverflow.com/questions/23554902/find-method-not-working-with-ef6-1-mock\n\nDoes 'Find' work with a Mock indicating there is something wrong with my code?\n\nIf it doesn't work with the scenario presented in the mocking article is there  away to get it to work?\n\nIf so what would you please provide a code sample?\n\nSome clarity on this question from the Identity team would be appreciated.\n\nThank you,\n\nJoe",
    "LastUpdatedDate": "2017-11-28T00:28:50.783-08:00",
    "PlannedForRelease": "2.1",
    "ReleaseVisibleToPublic": true,
    "Priority": {
      "Name": "Unassigned",
      "Severity": 0,
      "Id": 0
    },
    "ProjectName": "aspnetidentity",
    "ReportedDate": "2014-05-09T19:12:52.01-07:00",
    "Status": {
      "Name": "Proposed",
      "Id": 1
    },
    "ReasonClosed": {
      "Name": "Unassigned"
    },
    "Summary": "How do you Mock Find method with EF6.1?",
    "Type": {
      "Name": "Unassigned",
      "Id": 5
    },
    "VoteCount": 3,
    "Id": 2210
  },
  "FileAttachments": [],
  "Comments": []
}