{
  "WorkItem": {
    "AffectedComponent": {
      "Name": "",
      "DisplayName": ""
    },
    "ClosedComment": "We will consider this in the next major release.",
    "ClosedDate": "2014-10-13T14:41:38.557-07:00",
    "CommentCount": 0,
    "Custom": "",
    "Description": "Hi,\nCurrently we are prevented from using the provided SignInManager with custom user stores that implement partial functionality.\nIf the SignInManager would respect the \"Supports\" properties in the UserManager before validating each feature there would be no need to reimplement the SignInManager.",
    "LastUpdatedDate": "2014-10-13T14:41:38.557-07:00",
    "PlannedForRelease": "",
    "ReleaseVisibleToPublic": false,
    "Priority": {
      "Name": "Unassigned",
      "Severity": 0,
      "Id": 0
    },
    "ProjectName": "aspnetidentity",
    "ReportedDate": "2014-09-23T03:03:53.243-07:00",
    "Status": {
      "Name": "Closed",
      "Id": 4
    },
    "ReasonClosed": {
      "Name": "Unassigned"
    },
    "Summary": "SignInManager doesn't honor feature support",
    "Type": {
      "Name": "Unassigned",
      "Id": 5
    },
    "VoteCount": 2,
    "Id": 2411
  },
  "FileAttachments": [],
  "Comments": []
}