{
  "WorkItem": {
    "AffectedComponent": {
      "Name": "",
      "DisplayName": ""
    },
    "ClosedComment": "We will consider this for vNext",
    "ClosedDate": "2014-08-06T14:49:55.787-07:00",
    "CommentCount": 0,
    "Custom": "",
    "Description": "Add timestamp for CreationDate to [AspNetUsers] table. That way a malicious user creating millions of accounts that are never confirmed can be easily deleted.\n\nOnce you add this field, I can write a sample showing how to delete unconfirmed accounts more than N days old using QueueBackgroundWorkItem \n\nSee http://stackoverflow.com/questions/23323314/how-does-asp-net-identity-2-0-handle-the-scenario-where-some-hacker-creates-thou/23349182#23349182",
    "LastUpdatedDate": "2014-08-06T14:49:55.787-07:00",
    "PlannedForRelease": "",
    "ReleaseVisibleToPublic": false,
    "Priority": {
      "Name": "Unassigned",
      "Severity": 0,
      "Id": 0
    },
    "ProjectName": "aspnetidentity",
    "ReportedDate": "2014-06-13T13:59:13.62-07:00",
    "Status": {
      "Name": "Closed",
      "Id": 4
    },
    "ReasonClosed": {
      "Name": "Unassigned"
    },
    "Summary": "Cleanup unconfirmed user accounts",
    "Type": {
      "Name": "Unassigned",
      "Id": 5
    },
    "VoteCount": 2,
    "Id": 2275
  },
  "FileAttachments": [],
  "Comments": []
}