{
  "WorkItem": {
    "AffectedComponent": {
      "Name": "",
      "DisplayName": ""
    },
    "ClosedComment": "",
    "ClosedDate": "2014-08-25T14:37:31.75-07:00",
    "CommentCount": 2,
    "Custom": "",
    "Description": "Extension methods should take in TKey to make it easier for the users who are changing the PK from string to a different type.",
    "LastUpdatedDate": "2014-08-25T14:37:31.75-07:00",
    "PlannedForRelease": "Future",
    "ReleaseVisibleToPublic": false,
    "Priority": {
      "Name": "Unassigned",
      "Severity": 0,
      "Id": 0
    },
    "ProjectName": "aspnetidentity",
    "ReportedDate": "2014-03-27T16:21:57.777-07:00",
    "Status": {
      "Name": "Closed",
      "Id": 4
    },
    "ReasonClosed": {
      "Name": "Unassigned"
    },
    "Summary": "Extension methods should take TKey",
    "Type": {
      "Name": "Unassigned",
      "Id": 5
    },
    "VoteCount": 3,
    "Id": 2128
  },
  "FileAttachments": [],
  "Comments": [
    {
      "Message": "@pranav:\r\n\r\nWill MS provide a full samples package that using INTEGER-based key (int, long, etc.) instead of GUID-based key?",
      "PostedDate": "2014-03-28T03:25:44.513-07:00",
      "Id": 174051
    },
    {
      "Message": "Please look at this sample https://aspnet.codeplex.com/SourceControl/latest#Samples/Identity/ChangePK/readme.txt",
      "PostedDate": "2014-04-30T17:53:36.367-07:00",
      "Id": 174052
    }
  ]
}