{
  "WorkItem": {
    "AffectedComponent": {
      "Name": "",
      "DisplayName": ""
    },
    "ClosedComment": "This is a not a bug. Please ask explanatory questions on Stack Overflow.",
    "ClosedDate": "2015-06-03T14:41:53.49-07:00",
    "CommentCount": 1,
    "Custom": null,
    "Description": "I'm having difficulty understanding the process of this method, mainly the last 2 lines.\r\n\r\n```\r\npublic virtual async Task<IdentityResult> ConfirmEmailAsync(TKey userId, string token)\r\n        {\r\n            ThrowIfDisposed();\r\n            var store = GetEmailStore();\r\n            var user = await FindByIdAsync(userId).WithCurrentCulture();\r\n            if (user == null)\r\n            {\r\n                throw new InvalidOperationException(String.Format(CultureInfo.CurrentCulture, Resources.UserIdNotFound,\r\n                    userId));\r\n            }\r\n            if (!await VerifyUserTokenAsync(userId, \"Confirmation\", token).WithCurrentCulture())\r\n            {\r\n                return IdentityResult.Failed(Resources.InvalidToken);\r\n            }\r\n            await store.SetEmailConfirmedAsync(user, true).WithCurrentCulture();\r\n            return await UpdateAsync(user).WithCurrentCulture();\r\n        }\r\n```\r\n\r\nAs you can see it calls store.SetEmailConfirmedAsync which I have written logic to set the email confirmed flag but then it makes a call to UpdateAsync which overwrites my emailconfirmed flag.\r\n\r\nI've checked version 3 of the source on github and can see the logic has changed...\r\n\r\n```\r\npublic virtual async Task<IdentityResult> ConfirmEmailAsync(TUser user, string token)\r\n        {\r\n            ThrowIfDisposed();\r\n            var store = GetEmailStore();\r\n            if (user == null)\r\n            {\r\n                throw new ArgumentNullException(\"user\");\r\n            }\r\n\r\n            using (await BeginLoggingScopeAsync(user))\r\n            {\r\n                if (!await VerifyUserTokenAsync(user, Options.EmailConfirmationTokenProvider, \"Confirmation\", token))\r\n                {\r\n                    return Logger.Log(IdentityResult.Failed(ErrorDescriber.InvalidToken()));\r\n                }\r\n                await store.SetEmailConfirmedAsync(user, true, CancellationToken);\r\n                return Logger.Log(await UpdateUserAsync(user));\r\n            }\r\n        }\r\n```\r\n\r\nAre there any plans to update this version of identity or fix this issue? As a workaround I've overridden the ConfirmEmailAsync and removed the call to UpdateAsync.",
    "LastUpdatedDate": "2015-06-03T14:41:53.49-07:00",
    "PlannedForRelease": "",
    "ReleaseVisibleToPublic": false,
    "Priority": {
      "Name": "Unassigned",
      "Severity": 0,
      "Id": 0
    },
    "ProjectName": "aspnetidentity",
    "ReportedDate": "2015-04-10T23:48:14.35-07:00",
    "Status": {
      "Name": "Closed",
      "Id": 4
    },
    "ReasonClosed": {
      "Name": "Won't Fix"
    },
    "Summary": "ConfirmEmailAsync",
    "Type": {
      "Name": "Unassigned",
      "Id": 5
    },
    "VoteCount": 1,
    "Id": 2521
  },
  "FileAttachments": [],
  "Comments": [
    {
      "Message": "The UpdateUserAsync in 3.0 does the same operation as UpdateAsync in 2.0. What do you have in the custom implementation of store.SetEmailConfirmedAsync ?",
      "PostedDate": "2015-04-12T12:18:50.003-07:00",
      "Id": 181970
    }
  ]
}