{
  "WorkItem": {
    "AffectedComponent": {
      "Name": "",
      "DisplayName": ""
    },
    "ClosedComment": "In the new flow, the user selects the two factor auth during login and not on the Manage page. Hence removing a phone number should be reflected in the choices when the user logs next time",
    "ClosedDate": "2014-01-20T11:59:45.76-08:00",
    "CommentCount": 0,
    "Custom": "",
    "Description": "In the samples package, if the phone number associated with the user is removed, the two factor auth is not reset to none or emailcode if initially the auth is chosen as phonecode\n\nRepro:\n1. In the samples app, create a local user\n2. Register a phone number and verify it\n3. Choose 'Phonecode' as Two factor auth\n4. Log off and login user using 2 factor auth.\n5. Remove the phone number associated with the user. \n\nExpected: The 2 factor auth is reset to none or email\n\nActual: It is still kept as phonecode. Once logged out, the user cannot login since they'll see a YSOD when entering the PIN associated with the phone\n\nWe can improve the experience by notifying the user that the 2 factor auth will be reset when they delete the phone number",
    "LastUpdatedDate": "2017-11-28T00:28:51.59-08:00",
    "PlannedForRelease": "",
    "ReleaseVisibleToPublic": false,
    "Priority": {
      "Name": "Low",
      "Severity": 50,
      "Id": 1
    },
    "ProjectName": "aspnetidentity",
    "ReportedDate": "2014-01-07T12:17:45.87-08:00",
    "Status": {
      "Name": "Closed",
      "Id": 4
    },
    "ReasonClosed": {
      "Name": "Unassigned"
    },
    "Summary": "[Samples package] Removing phone number needs to reset the chosen Two factor auth",
    "Type": {
      "Name": "Issue",
      "Id": 3
    },
    "VoteCount": 1,
    "Id": 1960
  },
  "FileAttachments": [],
  "Comments": []
}