{
  "WorkItem": {
    "AffectedComponent": {
      "Name": "",
      "DisplayName": ""
    },
    "ClosedComment": "",
    "ClosedDate": null,
    "CommentCount": 1,
    "Custom": null,
    "Description": "__Background__\r\nIPasswordHasher.VerifyHashedPassword returns one of three values: Success, SuccessRehashNeeded, Failed.\r\n\r\nSuccessRehashNeeded is used to indicate \"the password was successfully verified, but needs to be rehashed\". This is an important security feature, allowing password hashing to be upgraded over time. Without this feature, passwords may be permanently stuck in legacy & insecure formats.\r\n\r\nNote that the Membership To Identity migration guide posted by Microsoft supplies a custom password hasher that supports Membership passwords and returns SuccessRehashNeeded to achieve rehashing.\r\n\r\n__Problem__\r\nIn Identity 2.0, SuccessRehashNeeded is ignored and just treated as Success - the password is never rehashed.\r\nIn Identity 3.0, this has been fixed - when checking a password, SuccessRehashNeeded triggers a rehash.\r\n\r\n__Request__\r\nPlease back-port this fix to Identity 2.0 - the fix itself is trivial. With access to the privates of UserManager, it could be done with very minimal work.\r\n\r\nIt can be patched by consumers, by inheriting from UserManager and overriding CheckPassword plus various pieces of infrastructure - but it would be far preferable to have it be patched properly.\r\n\r\nThanks!",
    "LastUpdatedDate": "2016-04-13T14:17:36.427-07:00",
    "PlannedForRelease": "",
    "ReleaseVisibleToPublic": false,
    "Priority": {
      "Name": "Unassigned",
      "Severity": 0,
      "Id": 0
    },
    "ProjectName": "aspnetidentity",
    "ReportedDate": "2016-04-11T00:30:46.893-07:00",
    "Status": {
      "Name": "Proposed",
      "Id": 1
    },
    "ReasonClosed": {
      "Name": "Unassigned"
    },
    "Summary": "PasswordHasher SuccessRehashNeeded ignored",
    "Type": {
      "Name": "Unassigned",
      "Id": 5
    },
    "VoteCount": 1,
    "Id": 2550
  },
  "FileAttachments": [],
  "Comments": [
    {
      "Message": "It was designed as future proofing, and indeed we implemented it in 3.0.\n\nWe'll revisit this once ASP.NET Core is shipped.",
      "PostedDate": "2016-04-13T14:17:36.427-07:00",
      "Id": 198582
    }
  ]
}