{
  "WorkItem": {
    "AffectedComponent": {
      "Name": "",
      "DisplayName": ""
    },
    "ClosedComment": "This is a breaking change for Identity 2.x which we cannot do. This is fixed in Identity 3.0",
    "ClosedDate": "2015-06-03T14:36:09.65-07:00",
    "CommentCount": 0,
    "Custom": null,
    "Description": "By hard coding the default connection string name to \"DefaultConnection\", IdentityDbContext introduces an opaque, proprietary and confusing interpretation of the standard EF DbContext constructor behaviour.\r\n\r\nI suggest to amend the IdentityDbContext default constructors to call the DbContext default constructor.\r\n\r\nThis would re-install common, transparent and predictable behaviour of the default constructor.",
    "LastUpdatedDate": "2015-06-03T14:36:09.65-07:00",
    "PlannedForRelease": "",
    "ReleaseVisibleToPublic": false,
    "Priority": {
      "Name": "Unassigned",
      "Severity": 0,
      "Id": 0
    },
    "ProjectName": "aspnetidentity",
    "ReportedDate": "2015-04-27T06:40:44.437-07:00",
    "Status": {
      "Name": "Closed",
      "Id": 4
    },
    "ReasonClosed": {
      "Name": "By Design"
    },
    "Summary": "IdentityDbContext should not use \"DefaultConnection\" name",
    "Type": {
      "Name": "Unassigned",
      "Id": 5
    },
    "VoteCount": 1,
    "Id": 2527
  },
  "FileAttachments": [],
  "Comments": []
}