{
  "WorkItem": {
    "AffectedComponent": {
      "Name": "",
      "DisplayName": ""
    },
    "ClosedComment": "Verified with build 447. Setting lazy loading false does not cause issues with the APIs mentioned above. the [Authorize] attribute works as expected.",
    "ClosedDate": "2013-12-18T16:45:26.447-08:00",
    "CommentCount": 1,
    "Custom": "",
    "Description": "Link to original bug on [stackoverflow](http://stackoverflow.com/questions/20428405/why-isnt-authorizeroles-admin-working-in-mvc-5-rtm-with-asp-net-identit)\n\nWhen lazy loading is disabled on the IdentityDbContext, the role information for the user is not loaded and hence the [Authorize] attribute behavior will not be as intended. We need to look into other scenarios that might be affected when lazy loading is disabled\n\nNote: We should investigate any other places in which we rely on lazy loading, e.g. by running tests with lazy loading turned off and inspecting the code. A couple of examples mentioned by a customer are USerStore<T>.GetClaimsAsync and UserManager.CreateIdentityAsync.",
    "LastUpdatedDate": "2013-12-18T16:45:26.447-08:00",
    "PlannedForRelease": "",
    "ReleaseVisibleToPublic": false,
    "Priority": {
      "Name": "High",
      "Severity": 150,
      "Id": 3
    },
    "ProjectName": "aspnetidentity",
    "ReportedDate": "2013-12-09T20:56:10.85-08:00",
    "Status": {
      "Name": "Closed",
      "Id": 4
    },
    "ReasonClosed": {
      "Name": "Unassigned"
    },
    "Summary": "[Authorize(Roles=\"Foo\")] not not recognized when lazy loading is disabled on the DBContext",
    "Type": {
      "Name": "Unassigned",
      "Id": 5
    },
    "VoteCount": 1,
    "Id": 1940
  },
  "FileAttachments": [],
  "Comments": [
    {
      "Message": "Fixed in 2.0-alpha1",
      "PostedDate": "2013-12-16T15:18:12.757-08:00",
      "Id": 173879
    }
  ]
}