{
  "WorkItem": {
    "AffectedComponent": {
      "Name": "",
      "DisplayName": ""
    },
    "ClosedComment": "UserTokenProvider uses OWIN and hence the coupling with OWIN. You do not have to use CreatePerOwinContext in non Web Apps.",
    "ClosedDate": "2014-07-23T14:27:46.827-07:00",
    "CommentCount": 1,
    "Custom": "",
    "Description": "I need to initialize ApplicationUserManager outside the ConfigureAuth method, decoupled from OWIN pipeline. And i found it impossible due to the tight coupling in the AplicationUserManager construction code. I believe there are code defects or architecture problems.\n\nHere is the OWIN pipeline builder code from public void ConfigureAuth(IAppBuilder app):\n```\n// Configure the db context, user manager and role manager to use a single instance per request\napp.CreatePerOwinContext(ApplicationDbContext.Create);\napp.CreatePerOwinContext<ApplicationUserManager>(ApplicationUserManager.Create);\napp.CreatePerOwinContext<ApplicationRoleManager>(ApplicationRoleManager.Create);\n```\n\nAnd i find this code extremely obscure and with dependency issues.\n\nThe method signature for CreatePerOwinContext<ApplicationRoleManager> has reasonable callback:\n```\npublic static IAppBuilder CreatePerOwinContext<T>(this IAppBuilder app, Func<T> createCallback)\n```\n\nHowever the method signatures for CreatePerOwinContext<ApplicationUserManager> has obscure parameters, that are filled in the `external code` with values not accessible anywhere else. \n```\npublic static IAppBuilder CreatePerOwinContext<T>(this IAppBuilder app, Func<Microsoft.AspNet.Identity.Owin.IdentityFactoryOptions<T>, Microsoft.Owin.IOwinContext, T> createCallback)\n```\n\nThe values of IdentityFactoryOptions needed for ApplicationUserManager initialization are not attainable anywhere else later during pipeline execution, making it is impossible to correctly instantiate the ApplicationUserManager.\n\nHere is the tightly coupled part of ApplicationUserManager.Create method\n```\nvar dataProtectionProvider = options.DataProtectionProvider;\nif (dataProtectionProvider != null)\n{\n    manager.UserTokenProvider = new DataProtectorTokenProvider<ApplicationUser>(dataProtectionProvider.Create(\"ASP.NET Identity\"));\n}\n```\n\nHere another person has the same issue with ApplicationUserManager.\nhttps://aspnetidentity.codeplex.com/discussions/544637\n\nI advise you review and fix this dependency issue.",
    "LastUpdatedDate": "2014-07-23T14:27:46.827-07:00",
    "PlannedForRelease": "",
    "ReleaseVisibleToPublic": false,
    "Priority": {
      "Name": "Unassigned",
      "Severity": 0,
      "Id": 0
    },
    "ProjectName": "aspnetidentity",
    "ReportedDate": "2014-06-30T12:35:53.863-07:00",
    "Status": {
      "Name": "Closed",
      "Id": 4
    },
    "ReasonClosed": {
      "Name": "Unassigned"
    },
    "Summary": "ApplicationUserManager.Create dependency issue",
    "Type": {
      "Name": "Unassigned",
      "Id": 5
    },
    "VoteCount": 4,
    "Id": 2297
  },
  "FileAttachments": [],
  "Comments": [
    {
      "Message": "I agree this is an architectural mess and should probably be tidied up. \r\n\r\nIt is easier to work with once you look inside the code, but it took me a while to do that. You don't actually need to worry about the `options` parameter too much. The `options.DataProtectionProvider` is a single instance provider (per OWIN application) of a `DpapiDataProtectionProvider` which is available from `app.GetDataProtectionProvider` in `Startup`, so you can get access to it later if you need to.\r\n\r\nIf you are using an IoC framework it gets even easier. I have detailed my steps in the discussion [Re: ApplicationUserManager.Create dependency issue (issue 2297)](https://aspnetidentity.codeplex.com/discussions/550953)",
      "PostedDate": "2014-07-08T10:28:29.543-07:00",
      "Id": 174199
    }
  ]
}