{
  "WorkItem": {
    "AffectedComponent": {
      "Name": "",
      "DisplayName": ""
    },
    "ClosedComment": "Fixed in 2.2-alpha1. We have a specific check to throw at app start",
    "ClosedDate": "2014-09-15T14:13:44.16-07:00",
    "CommentCount": 0,
    "Custom": "",
    "Description": "The following method of the class __SecurityStampValidator__ throws a __NullReferenceException__ if you set the value null to the parameter \"__getUserIdCallback__\".\n```\npublic static Func<CookieValidateIdentityContext, Task> OnValidateIdentity<TManager, TUser, TKey>(TimeSpan validateInterval, Func<TManager, TUser, Task<ClaimsIdentity>> regenerateIdentityCallback, Func<ClaimsIdentity, TKey> getUserIdCallback) where TManager: UserManager<TUser, TKey> where TUser: class, IUser<TKey> where TKey: IEquatable<TKey>\n```\n\nIt seems that it does not check whether its value is null or not before using it.\n\nI am using this method because I have TKey = Guid.\n\nYou can reproduce the error putting the following code into Start.Auth.cs file, where you configure the Authentication settings:\n\n```\napp.UseCookieAuthentication(new CookieAuthenticationOptions\n{\n    AuthenticationType = DefaultAuthenticationTypes.ApplicationCookie,\n    LoginPath = new PathString(\"/Account/Login\"),\n    Provider = new CookieAuthenticationProvider\n    {\n        OnValidateIdentity = SecurityStampValidator.OnValidateIdentity<ApplicationUserManager, ApplicationUser, Guid>(\n            validateInterval: TimeSpan.FromMinutes(30),\n            regenerateIdentityCallback: (manager, user) => user.GenerateUserIdentityAsync(manager),\n            getUserIdCallback: null\n            )\n    }\n});\n```\n\nI understand that a null value for __getUserIdCallback__ parameter is not correct, but the exception is not managed and the reason of the NullReferenceException is not easy to understand.",
    "LastUpdatedDate": "2014-09-15T14:13:44.16-07:00",
    "PlannedForRelease": "2.2.0-alpha1",
    "ReleaseVisibleToPublic": true,
    "Priority": {
      "Name": "Unassigned",
      "Severity": 0,
      "Id": 0
    },
    "ProjectName": "aspnetidentity",
    "ReportedDate": "2014-06-23T18:05:50.013-07:00",
    "Status": {
      "Name": "Closed",
      "Id": 4
    },
    "ReasonClosed": {
      "Name": "Unassigned"
    },
    "Summary": "SecurityStampValidator throws NullReferenceException",
    "Type": {
      "Name": "Issue",
      "Id": 3
    },
    "VoteCount": 1,
    "Id": 2285
  },
  "FileAttachments": [],
  "Comments": []
}