{
  "WorkItem": {
    "AffectedComponent": {
      "Name": "",
      "DisplayName": ""
    },
    "ClosedComment": "",
    "ClosedDate": "2014-06-23T14:17:10.003-07:00",
    "CommentCount": 0,
    "Custom": "",
    "Description": ".Net 4.5.1\nMVC 5.1.2\nIdentity 2.0.1\n\nGreetings, \n\nI have found an issue with Identity where a user having been locked out / disabled (by setting LockoutEndDateUTC to a future date and LockoutEnabled to true) can still login if they have an Auth cookie from a previous session.\n\nI'm using this method as a means to disable users as I can't delete them for ref integrity.\n\nThanks,\nMike",
    "LastUpdatedDate": "2014-06-23T14:17:10.003-07:00",
    "PlannedForRelease": "",
    "ReleaseVisibleToPublic": false,
    "Priority": {
      "Name": "Unassigned",
      "Severity": 0,
      "Id": 0
    },
    "ProjectName": "aspnetidentity",
    "ReportedDate": "2014-06-11T11:56:06.237-07:00",
    "Status": {
      "Name": "Closed",
      "Id": 4
    },
    "ReasonClosed": {
      "Name": "Unassigned"
    },
    "Summary": "Locked Out users can still login if they have Auth Cookie",
    "Type": {
      "Name": "Unassigned",
      "Id": 5
    },
    "VoteCount": 1,
    "Id": 2269
  },
  "FileAttachments": [],
  "Comments": []
}