{
  "WorkItem": {
    "AffectedComponent": {
      "Name": "",
      "DisplayName": ""
    },
    "ClosedComment": "This should be fixed with the latest perf changes in 2.2-alpha1. Reopen if you still this can be improved with observations",
    "ClosedDate": "2014-09-15T13:51:42.543-07:00",
    "CommentCount": 0,
    "Custom": "",
    "Description": "This was a Connect bug that I am porting the CodePlex site. Following are the details\nRepro Steps: \ninvestigate the issue. \n\n1) use Asp.net identity \n2) reset a password (var result = await UserManager.ChangePasswordAsync(userId, oldPassword, newPassword);) \n3) look at the SQL being executed on the webserver \nspecifically my concern is that two very heavy queries are being run for likely no good reason. On a fairly large site, this is enough to be 60% of my total database traffic from a small number of users changing their passwords \nthanks \naaron \nActual Results: \n\nExpected Results: \nProblem Description: \nI am using ASP.net Identity 2.0 with a user id of an integer. Performing a password update is an incredibly expensive database operation with 2 (unneeded) queries both averaging 128,407 db time units, or about a 7 in the query plan, based on the amount of data I have. \nCode I am calling (either async or sync are the same) \nvar result = await UserManager.ChangePasswordAsync(userId, oldPassword, newPassword); \n// or \nvar result = UserManager.ChangePassword(userId, oldPassword, newPassword); \nIn the database this causes two large sql calls which contain in their guts \nAspNetUserRoles ... WHERE ((UPPER([Extent1].[Email])) = (UPPER(@p__linq__0))) ... \nquery 2: \nAspNetUserRoles ... WHERE ((UPPER([Extent1].[UserName])) = (UPPER(@p__linq__0))) ... \n\nFrom my perspective it seems like these two expensive calls could be ignored a lookup by the int ID is fast, and the sql it is calling is looking up role data. \nusing \"Upper\" is probably what makes it slow, and if there is no other better solution I can add a computed index (System.Web.Providers.DefaultMembershipProvider having performance issues/deadlocks) \nAt a high level my question is - is there a work around for this, or can someone from the Identity team fix the code (if it is indeed broken). \n\nAlso posted at stack overflow: http://stackoverflow.com/questions/22942439/asp-net-identity-changepassword-is-inefficient",
    "LastUpdatedDate": "2014-09-15T13:51:42.543-07:00",
    "PlannedForRelease": "2.2.0-alpha1",
    "ReleaseVisibleToPublic": true,
    "Priority": {
      "Name": "Unassigned",
      "Severity": 0,
      "Id": 0
    },
    "ProjectName": "aspnetidentity",
    "ReportedDate": "2014-06-17T17:41:37.367-07:00",
    "Status": {
      "Name": "Closed",
      "Id": 4
    },
    "ReasonClosed": {
      "Name": "Unassigned"
    },
    "Summary": "ASP.net Identity ChangePassword is inefficient on the database",
    "Type": {
      "Name": "Unassigned",
      "Id": 5
    },
    "VoteCount": 3,
    "Id": 2278
  },
  "FileAttachments": [],
  "Comments": []
}