{
  "WorkItem": {
    "AffectedComponent": {
      "Name": "",
      "DisplayName": ""
    },
    "ClosedComment": "fixed for 2.1.0",
    "ClosedDate": "2014-06-11T15:33:49.923-07:00",
    "CommentCount": 1,
    "Custom": "",
    "Description": "The method should check if the email is confirmed to return if the provider is valid for the user. Right now it only checks if the email is not null",
    "LastUpdatedDate": "2014-06-11T15:33:49.923-07:00",
    "PlannedForRelease": "2.1",
    "ReleaseVisibleToPublic": true,
    "Priority": {
      "Name": "Medium",
      "Severity": 100,
      "Id": 2
    },
    "ProjectName": "aspnetidentity",
    "ReportedDate": "2014-05-30T13:44:41.25-07:00",
    "Status": {
      "Name": "Closed",
      "Id": 4
    },
    "ReasonClosed": {
      "Name": "Unassigned"
    },
    "Summary": "EmailTokenProvider.IsValidProviderForUserAsync should check if email is confirmed",
    "Type": {
      "Name": "Issue",
      "Id": 3
    },
    "VoteCount": 1,
    "Id": 2250
  },
  "FileAttachments": [],
  "Comments": [
    {
      "Message": "\n\n** Closed by raspranav 6/10/2014 2:58 PM",
      "PostedDate": "2014-06-10T14:58:54.593-07:00",
      "Id": 174171
    }
  ]
}