{
  "WorkItem": {
    "AffectedComponent": {
      "Name": "",
      "DisplayName": ""
    },
    "ClosedComment": "The symbols are published on http://srv.symbolsource.org/pdb/MyGet. The instructions to enable that can be looked up at https://aspnetwebstack.codeplex.com/wikipage?title=Use%20Nightly%20Builds. There will be a separate page on the codeplex site shortly",
    "ClosedDate": "2014-01-29T12:31:41.407-08:00",
    "CommentCount": 0,
    "Custom": "",
    "Description": "To help user step into Identity code during debugging",
    "LastUpdatedDate": "2014-01-29T12:31:41.407-08:00",
    "PlannedForRelease": "2.0.0-Beta1",
    "ReleaseVisibleToPublic": false,
    "Priority": {
      "Name": "Unassigned",
      "Severity": 0,
      "Id": 0
    },
    "ProjectName": "aspnetidentity",
    "ReportedDate": "2014-01-15T17:53:09.11-08:00",
    "Status": {
      "Name": "Closed",
      "Id": 4
    },
    "ReasonClosed": {
      "Name": "Unassigned"
    },
    "Summary": "Include pdb files in Identity packages",
    "Type": {
      "Name": "Unassigned",
      "Id": 5
    },
    "VoteCount": 1,
    "Id": 1973
  },
  "FileAttachments": [],
  "Comments": []
}