{
  "WorkItem": {
    "AffectedComponent": {
      "Name": "",
      "DisplayName": ""
    },
    "ClosedComment": "Sorry we don't accept personalized versions from users",
    "ClosedDate": "2014-08-25T14:18:26.99-07:00",
    "CommentCount": 1,
    "Custom": "",
    "Description": "Could I contribute to create a localized version of ASP.Net Identity in Persian?",
    "LastUpdatedDate": "2014-08-25T14:18:26.99-07:00",
    "PlannedForRelease": "",
    "ReleaseVisibleToPublic": false,
    "Priority": {
      "Name": "Unassigned",
      "Severity": 0,
      "Id": 0
    },
    "ProjectName": "aspnetidentity",
    "ReportedDate": "2014-05-06T10:55:05.85-07:00",
    "Status": {
      "Name": "Closed",
      "Id": 4
    },
    "ReasonClosed": {
      "Name": "Unassigned"
    },
    "Summary": "Localization package for Persian?",
    "Type": {
      "Name": "Unassigned",
      "Id": 5
    },
    "VoteCount": 4,
    "Id": 2197
  },
  "FileAttachments": [],
  "Comments": [
    {
      "Message": "Yeah, I have the same problem with the above post. Could anyone give me any advice, please?Thank you so much!",
      "PostedDate": "2014-06-04T02:36:55.037-07:00",
      "Id": 174150
    }
  ]
}