{
  "WorkItem": {
    "AffectedComponent": {
      "Name": "",
      "DisplayName": ""
    },
    "ClosedComment": "The samples can be found here \nhttps://aspnet.codeplex.com/SourceControl/latest#Samples/Identity/. We'll have a blog post for Simple Membership",
    "ClosedDate": "2014-05-07T10:11:52.567-07:00",
    "CommentCount": 3,
    "Custom": "",
    "Description": "- Universal Providers\n- Simple Membership\n- Custom Providers",
    "LastUpdatedDate": "2014-05-07T10:11:52.567-07:00",
    "PlannedForRelease": "",
    "ReleaseVisibleToPublic": false,
    "Priority": {
      "Name": "Unassigned",
      "Severity": 0,
      "Id": 0
    },
    "ProjectName": "aspnetidentity",
    "ReportedDate": "2013-11-14T19:53:23.07-08:00",
    "Status": {
      "Name": "Closed",
      "Id": 4
    },
    "ReasonClosed": {
      "Name": "Unassigned"
    },
    "Summary": "Add migration doc",
    "Type": {
      "Name": "Task",
      "Id": 2
    },
    "VoteCount": 1,
    "Id": 1904
  },
  "FileAttachments": [],
  "Comments": [
    {
      "Message": "we need one for Simple Membership",
      "PostedDate": "2014-01-16T15:21:22.027-08:00",
      "Id": 173861
    },
    {
      "Message": "done already?",
      "PostedDate": "2014-04-14T15:59:31.03-07:00",
      "Id": 173862
    },
    {
      "Message": "we have a sample on codeplex but no article or blog post",
      "PostedDate": "2014-04-14T16:17:51.82-07:00",
      "Id": 173863
    }
  ]
}