{
  "WorkItem": {
    "AffectedComponent": {
      "Name": "",
      "DisplayName": ""
    },
    "ClosedComment": "",
    "ClosedDate": "2014-08-06T14:36:06.517-07:00",
    "CommentCount": 0,
    "Custom": "",
    "Description": "I created a project from an empty template. Then I opened the Package Manager console and typed: Install-Package Microsoft.AspNet.Identity.Samples -Pre\n\nThen I open the _layout view for example, all the HTML helpers have a red squiggly.\n\nI am running VS 2013.\n\nCan someone try to replicate this as well? Is this a bug in the Samples?",
    "LastUpdatedDate": "2014-08-06T14:36:06.517-07:00",
    "PlannedForRelease": "",
    "ReleaseVisibleToPublic": false,
    "Priority": {
      "Name": "Unassigned",
      "Severity": 0,
      "Id": 0
    },
    "ProjectName": "aspnetidentity",
    "ReportedDate": "2014-07-11T10:33:23.577-07:00",
    "Status": {
      "Name": "Closed",
      "Id": 4
    },
    "ReasonClosed": {
      "Name": "Unassigned"
    },
    "Summary": "Issue with Identity Samples possibly?",
    "Type": {
      "Name": "Unassigned",
      "Id": 5
    },
    "VoteCount": 1,
    "Id": 2316
  },
  "FileAttachments": [],
  "Comments": []
}