{
  "WorkItem": {
    "AffectedComponent": {
      "Name": "",
      "DisplayName": ""
    },
    "ClosedComment": "",
    "ClosedDate": "2015-07-29T14:43:31.407-07:00",
    "CommentCount": 4,
    "Custom": "",
    "Description": "May be providing a resolver just as is doing WebApi 2.\nDbContext should be Solved from a container, the same for UserManager<MyUser, TKey>, and all the OAuthAuthorizationServerOptions and AuthenticationTokenProvider(fmt).\nI have actually options, static handlers and lot of this in the startup code and it is not very nice to maintain.",
    "LastUpdatedDate": "2017-11-28T00:28:51.467-08:00",
    "PlannedForRelease": "Future",
    "ReleaseVisibleToPublic": false,
    "Priority": {
      "Name": "Unassigned",
      "Severity": 0,
      "Id": 0
    },
    "ProjectName": "aspnetidentity",
    "ReportedDate": "2014-01-27T15:01:25.487-08:00",
    "Status": {
      "Name": "Closed",
      "Id": 4
    },
    "ReasonClosed": {
      "Name": "Unassigned"
    },
    "Summary": "Identity should provide a way to use Ioc as autofac",
    "Type": {
      "Name": "Unassigned",
      "Id": 5
    },
    "VoteCount": 12,
    "Id": 1994
  },
  "FileAttachments": [],
  "Comments": [
    {
      "Message": "These lines are especially annoying when using autofac\r\n\r\n            app.CreatePerOwinContext(ConnectorDbContext.Create);            app.CreatePerOwinContext(MyUserManager.Create);            // Enable the application to use bearer tokens to authenticate users            app.UseOAuthBearerTokens(OAuthOptions);\r\n\r\nthe last one should be replaceable by a delegate.Further, there are ways to install an autofac solver in Owin, there should be a solution to synch it with asp.net identity in order to allow retreiving options from the solver and instanciating DBContexts and UserManager with correct lifescope installed in the general application autofac setup.",
      "PostedDate": "2014-02-06T02:40:06.46-08:00",
      "Id": 173935
    },
    {
      "Message": "I managed the workaround by using autofac service locator:\r\n\r\nexample: app.CreatePerOwinContext(() => DependencyResolver.Current.GetService());\r\n\r\nYes, it is not good enough, but in the mean time, we could use object same lifescope as declared in autofac registration process.",
      "PostedDate": "2014-07-25T00:55:24.93-07:00",
      "Id": 173936
    },
    {
      "Message": "I agree totally - poor man's DI used currently in ASP .NET Identity is a terrible choice. \nHaving both IOC container and CreatePerOwinContext() in a project seems very clumsy.\n\nUnfortunately configuring IOC to work with ASP .NET Identity is not easy, as SignInManager and UserManager require OwinContext instance which is not accesible in IOC configuration. I guess It can be retrieved from HttpContext.Current but using Current property is also bad in terms of testability.\nSo to sum up, ASP .NET Identity should make it easier to integrate with any IOC container available.",
      "PostedDate": "2015-03-05T00:45:10.823-08:00",
      "Id": 177022
    },
    {
      "Message": "I agree with the above things.\n\nJust to illustrate, here are some of the workarounds I've had to come up with. I've written several interfaces, reconstructing them from source, allowing me to inherit from the base classes and the interfaces. For example:\n\n```\npublic class UserManager : UserManager<User, int>, IUserManager<User, int>\n```\n\nI've done the same thing for the UserManager's dependencies that are of interest to me:\n\n```\npublic UserManager(IUserStore<User, int> store, IUserTokenProvider<User, int> userTokenProvider, IPasswordHasher passwordHasher)\n```\n\nAnd I've done the same thing for all the other classes in this library:\n\n```\n// this double registration is required for UserStore and RoleStore\ncontainer.RegisterType<AppDbContext>();\ncontainer.RegisterType<IAppDbContext, AppDbContext>();\ncontainer.RegisterType<DbContext, AppDbContext>();\n\ncontainer.RegisterType<IRoleStore<Role, int>, RoleStore>();\ncontainer.RegisterType<IRoleManager, RoleManager>();\n\ncontainer.RegisterType<IPasswordHasher, PasswordHasher>();\n\ncontainer.RegisterType<IUserTokenProvider<User, int>>(new InjectionFactory(c => OWINStartup.GetDataProtectorTokenProvider())); // durr\n\ncontainer.RegisterType<IUserStore<User, int>, UserStore>();\n\n// this double mapping is required for SignInManager\ncontainer.RegisterType<UserManager>();\ncontainer.RegisterType<IUserManager, UserManager>();\ncontainer.RegisterType<UserManager<User, int>, UserManager>();\n\ncontainer.RegisterType<IAuthenticationManager>(new InjectionFactory(c => HttpContext.Current.GetOwinContext().Authentication)); // derp\ncontainer.RegisterType<ISignInManager, SignInManager>();\n```\n\nNeedlessly to say this was quite a timesink and an unnecessary one too.\n\nAfter all that I can finally base most of my application off interfaces and do some decent unit testing.",
      "PostedDate": "2015-04-03T01:48:00.727-07:00",
      "Id": 181758
    }
  ]
}