{
  "WorkItem": {
    "AffectedComponent": {
      "Name": "",
      "DisplayName": ""
    },
    "ClosedComment": "You can encrypt the Id yourself in the app before sending it",
    "ClosedDate": "2014-08-06T14:44:57.8-07:00",
    "CommentCount": 0,
    "Custom": "",
    "Description": "When a new user is registered the Register method send an email with the callbackUrl containing the user.Id as parameter.\nShowing that \"sensitive\" information to the final user is unnecessary.\nPlease change the name of the parameter and encrypt that info and decrypt on the confirmationEmail action.\n\n```\n        [HttpPost]\n        [AllowAnonymous]\n        [ValidateAntiForgeryToken]\n        public async Task<ActionResult> Register(RegisterViewModel model)\n        {\n            if (ModelState.IsValid)\n            {\n                var user = new ApplicationUser { UserName = model.Email, Email = model.Email };\n                var result = await UserManager.CreateAsync(user, model.Password);\n                if (result.Succeeded)\n                {\n                    var code = await UserManager.GenerateEmailConfirmationTokenAsync(user.Id);\n                    //Encrypt Here.\n                    // var userEncrypted = user.Id;\n                    var callbackUrl = Url.Action(\"ConfirmEmail\", \"Account\", new { o = userEncrypted , code = code }, protocol: Request.Url.Scheme);\n                    await UserManager.SendEmailAsync(user.Id, \"Confirm your account\", \"Please confirm your account by clicking this link: <a href=\\\"\" + callbackUrl + \"\\\">link</a>\");\n                    ViewBag.Link = callbackUrl;\n                    return View(\"DisplayEmail\");\n                }\n                AddErrors(result);\n            }\n\n            // If we got this far, something failed, redisplay form\n            return View(model);\n        }\n```\n\n```\n        //\n        // GET: /Account/ConfirmEmail\n        [AllowAnonymous]\n        public async Task<ActionResult> ConfirmEmail(string o, string code)\n        {\n            if (o == null || code == null)\n            {\n                return View(\"Error\");\n            }\n            //Decrypt Here.\n            // var userId = o; \n            var result = await UserManager.ConfirmEmailAsync(userId, code);\n            return View(result.Succeeded ? \"ConfirmEmail\" : \"Error\");\n        }\n```",
    "LastUpdatedDate": "2014-08-06T14:44:57.8-07:00",
    "PlannedForRelease": "",
    "ReleaseVisibleToPublic": false,
    "Priority": {
      "Name": "Unassigned",
      "Severity": 0,
      "Id": 0
    },
    "ProjectName": "aspnetidentity",
    "ReportedDate": "2014-06-25T04:50:13.727-07:00",
    "Status": {
      "Name": "Closed",
      "Id": 4
    },
    "ReasonClosed": {
      "Name": "Unassigned"
    },
    "Summary": "Encrypt user.Id on Register",
    "Type": {
      "Name": "Unassigned",
      "Id": 5
    },
    "VoteCount": 1,
    "Id": 2288
  },
  "FileAttachments": [],
  "Comments": []
}