{
  "WorkItem": {
    "AffectedComponent": {
      "Name": "",
      "DisplayName": ""
    },
    "ClosedComment": "Closing this bug since there was no reply on this issue. Please reopen if it still is an issue.",
    "ClosedDate": "2015-01-08T15:18:54.857-08:00",
    "CommentCount": 5,
    "Custom": "",
    "Description": "I have a scenario where I have three distinct types of users. For example Supplier, Provider and Patient. They have their own specific attributes. Currently, I have one table each for these entities and manage the authentication and authorization. They all have to be in the same database, because we need to join/combine/query information based on user ids. \n\nNow, I am exploring to use ASP.NET Identity for our platform. From what I have gathered so far, this scenario is not possible.\n\nPlease do not tell me to solve this problem using \"ROLES\". We have explored that option and these user attributes and functions are so different. During the registration, we have to ask different pieces of information.",
    "LastUpdatedDate": "2015-01-08T15:18:54.857-08:00",
    "PlannedForRelease": "2.2.0-alpha1",
    "ReleaseVisibleToPublic": true,
    "Priority": {
      "Name": "Unassigned",
      "Severity": 0,
      "Id": 0
    },
    "ProjectName": "aspnetidentity",
    "ReportedDate": "2014-07-03T07:27:36.5-07:00",
    "Status": {
      "Name": "Closed",
      "Id": 4
    },
    "ReasonClosed": {
      "Name": "Unassigned"
    },
    "Summary": "Multiple sets (Users, Roles,Claims) in a single database",
    "Type": {
      "Name": "Unassigned",
      "Id": 5
    },
    "VoteCount": 2,
    "Id": 2302
  },
  "FileAttachments": [],
  "Comments": [
    {
      "Message": "You can extend the  Supplier, Provider and Patient from IdentityUser, but in OnModelCreating you can map them to different tables.\r\n\r\nExample\r\n\r\nvar supplier = modelBuilder.Entity()                .ToTable(\"Supplier\");\r\n\r\nvar provider = modelBuilder.Entity\r\n()                .ToTable(\"Provider \");\r\n\r\nvar patient = modelBuilder.Entity\r\n()                .ToTable(\"Patient \");\r\n\r\nNow when you create the users of certain type they can be assigned to specific roles which is mapped in the same database in AspNetUserRoles table. Let me know if this works for you",
      "PostedDate": "2014-07-03T13:11:27.5-07:00",
      "Id": 174200
    },
    {
      "Message": "Thanks for your quick reply. I am still not sure how I can use this in my application (where I have three distinctly different kinds of users)\r\n\r\nThis code snippet is from Login method:\r\n\r\n var result = await SignInManager.PasswordSignInAsync(model.Email, model.Password, model.RememberMe, shouldLockout: false);\r\n\r\nIf I have multiple sets, which user table will be used by this method to perform the authentication? Where is it being specified?",
      "PostedDate": "2014-07-07T12:19:06.247-07:00",
      "Id": 174201
    },
    {
      "Message": "Anybody home?\r\n\r\nI would like to know if there is any work around to accomplish this.",
      "PostedDate": "2014-07-12T05:59:55.523-07:00",
      "Id": 174202
    },
    {
      "Message": "The SigninManager is tied to the user model. So you would have to use SigninManager\r\n etc for each signin. This would correctly map to the right database and table as defined in your context. ",
      "PostedDate": "2014-07-14T09:36:08.183-07:00",
      "Id": 174203
    },
    {
      "Message": "@shantuk: Did having multiple SigninManager resolve the issue ?",
      "PostedDate": "2014-08-18T16:39:01.063-07:00",
      "Id": 174204
    }
  ]
}