{
  "WorkItem": {
    "AffectedComponent": {
      "Name": "",
      "DisplayName": ""
    },
    "ClosedComment": "Fixed in 2.2.1. The packages are available on the nightly feed for testing",
    "ClosedDate": "2015-03-19T18:50:20.33-07:00",
    "CommentCount": 6,
    "Custom": null,
    "Description": "Hi,\r\nyesterday i upgraded to the new version 2.2.0 from 2.1.0 and now i have problems with the UpdateAsync Method in our dev environment. In this environment we have some testusers in the sql-database. If we call the PasswordSignInAsync method with a username like sub or test the UpdateAsync method will be called in our custom userstore. I don't understand why this method is called. But if i rename the username in the userstable to sub[ , subä or testü the UpdateAsync is not called and all works as version 2.1.0.\r\n\r\nI hope somebody can help me with this behaviour.\r\nThanks.",
    "LastUpdatedDate": "2017-11-28T00:28:51.59-08:00",
    "PlannedForRelease": "2.2.1",
    "ReleaseVisibleToPublic": true,
    "Priority": {
      "Name": "Low",
      "Severity": 50,
      "Id": 1
    },
    "ProjectName": "aspnetidentity",
    "ReportedDate": "2015-02-27T01:21:48.353-08:00",
    "Status": {
      "Name": "Closed",
      "Id": 4
    },
    "ReasonClosed": {
      "Name": "Fixed"
    },
    "Summary": "Custom UserStore",
    "Type": {
      "Name": "Issue",
      "Id": 3
    },
    "VoteCount": 2,
    "Id": 2507
  },
  "FileAttachments": [],
  "Comments": [
    {
      "Message": "Can you please paste the code for SignIn and the samples that you were using to test it?",
      "PostedDate": "2015-03-02T14:59:55.53-08:00",
      "Id": 176852
    },
    {
      "Message": "Hi,\n\nthe SignInCode is simple:\n```\nvar result = await SignInManager.PasswordSignInAsync(\"subä\", model.Password, false, false);\n```\nor\n```\nvar result = await SignInManager.PasswordSignInAsync(\"sub\", model.Password, false, false);\n```\nI had downloaded the code from this site and try a litte debugging. The ValidateUserName method in UserValidator.cs returns an error: \"User name subä is invalid, can only contain letters or digits.\".\nIf this happens, ValidateAsync in UserValidator.cs returns: IdentityResult.Failed(errors.ToArray()) and then  UpdateAsync in UserManager.cs returns the not succeeded result:\n```\n          var result = await UserValidator.ValidateAsync(user).WithCurrentCulture();\n            if (!result.Succeeded)\n            {\n                return result;\n            }\n            await Store.UpdateAsync(user).WithCurrentCulture();\n            return IdentityResult.Success;\n```\nThe await Store.UpdateAsync(user).WithCurrentCulture(); is NOT called and the subä user SignInStatus is Success.\nSign in with the username sub, the await Store.UpdateAsync(user).WithCurrentCulture(); is called, because ValidateAsync returns Succeeded. I don't understand why Store.UpdateAsync(user).WithCurrentCulture(); is called if ValidateAsync returns no error?",
      "PostedDate": "2015-03-03T03:35:28.99-08:00",
      "Id": 176878
    },
    {
      "Message": "@SaschaM: In the scenario you mentioned, the presume the password you supplied is a valid password. In 2.2 we fixed an issue where if the user supplied valid credentials, we need to reset the AccessFailedCount property to zero. This has to be done on each successful login so in your flow, since the credentials for 'sub' user is valid, the reset count is set to zero and 'UpdateUser' is called to persist that to the database. This was not present in 2.1 and hence you are seeing an update called when you supply valid credentials. \n\nLet me know what your final experience expectations are and we can suggest a workaround accordingly ",
      "PostedDate": "2015-03-09T16:09:05.77-07:00",
      "Id": 177327
    },
    {
      "Message": "@suhasj: Yes, i supplied valid credentials for both. sub and subä users.\nI thougt that ResetAccessFailedCount is used for resetting the AccessFailedCount property, not the UpdateUser.\nMy expectations are that GetAccessFailedCount returns 0 ResetAccessFailedCount is not called and UpdateUser is not called. If GetAccessFailedCount returns !=0 ResetAccessFailedCount is called to reset the property.\n",
      "PostedDate": "2015-03-10T02:46:39.447-07:00",
      "Id": 177718
    },
    {
      "Message": "@SaschaM: That is a good suggestion. We call ResetAccessFailedCount after successful login but we can add a check to not call it if it is already zero. We do need to call it to reset the count to zero though and the UpdateAsync is called to persist it into the database",
      "PostedDate": "2015-03-10T10:16:11.307-07:00",
      "Id": 177758
    },
    {
      "Message": "@suhasj: Ok. ",
      "PostedDate": "2015-03-11T01:45:26.4-07:00",
      "Id": 177819
    }
  ]
}