{
  "WorkItem": {
    "AffectedComponent": {
      "Name": "",
      "DisplayName": ""
    },
    "ClosedComment": "Will fix in VNext",
    "ClosedDate": "2014-05-14T15:09:55-07:00",
    "CommentCount": 1,
    "Custom": "",
    "Description": "In the RoleManager add GetUsersInARole",
    "LastUpdatedDate": "2014-05-14T15:09:55-07:00",
    "PlannedForRelease": "2.1",
    "ReleaseVisibleToPublic": true,
    "Priority": {
      "Name": "Unassigned",
      "Severity": 0,
      "Id": 0
    },
    "ProjectName": "aspnetidentity",
    "ReportedDate": "2014-03-06T15:22:42.223-08:00",
    "Status": {
      "Name": "Closed",
      "Id": 4
    },
    "ReasonClosed": {
      "Name": "Unassigned"
    },
    "Summary": "Add support for Getting Users In a Role",
    "Type": {
      "Name": "Issue",
      "Id": 3
    },
    "VoteCount": 1,
    "Id": 2084
  },
  "FileAttachments": [],
  "Comments": [
    {
      "Message": "Need a new interface to do expose this or add to IRoleStore (3.0?)",
      "PostedDate": "2014-05-14T13:54:35.647-07:00",
      "Id": 174006
    }
  ]
}