{
  "WorkItem": {
    "AffectedComponent": {
      "Name": "",
      "DisplayName": ""
    },
    "ClosedComment": "Fixed in 2.0",
    "ClosedDate": "2014-03-11T10:14:12.357-07:00",
    "CommentCount": 0,
    "Custom": "",
    "Description": "When we are getting All Users in a role, we are doing a Linq query which will not work if you change the storage provider. Please update the sample to fix this",
    "LastUpdatedDate": "2014-03-11T10:14:12.357-07:00",
    "PlannedForRelease": "2.0.0",
    "ReleaseVisibleToPublic": true,
    "Priority": {
      "Name": "Medium",
      "Severity": 100,
      "Id": 2
    },
    "ProjectName": "aspnetidentity",
    "ReportedDate": "2014-03-06T15:21:40.387-08:00",
    "Status": {
      "Name": "Closed",
      "Id": 4
    },
    "ReasonClosed": {
      "Name": "Unassigned"
    },
    "Summary": "[Sample] RoleAdmin Controller Details Action",
    "Type": {
      "Name": "Issue",
      "Id": 3
    },
    "VoteCount": 1,
    "Id": 2083
  },
  "FileAttachments": [],
  "Comments": []
}