{
  "WorkItem": {
    "AffectedComponent": {
      "Name": "",
      "DisplayName": ""
    },
    "ClosedComment": "Will consider in v3.",
    "ClosedDate": "2014-08-25T14:29:58.317-07:00",
    "CommentCount": 0,
    "Custom": "",
    "Description": "With the current implementation of TotpTokenProvider it is not possible to add an authenticator app for two factor token generation since the key is strongly tied to user timestamp. Hooking in the authenticator app token provider needs to re implement all the logic for TOTP token provider but with small changes for the key generation. We should open hooks in the existing provider to enable configuring the token provider.",
    "LastUpdatedDate": "2014-08-25T14:29:58.317-07:00",
    "PlannedForRelease": "Future",
    "ReleaseVisibleToPublic": false,
    "Priority": {
      "Name": "Medium",
      "Severity": 100,
      "Id": 2
    },
    "ProjectName": "aspnetidentity",
    "ReportedDate": "2014-03-20T16:18:14.257-07:00",
    "Status": {
      "Name": "Closed",
      "Id": 4
    },
    "ReasonClosed": {
      "Name": "Unassigned"
    },
    "Summary": "Changes to TotpTokenProvider to enable adding in Authenticator App token provider",
    "Type": {
      "Name": "Issue",
      "Id": 3
    },
    "VoteCount": 1,
    "Id": 2114
  },
  "FileAttachments": [],
  "Comments": []
}