{
  "WorkItem": {
    "AffectedComponent": {
      "Name": "",
      "DisplayName": ""
    },
    "ClosedComment": "",
    "ClosedDate": null,
    "CommentCount": 1,
    "Custom": null,
    "Description": "\r\nWhen the TKey for a user identity is set to \"int\" code in the SignInManager fails.\r\nThe two methods in SignInManager that fail are:\r\n```\r\nSendTwoFactorCodeAsync(...)\r\n```\r\nThis method will always send a two factor code to a user regardless of whether they have been verified.\r\nSo if a hacker is attempting to login, a two factor code will be sent to the person that they are trying to hack into regardless as to whether they provided a correct password or not.\r\n\r\n```\r\nHasBeenVerifiedAsync()\r\n```\r\nThis method always returns true.\r\nPeople using this will have unexpected results because it always returns true.\r\n\r\nThere are other failures in the code base, however they are not so critical.\r\nI have already submitted the code changes (dfraserBugfixes pull request) to fix these issue, but having had zero feedback on the matter I am now raising this as an issue so that someone can start to take this matter a little more seriously. I did not want to draw attention to this issue in case there are sites out there that are compromised by this defect.",
    "LastUpdatedDate": "2017-11-28T00:28:51.06-08:00",
    "PlannedForRelease": "",
    "ReleaseVisibleToPublic": false,
    "Priority": {
      "Name": "High",
      "Severity": 150,
      "Id": 3
    },
    "ProjectName": "aspnetidentity",
    "ReportedDate": "2016-09-27T02:54:04.24-07:00",
    "Status": {
      "Name": "Active",
      "Id": 2
    },
    "ReasonClosed": {
      "Name": "Unassigned"
    },
    "Summary": "SignInManager.HasBeenVerifiedAsync always returns true when TKey is type \"int\"",
    "Type": {
      "Name": "Issue",
      "Id": 3
    },
    "VoteCount": 1,
    "Id": 2555
  },
  "FileAttachments": [],
  "Comments": [
    {
      "Message": "Oh dear. \n\nWell we'll pull that into the next release. We have been planning one for updating the hashing mechanisms, but we don't have a release date as yet. We'll have a chat internally and see if we can work out a schedule.",
      "PostedDate": "2016-09-27T13:07:49.12-07:00",
      "Id": 204361
    }
  ]
}