{
  "WorkItem": {
    "AffectedComponent": {
      "Name": "",
      "DisplayName": ""
    },
    "ClosedComment": "",
    "ClosedDate": "2014-06-11T15:35:49.85-07:00",
    "CommentCount": 0,
    "Custom": "",
    "Description": "The 'Remember me' option selected on the Login page is not trickled when logging in using 2 FA. Hence if the option is selected, the application cookie is not persisted. Need to fix this.",
    "LastUpdatedDate": "2014-06-11T15:35:49.85-07:00",
    "PlannedForRelease": "2.1",
    "ReleaseVisibleToPublic": true,
    "Priority": {
      "Name": "Medium",
      "Severity": 100,
      "Id": 2
    },
    "ProjectName": "aspnetidentity",
    "ReportedDate": "2014-05-30T11:57:21.28-07:00",
    "Status": {
      "Name": "Closed",
      "Id": 4
    },
    "ReasonClosed": {
      "Name": "Unassigned"
    },
    "Summary": "[Samples package] Remember me not working when using 2 FA",
    "Type": {
      "Name": "Issue",
      "Id": 3
    },
    "VoteCount": 1,
    "Id": 2249
  },
  "FileAttachments": [],
  "Comments": []
}