{
  "WorkItem": {
    "AffectedComponent": {
      "Name": "",
      "DisplayName": ""
    },
    "ClosedComment": "Check the latest comments.",
    "ClosedDate": "2014-02-12T15:19:49.54-08:00",
    "CommentCount": 2,
    "Custom": "",
    "Description": "When I am trying to implement a custom IIdentityValidator, (which I have done successfully before), the passwords will not be checked against the IIdentityValidator implementation. In the current (latest samples) (https://aspnet.codeplex.com/SourceControl/latest#Samples/Identity), you assign the custom password validator in IdentityModel.cs. The strange thing that happens now in your sample is, that the current UserManager (in your sample) is disposed, as soon as you assign the custom password validator. \n\nThe only difference in my implementation is, that I am assigning the password validator inside the constructor of my AccountController. And what happens is that my UserManager is not disposed, but the password-validation seems to fall back to the standard MVC validation and the EF part (Always validating against a 6 characters min. length of the password).\n\nHere is my AccountController constructor code:\n\n```\n userManager.PasswordValidator = new ExGripPasswordValidator(10);\n encryptor = new AesEncryptor();\n userManager.UserValidator = new ExGripUserValidator<ApplicationUser>(userManager);\n UserManager = userManager;\n```",
    "LastUpdatedDate": "2014-02-12T15:19:49.54-08:00",
    "PlannedForRelease": "",
    "ReleaseVisibleToPublic": false,
    "Priority": {
      "Name": "Unassigned",
      "Severity": 0,
      "Id": 0
    },
    "ProjectName": "aspnetidentity",
    "ReportedDate": "2014-01-29T14:32:55.377-08:00",
    "Status": {
      "Name": "Closed",
      "Id": 4
    },
    "ReasonClosed": {
      "Name": "Unassigned"
    },
    "Summary": "IIdentityValidator Not Working in the latest samples",
    "Type": {
      "Name": "Unassigned",
      "Id": 5
    },
    "VoteCount": 1,
    "Id": 1997
  },
  "FileAttachments": [],
  "Comments": [
    {
      "Message": "You are trying to modify the userManager in his constructor, but the app is using the one created in the owinContext, and that should be the one you should use. You  should configure the setting inside of ApplicationUserManager.Create instead",
      "PostedDate": "2014-01-30T11:27:22.99-08:00",
      "Id": 173938
    },
    {
      "Message": "Thanks for the hint.  I will modify my code and test.",
      "PostedDate": "2014-01-30T11:41:03.36-08:00",
      "Id": 173939
    }
  ]
}