{
  "WorkItem": {
    "AffectedComponent": {
      "Name": "",
      "DisplayName": ""
    },
    "ClosedComment": "https://aspnetidentity.codeplex.com/workitem/2319 is tracking this",
    "ClosedDate": "2014-08-18T16:14:49.063-07:00",
    "CommentCount": 2,
    "Custom": "",
    "Description": "When logging into the Identity Sample app the Remember me checkbox is ignored when two factor authentication is enabled. Attached is a diff that highlights the changes I made to get it working for me. More changes are most likely needed but this is a start.\n\n__Note__ that the diff is most likely only useful for reading in a text editor. (Looking forward to seeing the source code open up for forking, pull requests and such. :-)",
    "LastUpdatedDate": "2014-08-18T16:14:49.063-07:00",
    "PlannedForRelease": "Future",
    "ReleaseVisibleToPublic": false,
    "Priority": {
      "Name": "Unassigned",
      "Severity": 0,
      "Id": 0
    },
    "ProjectName": "aspnetidentity",
    "ReportedDate": "2014-04-22T13:00:55.193-07:00",
    "Status": {
      "Name": "Closed",
      "Id": 4
    },
    "ReasonClosed": {
      "Name": "Unassigned"
    },
    "Summary": "[Samples]Support remember me with two factor authentication",
    "Type": {
      "Name": "Unassigned",
      "Id": 5
    },
    "VoteCount": 1,
    "Id": 2171
  },
  "FileAttachments": [
    {
      "FileId": 1427766,
      "FileName": "Support remember me with two factor authentication.diff",
      "DownloadUrl": ".\\1427766"
    }
  ],
  "Comments": [
    {
      "Message": "You are further along then I am. ;)I am not using two factor auth, just a simple MVC cookie auth, and I cannot get \"Remeber Me?\" to work.\r\n\r\nI tried following directly in the controller (notice IsPersistent = true) and it does not work for me at...\r\n\r\n```[HttpPost][AllowAnonymous][ValidateAntiForgeryToken]public async Task SignIn(SignInViewModel model, string returnUrl){    if (ModelState.IsValid)    {        var user = await _userManager.FindAsync(model.Email, model.Password);        if (user != null)        {            _authenticationManager.SignOut(DefaultAuthenticationTypes.ExternalCookie);            _authenticationManager.SignIn(new AuthenticationProperties() { IsPersistent = true }, await user.GenerateUserIdentityAsync(_userManager));            return RedirectToLocal(returnUrl);        }        else        {            ModelState.AddModelError(\"\", \"Invalid username or password.\");        }    }\r\n\r\n    // If we got this far, something failed, redisplay form    return View(model);}```",
      "PostedDate": "2014-04-23T12:13:50.72-07:00",
      "Id": 174119
    },
    {
      "Message": "Will be fixed for next release",
      "PostedDate": "2014-06-05T14:49:43.59-07:00",
      "Id": 174120
    }
  ]
}