{
  "WorkItem": {
    "AffectedComponent": {
      "Name": "",
      "DisplayName": ""
    },
    "ClosedComment": "",
    "ClosedDate": "2015-05-05T11:22:42.897-07:00",
    "CommentCount": 2,
    "Custom": null,
    "Description": "If I do a user.Claim.Remove(claim), and the do a UserManager.Update(user), EF throws a DbEntityValidationException.  The validation error is on the UserId property of a Claim.  However, since I have removed the only Claim in the Claims, list, it is empty.  I'm assuming it must be trying to validate the original object.  However, (I'm guessing here, since I don't have any visibility into the code) once you have removed the claim from the user's Claim collection, it does not belong to a user, and sets the UserId to null.\r\n\r\nHow can I get this to execute?\r\n\r\nHere's my code:\r\n```\r\nvar claim = user.Claims.SingleOrDefault(c => c.ClaimType == CLAIMTYPE && c.ClaimValue == CLAIMVALUE);\r\n\r\nif (claim != null)\r\n    var result = user.Claims.Remove(claim);\r\n\r\ntry\r\n{\r\n    result = UserManager.Update(user);\r\n}\r\ncatch (DbEntityValidationException ex)\r\n{\r\n    var msg = ex.ToString();\r\n}\r\n```\r\n\r\n",
    "LastUpdatedDate": "2017-11-28T00:28:51.06-08:00",
    "PlannedForRelease": "",
    "ReleaseVisibleToPublic": false,
    "Priority": {
      "Name": "Unassigned",
      "Severity": 0,
      "Id": 0
    },
    "ProjectName": "aspnetidentity",
    "ReportedDate": "2015-05-05T09:49:20.367-07:00",
    "Status": {
      "Name": "Closed",
      "Id": 4
    },
    "ReasonClosed": {
      "Name": "Not A Bug"
    },
    "Summary": "UserManager.Update(user) throws DbEntityValidationException",
    "Type": {
      "Name": "Unassigned",
      "Id": 5
    },
    "VoteCount": 1,
    "Id": 2530
  },
  "FileAttachments": [],
  "Comments": [
    {
      "Message": "@daveh551 thanks for reporting this issue. We will need to investigate and we will come back to you if we need more details to repro. By default EF will only validate newly added or updated entities. The correct value for the removed claim is deleted, but perhaps for some reason things aren't getting in the right state.\r\n\r\n> since I don't have any visibility into the code\r\n\r\nCheck the \"Source\" tab above. It is all there :)",
      "PostedDate": "2015-05-05T11:06:06.063-07:00",
      "Id": 183957
    },
    {
      "Message": "So I think the issue here is that you are mixing EF and Identity APIs.  If you want to remove a user's claim, you should do it via userManager.RemoveClaim if possible.  If you are doing it directly via EF, you will need to fix up everything to make things work with identity, that isn't really a supported scenario, so you will have to potentially fix up the user poco (and remove the claim from any navigation properties, etc)\n\nDoes that make sense?",
      "PostedDate": "2015-05-05T11:22:31.493-07:00",
      "Id": 183959
    }
  ]
}