{
  "WorkItem": {
    "AffectedComponent": {
      "Name": "",
      "DisplayName": ""
    },
    "ClosedComment": "We will consider these for v3",
    "ClosedDate": "2014-09-02T11:57:50.13-07:00",
    "CommentCount": 0,
    "Custom": "",
    "Description": "__asp.net identity is better of membership and very well work with ef code first. but in real word and large website project either need other options:__\n1. roll's permissions not implement.please add Permission and RollPermission interface,website administrator need choice permissions of each roll and way to authorize online users to access actions.\n2. developer need methods to access online user list and visitor count.\n3. in User.Identity add extension to access User instance.\n4. add way to change default Interface validation. for example change minimum length of password\n5. add better way to change default interface validation message\n6.Authentication Manager signin set Cookie expire time but not work.",
    "LastUpdatedDate": "2014-09-02T11:57:50.13-07:00",
    "PlannedForRelease": "Future",
    "ReleaseVisibleToPublic": false,
    "Priority": {
      "Name": "Unassigned",
      "Severity": 0,
      "Id": 0
    },
    "ProjectName": "aspnetidentity",
    "ReportedDate": "2013-12-13T01:04:24.503-08:00",
    "Status": {
      "Name": "Closed",
      "Id": 4
    },
    "ReasonClosed": {
      "Name": "Unassigned"
    },
    "Summary": "ASP.NET Identity improvement for real world",
    "Type": {
      "Name": "Unassigned",
      "Id": 5
    },
    "VoteCount": 2,
    "Id": 1943
  },
  "FileAttachments": [],
  "Comments": []
}