{
  "WorkItem": {
    "AffectedComponent": {
      "Name": "",
      "DisplayName": ""
    },
    "ClosedComment": "Thank You. We have a bug tracking that https://aspnetidentity.codeplex.com/workitem/1951\nYou need to cast the UserId to int\nI am going to close this issue then since the UserId is being tracked separately",
    "ClosedDate": "2014-01-16T17:05:57.383-08:00",
    "CommentCount": 2,
    "Custom": "",
    "Description": "I installed (2 times to check, clearing VS 2013 nuget cache) as indicated the packages\n\nMicrosoft.AspNet.Identity.EntityFramework –Version 2.0.0-alpha1 –Pre\n\nMicrosoft.AspNet.Identity.Core -Version 2.0.0-alpha1 –Pre\n\nMicrosoft.AspNet.Identity.OWIN -Version 2.0.0-alpha1 –Pre\n\nbut I get unsolved methods and properties as for UserManagerOptions which is unknown.\n\nWhen I look to Definition in VS for UseUserManagerFactory, it brings something from v1 ??\n\n#region Assembly Microsoft.AspNet.Identity.Owin.dll, v1.0.0.0\n\n//....\\packages\\Microsoft.AspNet.Identity.Owin.2.0.0-alpha1\\lib\\net45\\Microsoft.AspNet.Identity.Owin.dll\n\n#endregion\n\nAnother pb is with User.Identity.GetUserId() returning a string ? should we convert to int ? or is it something missing ?\n\nA solution would be appreciate because today it is impossible to change for the new int key feature.",
    "LastUpdatedDate": "2014-01-16T17:05:57.383-08:00",
    "PlannedForRelease": "",
    "ReleaseVisibleToPublic": false,
    "Priority": {
      "Name": "Unassigned",
      "Severity": 0,
      "Id": 0
    },
    "ProjectName": "aspnetidentity",
    "ReportedDate": "2014-01-01T06:31:33.65-08:00",
    "Status": {
      "Name": "Closed",
      "Id": 4
    },
    "ReasonClosed": {
      "Name": "Unassigned"
    },
    "Summary": "Nugets package mismatch for  Microsoft.AspNet.Identity.xxx –Version 2.0.0-alpha1 –Pr",
    "Type": {
      "Name": "Unassigned",
      "Id": 5
    },
    "VoteCount": 1,
    "Id": 1955
  },
  "FileAttachments": [],
  "Comments": [
    {
      "Message": "Can you please clear your NuGet cache and the packages in your solution and see if this problem still exits",
      "PostedDate": "2014-01-16T15:46:15.753-08:00",
      "Id": 173894
    },
    {
      "Message": "It's Ok now but the version numbers still strange + GetUserId returning string when using .",
      "PostedDate": "2014-01-16T16:34:45.233-08:00",
      "Id": 173895
    }
  ]
}