{
  "WorkItem": {
    "AffectedComponent": {
      "Name": "",
      "DisplayName": ""
    },
    "ClosedComment": "We will follow up and see if can update the templates. For now please add the file yourself.",
    "ClosedDate": "2015-01-08T15:13:00.257-08:00",
    "CommentCount": 0,
    "Custom": "",
    "Description": "I had recently downloaded and installed the latest Visual Studio extension update (Visual Studio Update 4). \n\nWhen creating an MVC 5 web application, I cannot find the view:\n\nViews\\Account\\DisplayEmail.cshtml \n\nThis view is referenced in the 'Register' method of the account controller at this article:\nhttp://www.asp.net/identity/overview/features-api/account-confirmation-and-password-recovery-with-aspnet-identity#email\n\nand also mentioned in this CodePlex issue: \nhttps://aspnetidentity.codeplex.com/workitem/2048\n\nDo I need to add this view myself, or is it missing from the template?",
    "LastUpdatedDate": "2015-01-08T15:13:00.257-08:00",
    "PlannedForRelease": "",
    "ReleaseVisibleToPublic": false,
    "Priority": {
      "Name": "Unassigned",
      "Severity": 0,
      "Id": 0
    },
    "ProjectName": "aspnetidentity",
    "ReportedDate": "2014-11-19T08:31:57.177-08:00",
    "Status": {
      "Name": "Closed",
      "Id": 4
    },
    "ReasonClosed": {
      "Name": "Unassigned"
    },
    "Summary": "MVC5 template missing Views\\Account\\DisplayEmail.cshtml",
    "Type": {
      "Name": "Unassigned",
      "Id": 5
    },
    "VoteCount": 1,
    "Id": 2459
  },
  "FileAttachments": [
    {
      "FileId": 1427771,
      "FileName": "MVC5 template missing DisplayEmail.cshtml.png",
      "DownloadUrl": ".\\1427771"
    }
  ],
  "Comments": []
}