{
  "WorkItem": {
    "AffectedComponent": {
      "Name": "",
      "DisplayName": ""
    },
    "ClosedComment": "Please reopen this bug if it still reproes.",
    "ClosedDate": "2015-01-26T14:53:53.07-08:00",
    "CommentCount": 1,
    "Custom": "",
    "Description": "A big missing is the support to JWT. JWT are easier to maintain than the current bearer token schema.",
    "LastUpdatedDate": "2015-01-26T14:53:53.07-08:00",
    "PlannedForRelease": "",
    "ReleaseVisibleToPublic": false,
    "Priority": {
      "Name": "Unassigned",
      "Severity": 0,
      "Id": 0
    },
    "ProjectName": "aspnetidentity",
    "ReportedDate": "2014-12-29T16:31:12.107-08:00",
    "Status": {
      "Name": "Closed",
      "Id": 4
    },
    "ReasonClosed": {
      "Name": "Unassigned"
    },
    "Summary": "Add Support to JWT",
    "Type": {
      "Name": "Unassigned",
      "Id": 5
    },
    "VoteCount": 1,
    "Id": 2479
  },
  "FileAttachments": [],
  "Comments": [
    {
      "Message": "Could you provide more details? We have no idea where you want JWT support, or indeed why, as bearer tokens are generally opaque and meant for back ends to process anyway.",
      "PostedDate": "2015-01-07T09:30:29.817-08:00",
      "Id": 174284
    }
  ]
}