{
  "WorkItem": {
    "AffectedComponent": {
      "Name": "",
      "DisplayName": ""
    },
    "ClosedComment": "https://entityframework.codeplex.com/workitem/2374 is tracking this issue.",
    "ClosedDate": "2014-08-18T14:27:50.443-07:00",
    "CommentCount": 3,
    "Custom": "",
    "Description": "Using the DbMigrator with a custom connection string and the IdentityDbContext fails. This is most likely due to the behaviour of the default constructor.\n\nThis does not work:\n\n```\nvar config = new Configuration();\nconfig.TargetDatabase = new DbConnectionInfo(connectionString, \"System.Data.SqlClient\");\nvar migrator = new DbMigrator(config);\n```\n\nneither does this\n\n```\nvar config = new Configuration();\nconfig.TargetDatabase = new DbConnectionInfo(\"MyConnectionName);\nvar migrator = new DbMigrator(config);\n```\n\nThe only way i was able to get this to work was to inject the connection string into the application config at runtime. Thus I got this working by doing the following:\n\n```\nvar config = new Configuration();\ntypeof(ConfigurationElementCollection).GetField(\"bReadOnly\", BindingFlags.Instance | BindingFlags.NonPublic).SetValue(ConfigurationManager.ConnectionStrings, false);\nConfigurationManager.ConnectionStrings.Remove(\"MyConnectionName\");\nConfigurationManager.ConnectionStrings.Add(new ConnectionStringSettings(\"MyConnectionName\", connectionString, \"System.Data.SqlClient\"));\nvar migrator = new DbMigrator(config);\n```",
    "LastUpdatedDate": "2014-08-18T14:27:50.443-07:00",
    "PlannedForRelease": "",
    "ReleaseVisibleToPublic": false,
    "Priority": {
      "Name": "Unassigned",
      "Severity": 0,
      "Id": 0
    },
    "ProjectName": "aspnetidentity",
    "ReportedDate": "2014-05-30T04:44:24.42-07:00",
    "Status": {
      "Name": "Closed",
      "Id": 4
    },
    "ReasonClosed": {
      "Name": "Unassigned"
    },
    "Summary": "IdentityDbContext issue when using DbMigration and custom connection string",
    "Type": {
      "Name": "Unassigned",
      "Id": 5
    },
    "VoteCount": 1,
    "Id": 2248
  },
  "FileAttachments": [],
  "Comments": [
    {
      "Message": "(Copied to https://entityframework.codeplex.com/workitem/2374)",
      "PostedDate": "2014-07-01T13:29:41.247-07:00",
      "Id": 174168
    },
    {
      "Message": "I was unable to reproduce this in my environment. Could you provide more info about the scenario?Ideally, could you provide a repro project in which you see the exception? If that is not possible, could you describe steps you made that lead to the exception? Also stack trace for the exception would help a lot.",
      "PostedDate": "2014-07-09T15:32:05.113-07:00",
      "Id": 174169
    },
    {
      "Message": "Also, what version of EF/Identity are you using?",
      "PostedDate": "2014-07-09T15:32:30.14-07:00",
      "Id": 174170
    }
  ]
}