{
  "WorkItem": {
    "AffectedComponent": {
      "Name": "",
      "DisplayName": ""
    },
    "ClosedComment": "We will consider this in v3.0 as its a breaking change.",
    "ClosedDate": "2014-08-25T14:20:44.103-07:00",
    "CommentCount": 1,
    "Custom": "",
    "Description": "With the current implementation of ASP.NET identity the result for methods like UserManager.Create return IdentityResult where one can check if the operation is successful. However the errors are only returned as a string. If I wanted to provide specific messages to the user I would either need to use the strings provided by the framework or compare the strings returned to predetermined strings. Both are not acceptable. The first method is not good for localization and not customizable and the second depends on fragile string comparison. \n\n Wouldn't it be better if failure returned something more than string errors? Seems like an enum would be a good fit here.",
    "LastUpdatedDate": "2014-10-15T01:36:11.707-07:00",
    "PlannedForRelease": "Future",
    "ReleaseVisibleToPublic": false,
    "Priority": {
      "Name": "Unassigned",
      "Severity": 0,
      "Id": 0
    },
    "ProjectName": "aspnetidentity",
    "ReportedDate": "2014-05-15T13:56:00.29-07:00",
    "Status": {
      "Name": "Closed",
      "Id": 4
    },
    "ReasonClosed": {
      "Name": "Unassigned"
    },
    "Summary": "Errors returned in IdentityResult should be statically typed and not (only) strings",
    "Type": {
      "Name": "Unassigned",
      "Id": 5
    },
    "VoteCount": 1,
    "Id": 2222
  },
  "FileAttachments": [],
  "Comments": [
    {
      "Message": "Agreed, we feel this is important.\r\n\r\nWe worked around it by extending IdentityResult, UserManager, UserValidator, and PasswordValidator. We essentially reimplement the same functionality (only returning custom error objects), validating our work using decompiled code*.\r\n\r\nWhile you design the interface, please do __not__ use enums for return types. We quickly realized that we would need the parameters specific to the various error instances; usually to reconstruct messages ourselves (even using the format templates in the translation resource files of ASP.NET Identity, see relevant use-case below).\r\n\r\nOur type now looks like this:\r\n\r\n    public enum RawIdentityErrorType    {        DefaultError,        UserNameTooShort,        EmailTooShort,        InvalidUserName,        InvalidEmail,        DuplicateName,        DuplicateEmail,        PasswordTooShort,        PasswordRequireNonLetterOrDigit,        PasswordRequireDigit,        PasswordRequireLower,        PasswordRequireUpper,    }\r\n\r\n    public class RawIdentityError    {        public RawIdentityErrorType ErrorType { get; private set; }        public string ResourceKey { get { return ErrorType.ToString(); } }        public IEnumerable Parameters { get; private set; }\r\n\r\n        public RawIdentityError(RawIdentityErrorType type, params object[] parameters)        {            this.ErrorType = type;            this.Parameters = parameters ?? new object[0];        }    }\r\n\r\nWe still use an enum that we expose to the code, but we wrap it inside objects that represent specific instances of errors. Also note that the enum values are the same as the resource keys for translations, so we get those for free using ToString.\r\n\r\nNote that while it would certainly be nice to break the API for this, you don't technically have to; it's possible to simply provide alternative methods. I agree that it wouldn't be pretty at all, but if the issue of backward compatibility pushes this issue down the backlog, please consider this, as I think it's more important than good looks. For the record, you have my vote to break it, though.\r\n\r\nAlso in the interest of bumping the issue up the backlog, here are two example use-cases (ours):\r\n\r\nA. Idempotency requirements\r\n\r\nOur user account data is on a different system than our various application-specific data stores. When a user signs up for an account for one of the applications, they provide application-specific data simultaneously and we thus need to hit two stores at the same time. We use an eventually-consistent model (which is nice, though we don't exactly have a choice either -- we're using Azure SQL Database which doesn't support distributed transactions).\r\n\r\nIf any operation fails, we must consider why they failed so we can decide whether to retry them or not. For example, if the user account already exists and the password provided matches, then this is not actually an error; it's just that a subsequent operation failed and we (or the user) are already retrying. In other words, we need to look at error types to guarantee idempotency of individual operations in larger requests.\r\n\r\nB. Message reference serialization (as opposed to message serialization)\r\n\r\nWe allow users to change the UI language of our applications at any time, which requests another render of our views using the new language. This means that we cannot simply serialize the error messages themselves, we need to serialize references to them (their type and their parameters) so that we can re-render them using another template (that of the new language).\r\n\r\nConclusion\r\n\r\nWhile our makeshift extensions work for now, they're obviously not ideal to say the least (we reimplement quite a bit redundant of code which we have to maintain in sync with ASP.NET Identity releases).\r\n\r\nThank you for considering this feature as medium to possibly high priority.\r\n\r\n*I don't know where the discussions about open-sourcing the project ended up, but this very case is a good example of a missed opportunity; I truly believe I would've worked on an upstream patch.",
      "PostedDate": "2014-10-15T01:36:11.707-07:00",
      "Id": 174160
    }
  ]
}