{
  "WorkItem": {
    "AffectedComponent": {
      "Name": "",
      "DisplayName": ""
    },
    "ClosedComment": "Verified build 490 and the remember me is now worded to Two Factor Browser Remembered",
    "ClosedDate": "2014-01-24T10:43:45.067-08:00",
    "CommentCount": 0,
    "Custom": "",
    "Description": "On the Manage page, there is a 'remember browse' option that remembers the browser for two factor auth. The description does not mention that it is specific to two factor auth. The label can be better worded",
    "LastUpdatedDate": "2014-01-24T10:43:45.067-08:00",
    "PlannedForRelease": "2.0.0-Beta1",
    "ReleaseVisibleToPublic": false,
    "Priority": {
      "Name": "Low",
      "Severity": 50,
      "Id": 1
    },
    "ProjectName": "aspnetidentity",
    "ReportedDate": "2014-01-23T14:52:20.09-08:00",
    "Status": {
      "Name": "Closed",
      "Id": 4
    },
    "ReasonClosed": {
      "Name": "Unassigned"
    },
    "Summary": "[Sample package] Need to rename remember browser on manage page to be better",
    "Type": {
      "Name": "Issue",
      "Id": 3
    },
    "VoteCount": 1,
    "Id": 1988
  },
  "FileAttachments": [],
  "Comments": []
}