{
  "WorkItem": {
    "AffectedComponent": {
      "Name": "",
      "DisplayName": ""
    },
    "ClosedComment": "Authentication Properties is shared in the Katana cookie middlewares so we cannot set this separately",
    "ClosedDate": "2015-03-19T18:49:05.73-07:00",
    "CommentCount": 0,
    "Custom": null,
    "Description": "In SignInAsync, we are persisting the two factor remember browser cookie only if the application cookie is selected to be persistent. This is because we are combining the sign in passing the two identities. We need to have two separate sign in calls passing the respective flags",
    "LastUpdatedDate": "2017-11-28T00:28:51.59-08:00",
    "PlannedForRelease": "2.2.1",
    "ReleaseVisibleToPublic": true,
    "Priority": {
      "Name": "Medium",
      "Severity": 100,
      "Id": 2
    },
    "ProjectName": "aspnetidentity",
    "ReportedDate": "2015-03-11T16:51:51.697-07:00",
    "Status": {
      "Name": "Closed",
      "Id": 4
    },
    "ReasonClosed": {
      "Name": "By Design"
    },
    "Summary": "Remember Two factor cookie is not persistent as expected",
    "Type": {
      "Name": "Issue",
      "Id": 3
    },
    "VoteCount": 1,
    "Id": 2512
  },
  "FileAttachments": [],
  "Comments": []
}