{
  "WorkItem": {
    "AffectedComponent": {
      "Name": "",
      "DisplayName": ""
    },
    "ClosedComment": "",
    "ClosedDate": "2014-08-25T14:31:58.94-07:00",
    "CommentCount": 0,
    "Custom": "",
    "Description": "The current samples package overrides all existing files in the project when installed. We need improve the experience by either updating the description to mention that to the user or handling it better in the project structure of the sample application. For example, having separate area for the sample code.",
    "LastUpdatedDate": "2014-08-25T14:31:58.94-07:00",
    "PlannedForRelease": "Future",
    "ReleaseVisibleToPublic": false,
    "Priority": {
      "Name": "Low",
      "Severity": 50,
      "Id": 1
    },
    "ProjectName": "aspnetidentity",
    "ReportedDate": "2014-01-22T11:38:39.493-08:00",
    "Status": {
      "Name": "Closed",
      "Id": 4
    },
    "ReasonClosed": {
      "Name": "Unassigned"
    },
    "Summary": "[Samples package] Improve experience when installing on a non empty project",
    "Type": {
      "Name": "Issue",
      "Id": 3
    },
    "VoteCount": 1,
    "Id": 1981
  },
  "FileAttachments": [],
  "Comments": []
}