{
  "WorkItem": {
    "AffectedComponent": {
      "Name": "",
      "DisplayName": ""
    },
    "ClosedComment": "The app needs to know for which user the password needs to be resetted",
    "ClosedDate": "2014-08-06T14:46:47.677-07:00",
    "CommentCount": 1,
    "Custom": "",
    "Description": "The user.Id is sended as parameter on the callbackUrl and this is not necessary to complete the reset password confirmation because the ResetPassword get the user by the e-mail provided by the user on the reset form.\n\nPlease remove the parameter to not show this info to any kind of user.\n\n```\n        [HttpPost]\n        [AllowAnonymous]\n        [ValidateAntiForgeryToken]\n        public async Task<ActionResult> ForgotPassword(ForgotPasswordViewModel model)\n        {\n            if (ModelState.IsValid)\n            {\n                var user = await UserManager.FindByNameAsync(model.Email);\n                if (user == null || !(await UserManager.IsEmailConfirmedAsync(user.Id)))\n                {\n                    // Don't reveal that the user does not exist or is not confirmed\n                    return View(\"ForgotPasswordConfirmation\");\n                }\n\n                var code = await UserManager.GeneratePasswordResetTokenAsync(user.Id);\n                var callbackUrl = Url.Action(\"ResetPassword\", \"Account\", new { userId = user.Id, code = code }, protocol: Request.Url.Scheme);\n                await UserManager.SendEmailAsync(user.Id, \"Reset Password\", \"Please reset your password by clicking here: <a href=\\\"\" + callbackUrl + \"\\\">link</a>\");\n                ViewBag.Link = callbackUrl;\n                return View(\"ForgotPasswordConfirmation\");\n            }\n\n            // If we got this far, something failed, redisplay form\n            return View(model);\n        }\n```\n\n```\n        [HttpPost]\n        [AllowAnonymous]\n        [ValidateAntiForgeryToken]\n        public async Task<ActionResult> ResetPassword(ResetPasswordViewModel model)\n        {\n            if (!ModelState.IsValid)\n            {\n                return View(model);\n            }\n            var user = await UserManager.FindByNameAsync(model.Email);\n            if (user == null)\n            {\n                // Don't reveal that the user does not exist\n                return RedirectToAction(\"ResetPasswordConfirmation\", \"Account\");\n            }\n            var result = await UserManager.ResetPasswordAsync(user.Id, model.Code, model.Password);\n            if (result.Succeeded)\n            {\n                return RedirectToAction(\"ResetPasswordConfirmation\", \"Account\");\n            }\n            AddErrors(result);\n            return View();\n        }\n```",
    "LastUpdatedDate": "2014-09-10T05:54:11.433-07:00",
    "PlannedForRelease": "",
    "ReleaseVisibleToPublic": false,
    "Priority": {
      "Name": "Unassigned",
      "Severity": 0,
      "Id": 0
    },
    "ProjectName": "aspnetidentity",
    "ReportedDate": "2014-06-25T04:43:29.313-07:00",
    "Status": {
      "Name": "Closed",
      "Id": 4
    },
    "ReasonClosed": {
      "Name": "Unassigned"
    },
    "Summary": "ForgotPassword Remove user.Id from the Url.Action sended by e-mail",
    "Type": {
      "Name": "Unassigned",
      "Id": 5
    },
    "VoteCount": 1,
    "Id": 2287
  },
  "FileAttachments": [],
  "Comments": [
    {
      "Message": "The app don't need know the userId because the form requires the e-mail, then use UserManager.FindByNameAsync(model.Email);",
      "PostedDate": "2014-09-10T05:54:11.433-07:00",
      "Id": 174186
    }
  ]
}