{
  "WorkItem": {
    "AffectedComponent": {
      "Name": "",
      "DisplayName": ""
    },
    "ClosedComment": "",
    "ClosedDate": "2014-03-17T14:22:47.05-07:00",
    "CommentCount": 4,
    "Custom": "",
    "Description": "Here is a typical implementation of IUserSecurityStampStore:\n```\n\t\tpublic Task<string> GetSecurityStampAsync(TUser user)\n\t\t{\n\t\t\treturn Task.FromResult(user.SecurityStamp);\n\t\t}\n```\nIf user.SecurityStamp is null there is an exception in the ClaimsIdentityFactory.CreateAsync during sign in. The easy workaround is to ensure that a empty string is returned instead of null.\n```\nuser.SecurityStamp ?? string.Empty\n```\nBut it would be nice if the implementer didn't have to worry about this (it took a while to find the root cause).",
    "LastUpdatedDate": "2017-01-08T12:04:52.543-08:00",
    "PlannedForRelease": "",
    "ReleaseVisibleToPublic": false,
    "Priority": {
      "Name": "Unassigned",
      "Severity": 0,
      "Id": 0
    },
    "ProjectName": "aspnetidentity",
    "ReportedDate": "2014-03-05T14:52:38.633-08:00",
    "Status": {
      "Name": "Closed",
      "Id": 4
    },
    "ReasonClosed": {
      "Name": "Unassigned"
    },
    "Summary": "Null SecurityStamp leads to ArgumentNullException",
    "Type": {
      "Name": "Unassigned",
      "Id": 5
    },
    "VoteCount": 1,
    "Id": 2080
  },
  "FileAttachments": [],
  "Comments": [
    {
      "Message": "Or should I be seeding the security stamp value somehow? I added the IUserSecurityStampStore to an existing user store that didn't have it initially so users were created without a stamp value.",
      "PostedDate": "2014-03-05T15:02:25.123-08:00",
      "Id": 174004
    },
    {
      "Message": "You should seed the security stamp with something random, like a new guid work.",
      "PostedDate": "2014-03-06T09:48:31.53-08:00",
      "Id": 174005
    },
    {
      "Message": "When I had this issue it was because I created the user with the UserStore directly, instead of the UserManager. Because of this the SecurityStamp wasn't added to the user before being inserted in to the database.",
      "PostedDate": "2015-03-25T15:18:47.56-07:00",
      "Id": 180055
    },
    {
      "Message": "yes this helps, thanks.",
      "PostedDate": "2017-01-08T12:04:52.543-08:00",
      "Id": 205917
    }
  ]
}