{
  "WorkItem": {
    "AffectedComponent": {
      "Name": "",
      "DisplayName": ""
    },
    "ClosedComment": "Fixed for 2.1 release. Nightly build 05/19",
    "ClosedDate": "2014-05-19T16:50:15.557-07:00",
    "CommentCount": 0,
    "Custom": "",
    "Description": "The identity sample uses a couple different coding/indentation standards like the two listed below. Before making the source code available to the public, perhaps a standard could be set down. My vote is for following Visual Studio's defaults, [Microsoft's C# coding conventions](http://msdn.microsoft.com/en-us/library/ff926074.aspx), and formatting like the `RoleViewModel` class below.\n\nConvention 1:\n    public class RoleViewModel\n    {\n        public string Id { get; set; }\n    ...\n\nConvention 2:\n    public class ExternalLoginListViewModel {\n        public string ReturnUrl { get; set; }\n    ...",
    "LastUpdatedDate": "2014-05-19T16:50:15.557-07:00",
    "PlannedForRelease": "2.1",
    "ReleaseVisibleToPublic": true,
    "Priority": {
      "Name": "Unassigned",
      "Severity": 0,
      "Id": 0
    },
    "ProjectName": "aspnetidentity",
    "ReportedDate": "2014-04-22T13:18:02.17-07:00",
    "Status": {
      "Name": "Closed",
      "Id": 4
    },
    "ReasonClosed": {
      "Name": "Unassigned"
    },
    "Summary": "Establish coding standards",
    "Type": {
      "Name": "Unassigned",
      "Id": 5
    },
    "VoteCount": 1,
    "Id": 2172
  },
  "FileAttachments": [],
  "Comments": []
}