{
  "WorkItem": {
    "AffectedComponent": {
      "Name": "",
      "DisplayName": ""
    },
    "ClosedComment": "We can consider this v3",
    "ClosedDate": "2014-08-25T14:28:56.27-07:00",
    "CommentCount": 0,
    "Custom": "",
    "Description": "Normally, when instantiating a `DbContext` using its default constructor, the type (class) name of the context is used to lookup the connection string in the application's settings. However, when deriving from `IdentityDbContext`, the connection string named `DefaultConnection` is always used.\n\nThe workaround, of course, is to **not** use the default constructor of the base class (`IdentityDbContext`) and instead pass the connection string name explicitly as a parameter:\n\n    public class FooContext : IdentityDbContext\n    {\n        public FooContext() : base(\"FooContext\") { }\n        ...\n\nHowever, this is pretty redundant for a system that normally adopts the convention over configuration philosophy (especially if there is no need for a default constructor in the derived context otherwise). It's also confusing for people who don't expect this behavior (the first reflex is usually to check why the database isn't accepting connections, which is misleading).\n\nAlthough I realize the issue won't reach a very high priority, I'd love to see this corrected in the future, especially if the fix is trivial.",
    "LastUpdatedDate": "2014-08-25T14:28:56.27-07:00",
    "PlannedForRelease": "Future",
    "ReleaseVisibleToPublic": false,
    "Priority": {
      "Name": "Unassigned",
      "Severity": 0,
      "Id": 0
    },
    "ProjectName": "aspnetidentity",
    "ReportedDate": "2014-03-27T09:56:37.5-07:00",
    "Status": {
      "Name": "Closed",
      "Id": 4
    },
    "ReasonClosed": {
      "Name": "Unassigned"
    },
    "Summary": "EF Implementation: Use context type name for connection string",
    "Type": {
      "Name": "Unassigned",
      "Id": 5
    },
    "VoteCount": 2,
    "Id": 2127
  },
  "FileAttachments": [],
  "Comments": []
}