{
  "WorkItem": {
    "AffectedComponent": {
      "Name": "",
      "DisplayName": ""
    },
    "ClosedComment": "Fixed in 2.2-alpha1. The method is made virtual",
    "ClosedDate": "2014-09-15T13:47:09.42-07:00",
    "CommentCount": 2,
    "Custom": "",
    "Description": "This seems to be a simple omission as other two FindByIdAsync and FindByNameAsync are virtual. \n\nI'm implementing multitenant asp.net app and i need to override this method to find email addresses within a tenant.",
    "LastUpdatedDate": "2014-11-07T13:08:35.757-08:00",
    "PlannedForRelease": "2.2.0-alpha1",
    "ReleaseVisibleToPublic": true,
    "Priority": {
      "Name": "Unassigned",
      "Severity": 0,
      "Id": 0
    },
    "ProjectName": "aspnetidentity",
    "ReportedDate": "2014-08-21T20:55:15.797-07:00",
    "Status": {
      "Name": "Closed",
      "Id": 4
    },
    "ReasonClosed": {
      "Name": "Unassigned"
    },
    "Summary": "Microsoft.AspNet.Identity.EntityFramework.UserStore.FindByEmailAsync is not virtual",
    "Type": {
      "Name": "Unassigned",
      "Id": 5
    },
    "VoteCount": 2,
    "Id": 2368
  },
  "FileAttachments": [],
  "Comments": [
    {
      "Message": "Do we know when this will be released?",
      "PostedDate": "2014-08-27T18:48:31.393-07:00",
      "Id": 174248
    },
    {
      "Message": "is there any workaround this ?",
      "PostedDate": "2014-11-07T13:08:35.757-08:00",
      "Id": 174249
    }
  ]
}