{
  "WorkItem": {
    "AffectedComponent": {
      "Name": "",
      "DisplayName": ""
    },
    "ClosedComment": "We have fixed it in v3. You can workaround it in your app as you have done now.",
    "ClosedDate": "2014-10-13T14:50:09.043-07:00",
    "CommentCount": 0,
    "Custom": "",
    "Description": "When a email contains dash in the domain part (example: 123@abc-def.com) when using email as username, UserValidator will reject as valid email as the regex is using ^[A-Za-z0-9@_\\.]+$ instead of ^[A-Za-z0-9._%+-]+@[A-Za-z0-9.-]+\\.[A-Za-z]{2,4}$\n\nUpdate:\nI've found the problem is from the way I created usermanger, you may close the issue.",
    "LastUpdatedDate": "2014-10-13T14:50:09.043-07:00",
    "PlannedForRelease": "",
    "ReleaseVisibleToPublic": false,
    "Priority": {
      "Name": "Unassigned",
      "Severity": 0,
      "Id": 0
    },
    "ProjectName": "aspnetidentity",
    "ReportedDate": "2014-10-11T01:44:42.32-07:00",
    "Status": {
      "Name": "Closed",
      "Id": 4
    },
    "ReasonClosed": {
      "Name": "Unassigned"
    },
    "Summary": "UserValidator for UserName when using email as username cannot accept dash in domain part",
    "Type": {
      "Name": "Unassigned",
      "Id": 5
    },
    "VoteCount": 1,
    "Id": 2428
  },
  "FileAttachments": [],
  "Comments": []
}