{
  "WorkItem": {
    "AffectedComponent": {
      "Name": "",
      "DisplayName": ""
    },
    "ClosedComment": "Identity is 4.5 and above only.",
    "ClosedDate": "2015-06-03T14:41:01.167-07:00",
    "CommentCount": 1,
    "Custom": null,
    "Description": "I'd like to use the Crypto class under .Net 2.0 (don't ask me why, that's a long story, can't switch to 4).\r\n\r\nWhen I compile it against .Net 2.0, I get this error.\r\nSystem.Security.Cryptography.Rfc2898DeriveBytes type used in a using statement must be implicitly convertible to 'System.IDisposable'\r\n\r\nWhich is because System.Security.Crytography.Rfc2898DeriveBytes in 2.0 is not disposable indeed (in 4 it is).\r\n\r\nCan I safely remove the enclosing using(), or am I risking a leak that was fixed later?\r\n",
    "LastUpdatedDate": "2015-06-03T14:41:01.167-07:00",
    "PlannedForRelease": "",
    "ReleaseVisibleToPublic": false,
    "Priority": {
      "Name": "Unassigned",
      "Severity": 0,
      "Id": 0
    },
    "ProjectName": "aspnetidentity",
    "ReportedDate": "2015-04-16T05:45:16.48-07:00",
    "Status": {
      "Name": "Closed",
      "Id": 4
    },
    "ReasonClosed": {
      "Name": "Not A Bug"
    },
    "Summary": "Microsoft.AspNet.Identity.Core does not compile under .Net 2 / 3.5",
    "Type": {
      "Name": "Unassigned",
      "Id": 5
    },
    "VoteCount": 1,
    "Id": 2523
  },
  "FileAttachments": [],
  "Comments": [
    {
      "Message": "It should be ok, but without running full tests I couldn't be 100% sure, and of course our tests aren't set up for .NET 2.0.\n\n",
      "PostedDate": "2015-04-16T06:17:07.113-07:00",
      "Id": 182939
    }
  ]
}