{
  "WorkItem": {
    "AffectedComponent": {
      "Name": "",
      "DisplayName": ""
    },
    "ClosedComment": "Fixed in 2.0",
    "ClosedDate": "2014-03-11T10:15:57.59-07:00",
    "CommentCount": 0,
    "Custom": "",
    "Description": "In the edit page for the user, only the email can be edited. If we need to change the role of a user or add a user not in a role to a new role, we cannot do it by default. We need to have this feature in the samples app.",
    "LastUpdatedDate": "2014-03-11T10:15:57.59-07:00",
    "PlannedForRelease": "2.0.0",
    "ReleaseVisibleToPublic": true,
    "Priority": {
      "Name": "Low",
      "Severity": 50,
      "Id": 1
    },
    "ProjectName": "aspnetidentity",
    "ReportedDate": "2014-02-05T12:11:51.087-08:00",
    "Status": {
      "Name": "Closed",
      "Id": 4
    },
    "ReasonClosed": {
      "Name": "Unassigned"
    },
    "Summary": "[Samples package] Cannot change the role of a user in the User edit page",
    "Type": {
      "Name": "Issue",
      "Id": 3
    },
    "VoteCount": 1,
    "Id": 2012
  },
  "FileAttachments": [],
  "Comments": []
}