{
  "WorkItem": {
    "AffectedComponent": {
      "Name": "",
      "DisplayName": ""
    },
    "ClosedComment": "",
    "ClosedDate": "2014-04-30T15:26:20.927-07:00",
    "CommentCount": 3,
    "Custom": "",
    "Description": "When logging an access failed attempt the UserManager in IdentityCore does not set the LockoutEnabled flag in the database once it has reached the MaxFailedAccessAttemptsBeforeLockout value.\n\nIt only sets the lockout end date, and resets the access failed counts.\n\nIt should also be setting the lockout enabled flag.\n\nHere is the current code (from reflector):\n\n```\n    if (count >= ((UserManager<TUser, TKey>) this).MaxFailedAccessAttemptsBeforeLockout)\n    {\n        await userLockoutStore.SetLockoutEndDateAsync(user, DateTimeOffset.UtcNow.Add(((UserManager<TUser, TKey>) this).DefaultAccountLockoutTimeSpan));\n        await userLockoutStore.ResetAccessFailedCountAsync(user);\n    }\n```\n\nHere is what should be happening:\n\n\n```\n    if (count >= ((UserManager<TUser, TKey>) this).MaxFailedAccessAttemptsBeforeLockout)\n    {\n        await userLockoutStore.SetLockoutEndDateAsync(user, DateTimeOffset.UtcNow.Add(((UserManager<TUser, TKey>) this).DefaultAccountLockoutTimeSpan));\n        await userLockoutStore.ResetAccessFailedCountAsync(user);\n        await userLockoutStore.SetLockoutEnabledAsync(user,true);\n    }\n```",
    "LastUpdatedDate": "2014-04-30T15:26:20.927-07:00",
    "PlannedForRelease": "",
    "ReleaseVisibleToPublic": false,
    "Priority": {
      "Name": "Unassigned",
      "Severity": 0,
      "Id": 0
    },
    "ProjectName": "aspnetidentity",
    "ReportedDate": "2014-04-24T08:47:49.997-07:00",
    "Status": {
      "Name": "Closed",
      "Id": 4
    },
    "ReasonClosed": {
      "Name": "Unassigned"
    },
    "Summary": "AccessFailedAsync does not set the lockout flag",
    "Type": {
      "Name": "Unassigned",
      "Id": 5
    },
    "VoteCount": 1,
    "Id": 2178
  },
  "FileAttachments": [],
  "Comments": [
    {
      "Message": "@MAttOI: The LockoutEnabled flag does not mean the user __is locked out__ but instead means that the user __can be locked out__. Setting it to false signifies that the user cannot be locked out, for example, the admin. Do look at the samples package on how it is being used. Let me know if thei bug",
      "PostedDate": "2014-04-24T12:20:33.347-07:00",
      "Id": 174131
    },
    {
      "Message": "Thank you very much for the clarification.\r\n\r\nI have set UserLockoutEnabledByDefault to TRUE so it is enabled globally by default.",
      "PostedDate": "2014-04-24T13:19:28.21-07:00",
      "Id": 174132
    },
    {
      "Message": "You can close this issue",
      "PostedDate": "2014-04-24T13:19:48.583-07:00",
      "Id": 174133
    }
  ]
}