{
  "WorkItem": {
    "AffectedComponent": {
      "Name": "",
      "DisplayName": ""
    },
    "ClosedComment": "",
    "ClosedDate": "2015-01-08T15:09:43.543-08:00",
    "CommentCount": 1,
    "Custom": "",
    "Description": "By default in a new application Identity uses EF for storage. We do this by including an ApplicationDbContext class in the initial application code which derives from IdentityDbContext<ApplicationUser>.\n\nThe name \"ApplicationDbContext\" actually makes a lot of sense because it is very convenient (at least from customers developing simpler applications) to just share the same derived DbContext type between the application's Identity functionality and the application's domain model.\n\nIn order to start using the ApplicationDbContext for the application's domain, you would normally:\n1. Add a domain class, e.g. A\n2. Add the corresponding DbSet<A> on the ApplicationDbContext class\n\nI would expect this to be the first (possibly the only) edit that people do to this class. However, because System.Data.Entity is not in scope, you get the following error:\n\n```\nThe type or namespace name 'DbSet<A>' could not be found (are you missing a using directive or an assembly reference?)\n```\n\nNeedless to say, the error is helpful and after a could of clicks on VS you should be back on track. However, I would expect the number of Identity customers hitting this to be very high, so I think it is worth reducing the friction.\n\nNote that I have just tried this creating a new WebForms application using a VS 2015 CTP. I am not sure if the issue applies to other project types and other versions.",
    "LastUpdatedDate": "2015-01-08T15:09:43.543-08:00",
    "PlannedForRelease": "",
    "ReleaseVisibleToPublic": false,
    "Priority": {
      "Name": "Unassigned",
      "Severity": 0,
      "Id": 0
    },
    "ProjectName": "aspnetidentity",
    "ReportedDate": "2014-12-16T12:01:54.02-08:00",
    "Status": {
      "Name": "Closed",
      "Id": 4
    },
    "ReasonClosed": {
      "Name": "Unassigned"
    },
    "Summary": "Consider adding \"using System.Data.Entity;\" in initial IdentityModel.cs",
    "Type": {
      "Name": "Unassigned",
      "Id": 5
    },
    "VoteCount": 1,
    "Id": 2475
  },
  "FileAttachments": [],
  "Comments": [
    {
      "Message": "We will see if we are updating templates for VS 2013. Moving to backlog",
      "PostedDate": "2015-01-08T15:09:27.56-08:00",
      "Id": 174282
    }
  ]
}