{
  "WorkItem": {
    "AffectedComponent": {
      "Name": "",
      "DisplayName": ""
    },
    "ClosedComment": "This is By Design. You need to use ConvertIdFromString",
    "ClosedDate": "2014-10-13T14:43:21.463-07:00",
    "CommentCount": 0,
    "Custom": "",
    "Description": "I can workaround this with an overide of ConvertIdFromString method.",
    "LastUpdatedDate": "2014-10-13T14:43:21.463-07:00",
    "PlannedForRelease": "",
    "ReleaseVisibleToPublic": false,
    "Priority": {
      "Name": "Unassigned",
      "Severity": 0,
      "Id": 0
    },
    "ProjectName": "aspnetidentity",
    "ReportedDate": "2014-09-28T15:18:19.76-07:00",
    "Status": {
      "Name": "Closed",
      "Id": 4
    },
    "ReasonClosed": {
      "Name": "Unassigned"
    },
    "Summary": "SignInManager failed on two factor auth when UserID type is GUID",
    "Type": {
      "Name": "Unassigned",
      "Id": 5
    },
    "VoteCount": 1,
    "Id": 2419
  },
  "FileAttachments": [],
  "Comments": []
}