{
  "WorkItem": {
    "AffectedComponent": {
      "Name": "",
      "DisplayName": ""
    },
    "ClosedComment": "We decided on the explicit IdentityUserRole since we can add more info like creation date in the future",
    "ClosedDate": "2014-08-25T14:26:32.97-07:00",
    "CommentCount": 4,
    "Custom": "",
    "Description": "IdentityUserRole can be removed to avoid an extra relationship step between IdentityUser and IdentityRole.\n\nSo instead of:\n\n`IdentityUser <-> IdentityUserRole <-> IdentityRole`\n\nThere should be:\n\n`IdentityUser <-> IdentityRole`\n\nHere is how it is now:\n\n```\npublic class IdentityUser\n{\n    // Where TRole is IdentityUserRole\n    public virtual ICollection<TUserRole> Roles { get; set; }\n}\n\npublic class IdentityRole\n{\n    // Where TRole is IdentityUserRole\n    public virtual ICollection <TUserRole> Users { get; set; }\n}\n```\n\nHere is how it should be:\n```\npublic class IdentityUser\n{\n    // Where TRole is IdentityRole\n    public virtual ICollection<TRole> Roles { get; set; }\n}\n\npublic class IdentityRole\n{\n    // Where TUser is IdentityUser\n    public virtual ICollection <TUser> Users { get; set; }\n}\n```\n\nHere is an example of many-to-many relationship with Code First:\n\nhttp://www.codeproject.com/Articles/234606/Creating-a-Many-To-Many-Mapping-Using-Code-First\n\nEF manages the join table internally and hidden. Why do you artificially expose it? Making it more difficult to perform User <> Role traversal. This many-to-many entity (IdentityUserRole) doesn't have any customizations which EF can't handle if it would be hidden, or does it?",
    "LastUpdatedDate": "2014-08-25T14:26:32.97-07:00",
    "PlannedForRelease": "Future",
    "ReleaseVisibleToPublic": false,
    "Priority": {
      "Name": "Unassigned",
      "Severity": 0,
      "Id": 0
    },
    "ProjectName": "aspnetidentity",
    "ReportedDate": "2014-04-06T09:08:41.243-07:00",
    "Status": {
      "Name": "Closed",
      "Id": 4
    },
    "ReasonClosed": {
      "Name": "Unassigned"
    },
    "Summary": "Remove IdentityUserRole (an extra linking entity)",
    "Type": {
      "Name": "Unassigned",
      "Id": 5
    },
    "VoteCount": 4,
    "Id": 2148
  },
  "FileAttachments": [],
  "Comments": [
    {
      "Message": "__Workaround__: You can grab an alternative implementation of the EntityFramework provider for ASP.NET Identity 2.0 here: https://github.com/KriaSoft/AspNet.Identity\r\n\r\n",
      "PostedDate": "2014-04-13T09:19:05.797-07:00",
      "Id": 174091
    },
    {
      "Message": "Breaking change, can consider for v3",
      "PostedDate": "2014-04-14T16:02:13.19-07:00",
      "Id": 174092
    },
    {
      "Message": "This also needs to be changed for the `IdentityUser` properties `Claims` and `Logins`. Should they be opened as separate issues or will they be included in the fix for this issue?",
      "PostedDate": "2014-07-11T11:40:20.513-07:00",
      "Id": 174093
    },
    {
      "Message": "Cancel my last. \r\n\r\nOut of interest why is the many-many mapping table for users-roles named with the same pattern as the many-side table of the one-many user-claims and user-logins relationships? That's more than a little confusing.",
      "PostedDate": "2014-07-11T16:08:57.18-07:00",
      "Id": 174094
    }
  ]
}