{
  "WorkItem": {
    "AffectedComponent": {
      "Name": "",
      "DisplayName": ""
    },
    "ClosedComment": "Can you please try the latest package and see if this still reproes?",
    "ClosedDate": "2015-07-29T14:27:44.5-07:00",
    "CommentCount": 6,
    "Custom": "",
    "Description": "In the registration form, if I input an email already in the database, I got 2 errors messages:\nName xxx is already taken\nEmail 'xxx' is already taken.\n\n1) how to localize these messages ? \n2) the first one appears even if the UserName field is not in the form. Is it a way to hide it ? \n3) the name of the field is Name (wrong) and not UserName.",
    "LastUpdatedDate": "2017-11-28T00:28:51.467-08:00",
    "PlannedForRelease": "2.2",
    "ReleaseVisibleToPublic": true,
    "Priority": {
      "Name": "Low",
      "Severity": 50,
      "Id": 1
    },
    "ProjectName": "aspnetidentity",
    "ReportedDate": "2014-02-19T09:01:16.887-08:00",
    "Status": {
      "Name": "Closed",
      "Id": 4
    },
    "ReasonClosed": {
      "Name": "No Repro"
    },
    "Summary": "Localize (User)Name/Email is already taken",
    "Type": {
      "Name": "Issue",
      "Id": 3
    },
    "VoteCount": 4,
    "Id": 2040
  },
  "FileAttachments": [],
  "Comments": [
    {
      "Message": "The error messages coming from ASP.NET Identity should be localized if you have the localized package installed.",
      "PostedDate": "2014-02-19T22:55:49.337-08:00",
      "Id": 173959
    },
    {
      "Message": "Many messages are not localized. At least for the Russian culture...Here is what reflector shows:...     User already in role.        User is not in role.        Роль {0} не существует.  ...\r\n\r\nLooks like half of the messages are not localized :(",
      "PostedDate": "2014-02-25T10:55:30.83-08:00",
      "Id": 173960
    },
    {
      "Message": "In 2.0.0-beta1 many of them are translated but still have some missed.Keys are:PasswordRequireNonLetterOrDigitPasswordRequireUpperPasswordRequireDigitPasswordRequireLower",
      "PostedDate": "2014-02-25T11:02:04.067-08:00",
      "Id": 173961
    },
    {
      "Message": "Please check that they are localized in the last round of hand offs",
      "PostedDate": "2014-02-25T14:09:35.353-08:00",
      "Id": 173962
    },
    {
      "Message": "Doesn't seem to be any packages for swedish? I'd be happy to help translate?",
      "PostedDate": "2014-03-26T12:23:02.577-07:00",
      "Id": 173963
    },
    {
      "Message": "Assigning to Pranav since he is tracking localization. Resolve it when fixed and I'll verify it",
      "PostedDate": "2015-01-28T15:59:35.33-08:00",
      "Id": 173964
    }
  ]
}