{
  "WorkItem": {
    "AffectedComponent": {
      "Name": "",
      "DisplayName": ""
    },
    "ClosedComment": "Dupe",
    "ClosedDate": "2014-11-17T14:49:26.38-08:00",
    "CommentCount": 1,
    "Custom": "",
    "Description": "The password reset link is constructed with userId in the query string.\n\nBut the userId value is not used by POST ResetPassword - instead the user is prompted to re-enter their email address (and the email address is used to find the user).\n\nIt seems that either we should not include the userId in the password reset link, or we should be using it somehow for lookup or validation.",
    "LastUpdatedDate": "2014-11-17T14:49:26.38-08:00",
    "PlannedForRelease": "",
    "ReleaseVisibleToPublic": false,
    "Priority": {
      "Name": "Unassigned",
      "Severity": 0,
      "Id": 0
    },
    "ProjectName": "aspnetidentity",
    "ReportedDate": "2014-10-24T08:40:08.76-07:00",
    "Status": {
      "Name": "Closed",
      "Id": 4
    },
    "ReasonClosed": {
      "Name": "Unassigned"
    },
    "Summary": "[Samples] ForgotPassword method includes userId in confirmation link",
    "Type": {
      "Name": "Unassigned",
      "Id": 5
    },
    "VoteCount": 2,
    "Id": 2446
  },
  "FileAttachments": [],
  "Comments": [
    {
      "Message": "Hello.\r\n\r\nPosible duplicate of this:https://aspnetidentity.codeplex.com/workitem/2287\r\n\r\nThumb up on this.",
      "PostedDate": "2014-11-04T03:52:04.26-08:00",
      "Id": 174278
    }
  ]
}