{
  "WorkItem": {
    "AffectedComponent": {
      "Name": "",
      "DisplayName": ""
    },
    "ClosedComment": "The documentation is up at http://msdn.microsoft.com/en-us/library/microsoft.aspnet.identity(v=vs.108).aspx",
    "ClosedDate": "2014-04-29T10:44:26.443-07:00",
    "CommentCount": 0,
    "Custom": "",
    "Description": "We need to update the MSDN documentation with the APIs newly added to 2.0.0",
    "LastUpdatedDate": "2014-04-29T10:44:26.443-07:00",
    "PlannedForRelease": "2.0.0",
    "ReleaseVisibleToPublic": true,
    "Priority": {
      "Name": "Medium",
      "Severity": 100,
      "Id": 2
    },
    "ProjectName": "aspnetidentity",
    "ReportedDate": "2014-02-12T18:10:00.96-08:00",
    "Status": {
      "Name": "Closed",
      "Id": 4
    },
    "ReasonClosed": {
      "Name": "Unassigned"
    },
    "Summary": "Update MSDN documentation with 2.0.0 APIs",
    "Type": {
      "Name": "Task",
      "Id": 2
    },
    "VoteCount": 4,
    "Id": 2031
  },
  "FileAttachments": [],
  "Comments": []
}