{
  "WorkItem": {
    "AffectedComponent": {
      "Name": "",
      "DisplayName": ""
    },
    "ClosedComment": "",
    "ClosedDate": "2013-12-26T11:21:30.143-08:00",
    "CommentCount": 1,
    "Custom": "",
    "Description": "https://aspnetidentity.codeplex.com/wikipage?title=Roadmap&version=1\n\n\"Spring 2013\"",
    "LastUpdatedDate": "2013-12-26T11:21:30.67-08:00",
    "PlannedForRelease": "",
    "ReleaseVisibleToPublic": false,
    "Priority": {
      "Name": "Unassigned",
      "Severity": 0,
      "Id": 0
    },
    "ProjectName": "aspnetidentity",
    "ReportedDate": "2013-12-24T23:32:09.813-08:00",
    "Status": {
      "Name": "Closed",
      "Id": 4
    },
    "ReasonClosed": {
      "Name": "Unassigned"
    },
    "Summary": "Wrong year in roadmap for 2.0.0.0",
    "Type": {
      "Name": "Unassigned",
      "Id": 5
    },
    "VoteCount": 2,
    "Id": 1952
  },
  "FileAttachments": [],
  "Comments": [
    {
      "Message": "Yes, two corrections required \r\n\r\n1] the \"Spring 2013\" to Spring 2014 in roadmap2] The home page link to roadmap is pointing to version 1. Remove the querystring \"version\" from the link. \r\n\r\n",
      "PostedDate": "2013-12-25T13:16:33.033-08:00",
      "Id": 173893
    }
  ]
}