{
  "WorkItem": {
    "AffectedComponent": {
      "Name": "",
      "DisplayName": ""
    },
    "ClosedComment": "",
    "ClosedDate": null,
    "CommentCount": 0,
    "Custom": null,
    "Description": "I have to elaborate a bit first to explain where this issue is coming from.\r\n\r\nWhen applying a pattern like the [better domain events pattern](https://lostechies.com/jimmybogard/2014/05/13/a-better-domain-events-pattern/) by Jimmy Bogard, and I'm talking about [this gist in particular](https://gist.github.com/jbogard/50407a1c1a823a83e9bb#file-savechanges-cs), event handlers will be instantiated through the use of a dependency injection container, such as Unity. In the aforementioned gist, this is delegated to the _dispatcher.\r\n\r\nThese handlers are sometimes dependent on HttpContext, for example when they take a dependency on UrlHelper or any class registered in the container with a PerRequestLifetimeManager. This could even be DbContext, and therefore indirectly UserManager as well because it depends on DbContext. I've avoided this issue by switching to HierarchicalLifetimeManager. However, the dependencies on HttpContext are sometimes still required, for example, when a UserCreated event is being handled and an email template needs to be parsed with a few generated URLs.\r\n\r\nThere will be a problem when SynchronizationContext is null, and therefore indirectly HttpContext too. The handlers will either throw an exception when they (indirectly) make a call to HttpContext, or it will be impossible to resolve (instantiate) the handlers (typically in the PerRequestLifetimeManager scenario described above).\r\n\r\nThis brings me to the problem.\r\n\r\n```\r\nawait SaveChanges().WithCurrentCulture(); \r\n```\r\n\r\nThis is scattered throughout at least the UserStore and UserManager implementations. I can understand the desire to retain the current culture for the thread. But, this also causes SynchronizationContext.Current to become null, leading to all the above problems.\r\n\r\nSo, my feature request to resolve is quite simple: can the calls to \"WithCurrentCulture()\" be made optional, similar to the \"AutoSaveChanges\" option?",
    "LastUpdatedDate": "2017-11-28T00:28:50.783-08:00",
    "PlannedForRelease": "Next",
    "ReleaseVisibleToPublic": false,
    "Priority": {
      "Name": "Unassigned",
      "Severity": 0,
      "Id": 0
    },
    "ProjectName": "aspnetidentity",
    "ReportedDate": "2015-04-03T02:14:10.437-07:00",
    "Status": {
      "Name": "Proposed",
      "Id": 1
    },
    "ReasonClosed": {
      "Name": "Unassigned"
    },
    "Summary": "await SaveChanges().WithCurrentCulture(); causes SynchronizationContext.Current to be null",
    "Type": {
      "Name": "Unassigned",
      "Id": 5
    },
    "VoteCount": 5,
    "Id": 2520
  },
  "FileAttachments": [],
  "Comments": []
}