{
  "WorkItem": {
    "AffectedComponent": {
      "Name": "",
      "DisplayName": ""
    },
    "ClosedComment": "",
    "ClosedDate": "2014-03-17T14:23:47.787-07:00",
    "CommentCount": 1,
    "Custom": "",
    "Description": "It will be very cool, in my opinion, if there'll be some installation wizard or site with templates. Say i want Identity system without Roles, User with int Primary Key, there will be no 3'rd party logins, two factor authentication only with sms confirmation and so on... I want to see Database tables without not needed information. So I must write almost everything myself. But I'm so lazy to do it! :-) Please, help me!",
    "LastUpdatedDate": "2014-03-17T14:23:47.787-07:00",
    "PlannedForRelease": "",
    "ReleaseVisibleToPublic": false,
    "Priority": {
      "Name": "Unassigned",
      "Severity": 0,
      "Id": 0
    },
    "ProjectName": "aspnetidentity",
    "ReportedDate": "2014-03-04T01:42:38.68-08:00",
    "Status": {
      "Name": "Closed",
      "Id": 4
    },
    "ReasonClosed": {
      "Name": "Unassigned"
    },
    "Summary": "maybe wizard master?",
    "Type": {
      "Name": "Unassigned",
      "Id": 5
    },
    "VoteCount": 1,
    "Id": 2073
  },
  "FileAttachments": [],
  "Comments": [
    {
      "Message": "Please try out the Microsoft.AspNet.Identity.Samples NuGet package",
      "PostedDate": "2014-03-17T14:23:43.653-07:00",
      "Id": 174002
    }
  ]
}