{
  "WorkItem": {
    "AffectedComponent": {
      "Name": "",
      "DisplayName": ""
    },
    "ClosedComment": "",
    "ClosedDate": "2014-05-05T11:38:40.99-07:00",
    "CommentCount": 3,
    "Custom": "",
    "Description": "I successfully updated my application from MVC4-EF5 to MVC5-EF6.\n\nI then migrated my database from SimpleMembership to Identity 2.0.\n\nI can login but Roles (User.IsnInRole(\"...\")) isn't working.\n\nI've posted a full write up here\n\nhttp://stackoverflow.com/questions/23434279/user-isinrole-failing-after-migrating-simplemembership-database-to-identity-2\n\nI believe I have done everything necessary to migrate and configure but User.IsnInRole(\"...\") still always returns false.\n\nUPDATE:\nUser.IsnInRole(\"...\") does work with Identity 2.0.  There was an underlying problem with authentication in my code that once fixed cleared up the problem.  See stackoverflow post for details.",
    "LastUpdatedDate": "2014-05-05T11:38:40.99-07:00",
    "PlannedForRelease": "",
    "ReleaseVisibleToPublic": false,
    "Priority": {
      "Name": "Unassigned",
      "Severity": 0,
      "Id": 0
    },
    "ProjectName": "aspnetidentity",
    "ReportedDate": "2014-05-02T11:20:01.47-07:00",
    "Status": {
      "Name": "Closed",
      "Id": 4
    },
    "ReasonClosed": {
      "Name": "Unassigned"
    },
    "Summary": "Roles not working after migrating SimpleMembership to Identity 2.0",
    "Type": {
      "Name": "Unassigned",
      "Id": 5
    },
    "VoteCount": 1,
    "Id": 2189
  },
  "FileAttachments": [],
  "Comments": [
    {
      "Message": "If you are using ASP.NET Identity you should use UserManager APIs to check if the user is in a role, userManager.IsInRoleAsync(user.Id, \"role\"); You should not be using Web.Security APIs once you have migrated and enabled ASP.NET ",
      "PostedDate": "2014-05-04T12:03:35.19-07:00",
      "Id": 174147
    },
    {
      "Message": "Suhasj, I resolved the issue and posted an answer at my stackoverflow post about the time you sent this.\r\n\r\nUser.IsInRole works fine with Identity 2.0.  I found the source of the problem was I wasn't getting authenticated.  Once that problem was cleared up User.IsInRole.\r\n\r\nI do not see why you say I shouldn't use User.IsInRole, especially in a legacy app.  It is simple and concise and supported in Identity 2.0.  Why would you go to all the bother of constructing a userManager, find the id and then pass it into the usermanager.  That's several lines of code to replace a single statement.\r\n\r\nI'm opening to knowing if there is compelling reasons if you wish to elaborate and site documentation.  Has User.IsInRole been depreciated in some manner?",
      "PostedDate": "2014-05-05T09:30:41.36-07:00",
      "Id": 174148
    },
    {
      "Message": "@Joe_CP: The API is not deprecated. I was only to trying to isolate the problem but I am glad you figured it out. You can keep the code intact if it works for you.\r\n\r\nAgain I appreciate you taking the effort to migrate your app and use Identity.\r\n\r\nCheers",
      "PostedDate": "2014-05-05T11:38:31.63-07:00",
      "Id": 174149
    }
  ]
}