{
  "WorkItem": {
    "AffectedComponent": {
      "Name": "",
      "DisplayName": ""
    },
    "ClosedComment": "",
    "ClosedDate": "2014-03-25T09:55:10.12-07:00",
    "CommentCount": 2,
    "Custom": "",
    "Description": "On `IdentityDbContext<TUser, TRole, TKey, TUserLogin, TUserRole, TUserClaim>`, if one sets the `RequireUniqueEmail` to true, the e-mail is not ensured to be unique at the SQL Server level which would cause incorrect data storage on highly concurrent environments.",
    "LastUpdatedDate": "2014-03-25T09:55:10.12-07:00",
    "PlannedForRelease": "",
    "ReleaseVisibleToPublic": false,
    "Priority": {
      "Name": "Unassigned",
      "Severity": 0,
      "Id": 0
    },
    "ProjectName": "aspnetidentity",
    "ReportedDate": "2014-03-23T06:08:28.11-07:00",
    "Status": {
      "Name": "Closed",
      "Id": 4
    },
    "ReasonClosed": {
      "Name": "Unassigned"
    },
    "Summary": "[EF] Email uniqueness is not ensured 100% correctly",
    "Type": {
      "Name": "Unassigned",
      "Id": 5
    },
    "VoteCount": 1,
    "Id": 2120
  },
  "FileAttachments": [],
  "Comments": [
    {
      "Message": "This is being tracked here https://aspnetidentity.codeplex.com/workitem/2062 ",
      "PostedDate": "2014-03-24T13:11:52.267-07:00",
      "Id": 174023
    },
    {
      "Message": "ow, sorry :s the weird thing is that I actually voted for that issue :) thx!",
      "PostedDate": "2014-03-24T13:56:18.443-07:00",
      "Id": 174024
    }
  ]
}