{
  "WorkItem": {
    "AffectedComponent": {
      "Name": "",
      "DisplayName": ""
    },
    "ClosedComment": "",
    "ClosedDate": null,
    "CommentCount": 0,
    "Custom": null,
    "Description": "In Startup.cs I am using Lambdas to create an instance of my `UserManager` class:\r\n\r\n    app.CreatePerOwinContext(() => new IdentityContext(\"AuthDatabase\"));\r\n    app.CreatePerOwinContext((IdentityFactoryOptions<UserManager> options, IOwinContext owin) => new UserManager(new UserStore<User, Role, Guid, UserLogin, UserRole, UserClaim>(owin.Get<IdentityContext>()), options.DataProtectionProvider));\r\n\r\n.\r\nIn one of my controllers I'm using a Lambda to retrieve the `UserManager` instance:\r\n\r\n    private UserManager UserManager => _userMan ?? (_userMan = Request.GetOwinContext().GetUserManager<UserManager>());\r\n\r\nBut this line doesn't execute above Lambdas. Instead `GetUserManager()` always returns `null`.\r\n\r\n.\r\nWhat's wrong with above code? Why are the callbacks never called?",
    "LastUpdatedDate": "2015-11-30T16:58:14.617-08:00",
    "PlannedForRelease": "",
    "ReleaseVisibleToPublic": false,
    "Priority": {
      "Name": "Unassigned",
      "Severity": 0,
      "Id": 0
    },
    "ProjectName": "aspnetidentity",
    "ReportedDate": "2015-11-30T16:58:14.617-08:00",
    "Status": {
      "Name": "Proposed",
      "Id": 1
    },
    "ReasonClosed": {
      "Name": "Unassigned"
    },
    "Summary": "Callbacks in CreatePerOwinContext() never called - what's wrong?",
    "Type": {
      "Name": "Unassigned",
      "Id": 5
    },
    "VoteCount": 1,
    "Id": 2544
  },
  "FileAttachments": [],
  "Comments": []
}