{
  "WorkItem": {
    "AffectedComponent": {
      "Name": "",
      "DisplayName": ""
    },
    "ClosedComment": "Identity 2.0 is no longer under primary development. No new features will be added, only bugs will be considered.\n\nIf [Identity 3.0](https://github.com/aspnet/Identity/) does not have the feature you require then feel free to log a bug there.",
    "ClosedDate": "2016-03-02T09:49:05.613-08:00",
    "CommentCount": 0,
    "Custom": null,
    "Description": "The whole OWIN project comes with barely no XML comments. So we don't have any documentation on the project.\r\n\r\nWho feels resonsible for this project and, thereby, responsible for adding reasonable comments?",
    "LastUpdatedDate": "2016-03-02T09:49:05.613-08:00",
    "PlannedForRelease": "",
    "ReleaseVisibleToPublic": false,
    "Priority": {
      "Name": "Unassigned",
      "Severity": 0,
      "Id": 0
    },
    "ProjectName": "aspnetidentity",
    "ReportedDate": "2015-11-06T11:19:02.01-08:00",
    "Status": {
      "Name": "Closed",
      "Id": 4
    },
    "ReasonClosed": {
      "Name": "Won't Fix"
    },
    "Summary": "Who feels responsible for documentation?",
    "Type": {
      "Name": "Unassigned",
      "Id": 5
    },
    "VoteCount": 1,
    "Id": 2542
  },
  "FileAttachments": [],
  "Comments": []
}