{
  "WorkItem": {
    "AffectedComponent": {
      "Name": "",
      "DisplayName": ""
    },
    "ClosedComment": "Null reference check was put in 2.0 which solved the issue",
    "ClosedDate": "2014-05-06T17:09:55.3-07:00",
    "CommentCount": 3,
    "Custom": "",
    "Description": "Hello.  I'm new to asp.net MVC development but have been a Visual Studio developer for years.\n\nI started with a simple tutorial at this link:  http://www.asp.net/mvc/tutorials/mvc-5/create-an-aspnet-mvc-5-app-with-facebook-and-google-oauth2-and-openid-sign-on\n\nIt's really all based on Visual Studio 2013's base templates.  However if you follow the link above and scroll down to the area after the Google login and now you see a page where you would click the 'Accept' button, I do this and then the next thing I see is an error page in my application.  It states the infamous 'Object reference not set to an instance of an object.'  It shows the error in the code at:\n\nLine 166:    <AllowAnonymous>\nLine 167:    Public Async Function ExternalLoginCallback(returnUrl As String) As Task(Of ActionResult)\nLine 168:        Dim loginInfo = Await AuthenticationManager.GetExternalLoginInfoAsync()\nLine 169:        If loginInfo Is Nothing Then\nLine 170:            Return RedirectToAction(\"Login\")\n\nError is on line 168.  By the way, I had another tutorial using Windows Azure which starts out the same way and is in C# and it fails the same way in the same area of code.\n\nI know there are plenty of other people having this issue and other links I've visited, but nothing seems to help.\n\nI then ran into another tutorial that dates back to Sep of 2012 using a different method of authentication and registration and it works right away, no problem.  This link is:\n\nhttp://blogs.msdn.com/b/webdev/archive/2012/09/12/integrate-openauth-openid-with-your-existing-asp-net-application-using-universal-providers.aspx\n\nDoes anyone know what's happening here with my null return and why I never get to the registration page in the first tutorial?",
    "LastUpdatedDate": "2014-05-06T17:09:55.3-07:00",
    "PlannedForRelease": "",
    "ReleaseVisibleToPublic": false,
    "Priority": {
      "Name": "Unassigned",
      "Severity": 0,
      "Id": 0
    },
    "ProjectName": "aspnetidentity",
    "ReportedDate": "2014-02-20T06:05:49.923-08:00",
    "Status": {
      "Name": "Closed",
      "Id": 4
    },
    "ReasonClosed": {
      "Name": "Unassigned"
    },
    "Summary": "OWIN Failing on Google Registration",
    "Type": {
      "Name": "Unassigned",
      "Id": 5
    },
    "VoteCount": 1,
    "Id": 2042
  },
  "FileAttachments": [],
  "Comments": [
    {
      "Message": "I have the same problem. Were you able to resolve the problem?\r\n\r\n",
      "PostedDate": "2014-03-14T17:27:41.283-07:00",
      "Id": 173965
    },
    {
      "Message": "Hello marinseul.  No I haven't.  No one has gotten back to me on this issue.",
      "PostedDate": "2014-03-17T05:50:35.99-07:00",
      "Id": 173966
    },
    {
      "Message": "Hello marinseul again.  I have great news!  After following the instructions to get the latest beta (and even alpha) updates via nightly builds, (follow the link below), I was finally able to get this to work properly.\r\n\r\nI find it rather strange that I had to get a version 3.0 alpha version in order for this to work.  I'm not sure how anyone else got this to work on earlier versions.\r\n\r\nhttp://blogs.msdn.com/b/webdev/archive/2013/10/09/asp-net-identity-nuget-packages-for-the-nightly-builds-are-available-on-myget.aspx",
      "PostedDate": "2014-03-19T09:42:27.683-07:00",
      "Id": 173967
    }
  ]
}