{
  "WorkItem": {
    "AffectedComponent": {
      "Name": "",
      "DisplayName": ""
    },
    "ClosedComment": "",
    "ClosedDate": "2014-09-22T14:45:00.393-07:00",
    "CommentCount": 2,
    "Custom": "",
    "Description": "Is there any tutorial on how to migrate MVC3 using the old sqlmembershipprovider to identity 2.0.\nThank you",
    "LastUpdatedDate": "2014-09-22T14:45:00.393-07:00",
    "PlannedForRelease": "",
    "ReleaseVisibleToPublic": false,
    "Priority": {
      "Name": "Unassigned",
      "Severity": 0,
      "Id": 0
    },
    "ProjectName": "aspnetidentity",
    "ReportedDate": "2014-09-02T12:51:57.497-07:00",
    "Status": {
      "Name": "Closed",
      "Id": 4
    },
    "ReasonClosed": {
      "Name": "Unassigned"
    },
    "Summary": "SqlMembership provider",
    "Type": {
      "Name": "Unassigned",
      "Id": 5
    },
    "VoteCount": 1,
    "Id": 2375
  },
  "FileAttachments": [],
  "Comments": [
    {
      "Message": "http://www.asp.net/identity/overview/migrations/migrating-an-existing-website-from-sql-membership-to-aspnet-identity hope this helps",
      "PostedDate": "2014-09-02T15:01:22.31-07:00",
      "Id": 174257
    },
    {
      "Message": "Thank you, unfortunately it does not help, it is in webforms and identity 1.0.  I was able to get it working as webforms project but not MVC.  I will be great if the identity team can help with this; I have no doubt there are many people facing the same challenge.",
      "PostedDate": "2014-09-02T15:11:25.06-07:00",
      "Id": 174258
    }
  ]
}