{
  "WorkItem": {
    "AffectedComponent": {
      "Name": "",
      "DisplayName": ""
    },
    "ClosedComment": "This is fixed and available on the nightly feed https://www.myget.org/f/aspnetwebstacknightly/api/v2. can you please verify that this indeed reduces the number of database calls to signin. Please re open issue if you have additional comments",
    "ClosedDate": "2015-04-06T15:09:12.913-07:00",
    "CommentCount": 3,
    "Custom": null,
    "Description": "Hi,\r\n\r\nif the user logs in with PasswordSignIn and provide valid credentials the FindByIdAsync and FindByNameAsync are called 9 times overall. I think this is to much overhead. Is it possible to optimize the database access to have fewer accesses?",
    "LastUpdatedDate": "2017-11-28T00:28:51.59-08:00",
    "PlannedForRelease": "2.2.1",
    "ReleaseVisibleToPublic": true,
    "Priority": {
      "Name": "Unassigned",
      "Severity": 0,
      "Id": 0
    },
    "ProjectName": "aspnetidentity",
    "ReportedDate": "2015-03-11T01:55:29.597-07:00",
    "Status": {
      "Name": "Closed",
      "Id": 4
    },
    "ReasonClosed": {
      "Name": "Fixed"
    },
    "Summary": "PasswordSignInAsync database access",
    "Type": {
      "Name": "Unassigned",
      "Id": 5
    },
    "VoteCount": 1,
    "Id": 2511
  },
  "FileAttachments": [],
  "Comments": [
    {
      "Message": "This might be related to https://aspnetidentity.codeplex.com/workitem/2508",
      "PostedDate": "2015-03-11T14:19:21.533-07:00",
      "Id": 177877
    },
    {
      "Message": "@SaschaM: Can you verify with the nightly builds and see if the number of calls to the Find apis is reduced ?",
      "PostedDate": "2015-03-23T12:34:52.92-07:00",
      "Id": 179883
    },
    {
      "Message": "I have testet the nightly builds. PasswordSignIn with valid credentials calls FindByName once and FindById 6 times. ",
      "PostedDate": "2015-03-24T01:31:30.107-07:00",
      "Id": 179901
    }
  ]
}