{
  "WorkItem": {
    "AffectedComponent": {
      "Name": "",
      "DisplayName": ""
    },
    "ClosedComment": "",
    "ClosedDate": "2014-05-15T11:58:50.35-07:00",
    "CommentCount": 2,
    "Custom": "",
    "Description": "Need to rename admin credentials",
    "LastUpdatedDate": "2014-05-15T11:58:50.35-07:00",
    "PlannedForRelease": "2.1",
    "ReleaseVisibleToPublic": true,
    "Priority": {
      "Name": "Low",
      "Severity": 50,
      "Id": 1
    },
    "ProjectName": "aspnetidentity",
    "ReportedDate": "2014-04-01T18:39:25.13-07:00",
    "Status": {
      "Name": "Closed",
      "Id": 4
    },
    "ReasonClosed": {
      "Name": "Unassigned"
    },
    "Summary": "[Samples package] Consider renaming admin credentials",
    "Type": {
      "Name": "Issue",
      "Id": 3
    },
    "VoteCount": 1,
    "Id": 2141
  },
  "FileAttachments": [],
  "Comments": [
    {
      "Message": "It's ok to use example.com --riande",
      "PostedDate": "2014-04-04T16:32:47.62-07:00",
      "Id": 174078
    },
    {
      "Message": "admin@example.com now",
      "PostedDate": "2014-05-06T16:30:33.277-07:00",
      "Id": 174079
    }
  ]
}