{
  "WorkItem": {
    "AffectedComponent": {
      "Name": "",
      "DisplayName": ""
    },
    "ClosedComment": "User suggested that this might be web farms and session state",
    "ClosedDate": "2015-02-02T10:30:07.973-08:00",
    "CommentCount": 7,
    "Custom": "",
    "Description": "Dim user As ApplicationUser = manager.Find(Email.Text, Password.Text)\nUser is always nothing\n\nI am using an SQL server database and the user is in the database. Is there any way to debug this to see that the issue might be. I have created all my own tables matching the local database schema.",
    "LastUpdatedDate": "2015-02-02T10:30:07.973-08:00",
    "PlannedForRelease": "",
    "ReleaseVisibleToPublic": false,
    "Priority": {
      "Name": "Unassigned",
      "Severity": 0,
      "Id": 0
    },
    "ProjectName": "aspnetidentity",
    "ReportedDate": "2014-04-24T00:29:27.523-07:00",
    "Status": {
      "Name": "Closed",
      "Id": 4
    },
    "ReasonClosed": {
      "Name": "Unassigned"
    },
    "Summary": "LogIn Fails after new users is created",
    "Type": {
      "Name": "Unassigned",
      "Id": 5
    },
    "VoteCount": 1,
    "Id": 2176
  },
  "FileAttachments": [],
  "Comments": [
    {
      "Message": "The symbols for the IDentity package are public. You can set that source in VS and debug through the code to get the issue. Take a look at http://www.symbolsource.org/Public/Home/VisualStudio ",
      "PostedDate": "2014-04-24T12:24:19.083-07:00",
      "Id": 174124
    },
    {
      "Message": "I figured out the issue had something to do with migration, I setAutomaticMigrationsEnabled = False and now at least during Login user IsNot Nothing. However in my site Master page it still shows the  stuff.\r\n\r\n   Protected Sub LogIn(sender As Object, e As EventArgs)        If IsValid Then            ' Validate the user password            Dim manager = Context.GetOwinContext().GetUserManager(Of ApplicationUserManager)()            Dim user As ApplicationUser = manager.Find(Email.Text, Password.Text)            If user IsNot Nothing Then                IdentityHelper.SignIn(manager, user, RememberMe.Checked)                IdentityHelper.RedirectToReturnUrl(Request.QueryString(\"ReturnUrl\"), Response)            Else                FailureText.Text = \"Invalid username or password.\"                ErrorMessage.Visible = True            End If        End If    End Sub",
      "PostedDate": "2014-04-24T12:38:48.16-07:00",
      "Id": 174125
    },
    {
      "Message": "After much debugging I found a difference, since I am on a webfarm I need session state be something other than inProc. the commented out lines fail locally and remotely and the lines that work locally don't work on a webfarm. Visual Studio 2013 no longer can initialize the ASP SessionState database and the scripts don't seem to work against a hosted SQL database.\r\n\r\nFrom Web.Config          \r\n               \r\n    -->          \r\n              \r\n    ",
      "PostedDate": "2014-04-24T17:02:23.69-07:00",
      "Id": 174126
    },
    {
      "Message": "@paulmcohen: can you still reproduce the issue ? I was able to set my session provider to a sqlserver and it created the Session table as expected and stored the information",
      "PostedDate": "2014-06-05T14:48:19.537-07:00",
      "Id": 174127
    },
    {
      "Message": "Yes I am still having the issue in production. for testing I am using inproc but that does now work reliably on a webfarm.",
      "PostedDate": "2014-06-05T21:23:29.62-07:00",
      "Id": 174128
    },
    {
      "Message": "@paulmcohen: Can you still repro the issue with the latest bits of Identity and Provider. It would help if you can provide a simple repro for me to debug the issue",
      "PostedDate": "2015-01-27T11:08:20.597-08:00",
      "Id": 174129
    },
    {
      "Message": "I gave up on this in June and moved the site to WordPress. Sorry I don't have access to the code anymore.\r\n\r\nI don't think this was a bug in your code as much as a configuration issue with Web Farms and Session State.",
      "PostedDate": "2015-01-27T12:09:10.533-08:00",
      "Id": 174130
    }
  ]
}