{
  "WorkItem": {
    "AffectedComponent": {
      "Name": "",
      "DisplayName": ""
    },
    "ClosedComment": "Will look at in v3",
    "ClosedDate": "2014-08-25T14:35:18.323-07:00",
    "CommentCount": 0,
    "Custom": "",
    "Description": "I see in the UserStore<T>.FindUserByName there are calls to ToUpper on the username. Would we have a Turkish-I problem?",
    "LastUpdatedDate": "2014-08-25T14:35:18.323-07:00",
    "PlannedForRelease": "Future",
    "ReleaseVisibleToPublic": false,
    "Priority": {
      "Name": "Unassigned",
      "Severity": 0,
      "Id": 0
    },
    "ProjectName": "aspnetidentity",
    "ReportedDate": "2013-11-14T19:55:22.14-08:00",
    "Status": {
      "Name": "Closed",
      "Id": 4
    },
    "ReasonClosed": {
      "Name": "Unassigned"
    },
    "Summary": "Identity: UserStore<T> can have the Turkish-I problem",
    "Type": {
      "Name": "Issue",
      "Id": 3
    },
    "VoteCount": 3,
    "Id": 1906
  },
  "FileAttachments": [],
  "Comments": []
}