{
  "WorkItem": {
    "AffectedComponent": {
      "Name": "",
      "DisplayName": ""
    },
    "ClosedComment": "",
    "ClosedDate": "2015-06-03T14:13:56.35-07:00",
    "CommentCount": 16,
    "Custom": null,
    "Description": "The issue is easily reproduced in the default asp.net project template by setting the validateInterval parameter of the OnValidateIdentity to 1 minute, and then waiting 1 minute before clicking the log off button.\r\nIf the call to the action that calls SignOut happens to trigger the regeneration of the identity, the user won't be signed out.\r\nIssue was reproduced with both the 2.0 and 2.1 rc identity packages, using either OWIN 2.1 and 3.0 rc. \r\nIf it is the intended design, what's a sensible workaround?",
    "LastUpdatedDate": "2015-08-26T09:04:52.257-07:00",
    "PlannedForRelease": "",
    "ReleaseVisibleToPublic": false,
    "Priority": {
      "Name": "Unassigned",
      "Severity": 0,
      "Id": 0
    },
    "ProjectName": "aspnetidentity",
    "ReportedDate": "2014-08-04T04:27:18.727-07:00",
    "Status": {
      "Name": "Closed",
      "Id": 4
    },
    "ReasonClosed": {
      "Name": "Fixed"
    },
    "Summary": "AuthenticationManager.SignOut doesn't work if identity was regenerated in current request",
    "Type": {
      "Name": "Unassigned",
      "Id": 5
    },
    "VoteCount": 9,
    "Id": 2347
  },
  "FileAttachments": [],
  "Comments": [
    {
      "Message": "Can you replace the AuthenticationManager.Signout() with \r\n\r\n     AuthenticationManager.Signout(DefaultAuthenticationTypes.ApplicationCookie); \r\n\r\nThis should ideally fix the issue",
      "PostedDate": "2014-08-18T18:42:44.003-07:00",
      "Id": 174230
    },
    {
      "Message": "Your change does solve the problem when using the latest of everything (identity 2.1 and owin 3.0 rc2).It does not work, however, on identity 2.0 + owin 2.1.This is good enough for me, though, so thank you.",
      "PostedDate": "2014-08-19T02:06:27.79-07:00",
      "Id": 174231
    },
    {
      "Message": "The fix was in the OWIN cookie middleware and was done in v3.0. Hence you can still see the issue in 2.1.0 and not v3.0 RC bits. But glad it solved the issue. I'll go ahead and close the bug. Re open if needed",
      "PostedDate": "2014-08-19T10:04:55.213-07:00",
      "Id": 174232
    },
    {
      "Message": "Please note, I am still able to replicate this issue even with the latest nightlies for Identity 2.2.0 and Owin 3.0.1 (as of 17 Nov 2014).",
      "PostedDate": "2014-11-17T12:23:42.863-08:00",
      "Id": 174233
    },
    {
      "Message": "My previous comment refers to calling AuthenticationManager.SignOut() without the parameter. Apologies for any confusion.",
      "PostedDate": "2014-11-17T12:54:33.413-08:00",
      "Id": 174234
    },
    {
      "Message": "Just upgraded to Identity 2.0 and Owin 3.0.1, and cannot log out of my apps.  Seems this is still an active bug.",
      "PostedDate": "2015-03-01T16:37:39.227-08:00",
      "Id": 176781
    },
    {
      "Message": "This issue should be reopened.\nAfter upgrading to Identity 2.2 and Owin 3.0.1 signing out stopped working at all when identity is regenerated.\nWith original identity (not regenerated) signing out works fine.\n\nUsing AuthenticationManager.Signout(DefaultAuthenticationTypes.ApplicationCookie) solves this problem, but parameterless AuthenticationManager.Signout() should work also.",
      "PostedDate": "2015-03-04T00:51:09.62-08:00",
      "Id": 176957
    },
    {
      "Message": "Same issue as Piter. Since updating to Identity 2.2 and Owin 3.0.1, cannot signout at all.\n",
      "PostedDate": "2015-03-04T07:00:37.377-08:00",
      "Id": 176974
    },
    {
      "Message": "Same issue here too. I had to pass in DefaultAuthenticationTypes.ApplicationCookie to get the SignOut to work properly, and I'm using the latest versions.",
      "PostedDate": "2015-03-04T20:53:15.483-08:00",
      "Id": 177010
    },
    {
      "Message": "Resolution provided in comments\n\r\n\r** Closed by suhasj 08/19/2014 10:05AM",
      "PostedDate": "2014-08-19T10:05:18.763-07:00",
      "Id": 177845
    },
    {
      "Message": "Can anyone provide a sample which reproes this issue? It will help us investigate this issue",
      "PostedDate": "2015-03-11T10:21:24.997-07:00",
      "Id": 177846
    },
    {
      "Message": "@raspranav Super easy to reproduce. Usually, I use that to sign out.\n\n```\nAuthenticationManager.Signout(); \n```\n\nWith the update to Identity 2.2 and Owin 3.0.1, the signout below does not throw any errors, but sign out never gets executed. I must use that version\n\n```\nAuthenticationManager.Signout(DefaultAuthenticationTypes.ApplicationCookie); \n```\nSomething changed in the way the sign out performs.\n",
      "PostedDate": "2015-03-11T12:32:53.28-07:00",
      "Id": 177860
    },
    {
      "Message": "Can you please send us a sample app or create the repro on GitHub so we can access it. How are you configuring the Cookie middleware and Identity?",
      "PostedDate": "2015-03-11T13:56:53.57-07:00",
      "Id": 177873
    },
    {
      "Message": "@raprasnav You can use the default out-of-the-box MVC website template and update Identity to 2.2 and Owin to 3.0.1. You'll get the strange behavior.",
      "PostedDate": "2015-03-12T06:21:06.28-07:00",
      "Id": 177952
    },
    {
      "Message": "The templates have been updated in VS 2013 Update 5 with the following workaround in LogOff Action\nAuthenticationManager.Signout(DefaultAuthenticationTypes.ApplicationCookie); ",
      "PostedDate": "2015-06-03T14:13:43.307-07:00",
      "Id": 185097
    },
    {
      "Message": "Don't know if this will help anybody but I had exactly this problem We migrated from simple membership to Identity 2 and the logout functionality didn't work.\n\nIn the end I stumbled across a solution which was to remove the cookies for the site. hey presto It worked.",
      "PostedDate": "2015-08-26T09:04:52.257-07:00",
      "Id": 189606
    }
  ]
}