{
  "WorkItem": {
    "AffectedComponent": {
      "Name": "",
      "DisplayName": ""
    },
    "ClosedComment": "Closing this issue. Please re open if this is not fixed with latest EF bits",
    "ClosedDate": "2015-04-13T16:13:50.053-07:00",
    "CommentCount": 4,
    "Custom": "",
    "Description": "Hi, I have a issue adding a user to a role or getting, actual user roles. I'm detected a issue in my IdentityUserRoles table. It has 4 columns instead 2 (RoleId, UserId, ApplicationUser_Id and IdentityRole_Id). When I call AddToRoles method it creates a row in IdentityUserRoles populating only the RoleId and UserId columns. I have no idea how to change this behaviour.\n\nI have extended UserManager, RoleManager, IdentityUser and IdentityRole but I don't touch anything about userRoles. This is my code:\n\n```\npublic class ApplicationUserManager : UserManager<ApplicationUser>\n    {\n        public ApplicationUserManager(IUserStore<ApplicationUser> store)\n            : base(store)\n        {\n        }\n\n        public static ApplicationUserManager Create(IdentityFactoryOptions<ApplicationUserManager> options, IOwinContext context)\n        {\n            var manager = new ApplicationUserManager(new UserStore<ApplicationUser>(context.Get<MyDbContext>()));\n            // Configure validation logic for usernames\n            manager.UserValidator = new UserValidator<ApplicationUser>(manager)\n            {\n                AllowOnlyAlphanumericUserNames = false,\n                RequireUniqueEmail = true\n            };\n            // Configure validation logic for passwords\n            manager.PasswordValidator = new PasswordValidator\n            {\n                RequiredLength = 6,\n                RequireNonLetterOrDigit = true,\n                RequireDigit = true,\n                RequireLowercase = true,\n                RequireUppercase = true,\n            };\n            var dataProtectionProvider = options.DataProtectionProvider;\n            if (dataProtectionProvider != null)\n            {\n                manager.UserTokenProvider = new DataProtectorTokenProvider<ApplicationUser>(dataProtectionProvider.Create(\"ASP.NET Identity\"));\n            }\n            return manager;\n        }\n    }\n```\n\n```\npublic class ApplicationRoleManager : RoleManager<ApplicationRole>\n    {\n        public ApplicationRoleManager(IRoleStore<ApplicationRole, string> roleStore)\n            : base(roleStore)\n        {\n        }\n\n        public static ApplicationRoleManager Create(IdentityFactoryOptions<ApplicationRoleManager> options, IOwinContext context)\n        {\n            return new ApplicationRoleManager(new RoleStore<ApplicationRole>(context.Get<MyDbContext>()));\n        }\n    }\n```\n\n```\npublic class ApplicationUser : IdentityUser, IUser\n    {\n        public async Task<ClaimsIdentity>\n           GenerateUserIdentityAsync(ApplicationUserManager manager)\n        {\n            var userIdentity = await manager\n                .CreateIdentityAsync(this, DefaultAuthenticationTypes.ApplicationCookie);\n\n            return userIdentity;\n        }\n\n        public string FirstName { get; set; }\n        public string LastName { get; set; }\n        //public string Email { get; set; }\n        //public string Password { get; set; }\n    }\n```\n\n```\npublic class ApplicationRole : IdentityRole\n    {\n        public ApplicationRole() : base() { }\n        public ApplicationRole(string name) : base(name) { }\n\n        public ApplicationRole(string name, string description) : base(name)\n        {\n            Description = description;\n        }\n        public string Description { get; set; }\n\n    }\n```\n\nThanks in advance!",
    "LastUpdatedDate": "2017-11-28T00:28:51.59-08:00",
    "PlannedForRelease": "",
    "ReleaseVisibleToPublic": false,
    "Priority": {
      "Name": "Unassigned",
      "Severity": 0,
      "Id": 0
    },
    "ProjectName": "aspnetidentity",
    "ReportedDate": "2014-07-09T02:04:15.76-07:00",
    "Status": {
      "Name": "Closed",
      "Id": 4
    },
    "ReasonClosed": {
      "Name": "Fixed"
    },
    "Summary": "Issue adding roles to a user",
    "Type": {
      "Name": "Unassigned",
      "Id": 5
    },
    "VoteCount": 3,
    "Id": 2311
  },
  "FileAttachments": [],
  "Comments": [
    {
      "Message": "ApplicationUser : IdentityUser, IUser is incorrect, since IdentityUser already extends from IUser. This might be causing issues with the mapping in EF. Try extending only the IdentityUser and this should be fine. Also check the samples package for the any immediate help",
      "PostedDate": "2014-07-09T10:51:12.693-07:00",
      "Id": 174205
    },
    {
      "Message": "Hi suhasj, I tried to remove IUser, delete and create a new database and make a new migration from nothing. I have the same issue. I think can be a IoC configuration issue (I use autofac) because I changed the Owin implementation using CreatePerOwinContext method from IAppBuilder in ConfigureAuth to add Identity. I push ApplicationUserManager and ApplicationRoleManager using this code in my IoC bootstrapper:\r\n\r\n```containerBuilder.Register(c =>            {                var manager = new ApplicationUserManager(new UserStore(new GinemedIntranetEntities()));                manager.UserValidator = new UserValidator(manager)                {                    AllowOnlyAlphanumericUserNames = false,                    RequireUniqueEmail = true                };                manager.PasswordValidator = new PasswordValidator                {                    RequiredLength = 6,                    RequireNonLetterOrDigit = false,                    RequireDigit = true,                    RequireLowercase = false,                    RequireUppercase = false,                };\r\n\r\n                manager.UserLockoutEnabledByDefault = true;                manager.DefaultAccountLockoutTimeSpan = TimeSpan.FromMinutes(5);                manager.MaxFailedAccessAttemptsBeforeLockout = 5;\r\n\r\n                manager.RegisterTwoFactorProvider(\"EmailCode\", new EmailTokenProvider                {                    Subject = \"SecurityCode\",                    BodyFormat = \"Your security code is {0}\"                });                manager.EmailService = new EmailService(new Service.EmailService());\r\n\r\n                return manager;            }).As().InstancePerRequest();\r\n\r\n            containerBuilder.Register(c => new ApplicationRoleManager(new RoleStore(new GinemedIntranetEntities()))).As().InstancePerRequest();```\r\n\r\nI checked two Identity +2.0 samples and I haven't found differences from my code except Owin implementation.\r\n\r\nRegards",
      "PostedDate": "2014-07-09T15:51:00.707-07:00",
      "Id": 174206
    },
    {
      "Message": "It has nothing to do with owin or autofac, see https://entityframework.codeplex.com/workitem/2250",
      "PostedDate": "2014-09-02T07:20:26.47-07:00",
      "Id": 174207
    },
    {
      "Message": "Can you check if you can repro this with EF 6.1.2. I wasnt able to so I feel this should be fixed now",
      "PostedDate": "2015-01-27T09:57:10.77-08:00",
      "Id": 174208
    }
  ]
}