{
  "WorkItem": {
    "AffectedComponent": {
      "Name": "",
      "DisplayName": ""
    },
    "ClosedComment": "in 2.1 as of 05/29",
    "ClosedDate": "2014-05-29T11:00:04.293-07:00",
    "CommentCount": 0,
    "Custom": "",
    "Description": "AuthenticationManagerExtensions class, TwoFactorBrowserRememberedAsync method",
    "LastUpdatedDate": "2014-05-29T11:00:04.293-07:00",
    "PlannedForRelease": "2.1",
    "ReleaseVisibleToPublic": true,
    "Priority": {
      "Name": "Medium",
      "Severity": 100,
      "Id": 2
    },
    "ProjectName": "aspnetidentity",
    "ReportedDate": "2014-05-28T10:47:40.54-07:00",
    "Status": {
      "Name": "Closed",
      "Id": 4
    },
    "ReasonClosed": {
      "Name": "Unassigned"
    },
    "Summary": "Need to add sync method for TwoFactorBrowserRememberedAsync extension method",
    "Type": {
      "Name": "Issue",
      "Id": 3
    },
    "VoteCount": 1,
    "Id": 2244
  },
  "FileAttachments": [],
  "Comments": []
}