{
  "WorkItem": {
    "AffectedComponent": {
      "Name": "",
      "DisplayName": ""
    },
    "ClosedComment": "We will consider this for the next major update",
    "ClosedDate": "2014-08-18T14:21:06.14-07:00",
    "CommentCount": 5,
    "Custom": "",
    "Description": "I'm posting this at the request of Rick Anderson.  It was originally posted on the User Voice site: http://aspnet.uservoice.com/forums/41199-general-asp-net/suggestions/5856602-asp-net-identity-add-ability-to-have-different-to.\n\nWe're generating tokens for password resets and user invites/registration using the GeneratePasswordResetTokenAsync() and GenerateUserTokenAsync() methods exposed by the UserManager class, respectively. We'd like to be able to have a different lifespan for each of those token types (e.g. 20 minutes for password resets and 1 week for user invites/registration). However, the DataProtectorTokenProvider class only has a single TokenLifespan that is used for all purposes.",
    "LastUpdatedDate": "2017-05-26T05:34:56.57-07:00",
    "PlannedForRelease": "",
    "ReleaseVisibleToPublic": false,
    "Priority": {
      "Name": "Unassigned",
      "Severity": 0,
      "Id": 0
    },
    "ProjectName": "aspnetidentity",
    "ReportedDate": "2014-05-20T06:23:54.987-07:00",
    "Status": {
      "Name": "Closed",
      "Id": 4
    },
    "ReasonClosed": {
      "Name": "Unassigned"
    },
    "Summary": "Add ability to have different token lifespan for different purposes",
    "Type": {
      "Name": "Unassigned",
      "Id": 5
    },
    "VoteCount": 6,
    "Id": 2228
  },
  "FileAttachments": [],
  "Comments": [
    {
      "Message": "Also, specify a separate timespan for EmailConfirmation tokens too.",
      "PostedDate": "2014-06-04T22:48:41.7-07:00",
      "Id": 174162
    },
    {
      "Message": "Any news about this?",
      "PostedDate": "2015-12-04T13:41:08.933-08:00",
      "Id": 194240
    },
    {
      "Message": "It is almost 2 years since this ticket was closed; any update is highly appreciated.",
      "PostedDate": "2016-06-26T20:38:00.08-07:00",
      "Id": 200282
    },
    {
      "Message": "Any update about this work item?",
      "PostedDate": "2017-03-17T00:13:14.38-07:00",
      "Id": 207807
    },
    {
      "Message": "I found a workaround:\nhttps://gist.github.com/ArtemAvramenko/8f34ec8aac5c0fb6380871a18e69ffd8",
      "PostedDate": "2017-05-26T05:34:56.57-07:00",
      "Id": 208470
    }
  ]
}