{
  "WorkItem": {
    "AffectedComponent": {
      "Name": "",
      "DisplayName": ""
    },
    "ClosedComment": "",
    "ClosedDate": null,
    "CommentCount": 0,
    "Custom": null,
    "Description": "UserStore has \r\n\r\n    public virtual Task<TUser> FindByEmailAsync(string email)\r\n    {\r\n      this.ThrowIfDisposed();\r\n      return this.GetUserAggregateAsync((Expression<Func<TUser, bool>>) (u => u.Email.ToUpper() == email.ToUpper()));\r\n    }\r\n\r\nand \r\n\r\n    public virtual Task<TUser> FindByNameAsync(string userName)\r\n    {\r\n      this.ThrowIfDisposed();\r\n      return this.GetUserAggregateAsync((Expression<Func<TUser, bool>>) (u => u.UserName.ToUpper() == userName.ToUpper()));\r\n    }\r\n\r\nbut when validation the code uses regular equals\r\n\r\n      if (Queryable.Any<TUser>((IQueryable<TUser>) this.Users,\r\n           (Expression<Func<TUser, bool>>) (u => string.Equals(u.UserName, user.UserName))))\r\n\r\n      if (Queryable.Any<TUser>((IQueryable<TUser>) this.Users,\r\n                            (Expression<Func<TUser, bool>>) (u => string.Equals(u.Email, user.Email))))\r\n\r\nPlease fix so that the where statements are equals, use the same indexes and has the same way of determining if there is duplicate emails or usernames. \r\n\r\n",
    "LastUpdatedDate": "2016-05-18T12:01:21.127-07:00",
    "PlannedForRelease": "",
    "ReleaseVisibleToPublic": false,
    "Priority": {
      "Name": "Unassigned",
      "Severity": 0,
      "Id": 0
    },
    "ProjectName": "aspnetidentity",
    "ReportedDate": "2016-05-18T12:01:21.127-07:00",
    "Status": {
      "Name": "Proposed",
      "Id": 1
    },
    "ReasonClosed": {
      "Name": "Unassigned"
    },
    "Summary": "ValidateEntity should use same where as UserStore",
    "Type": {
      "Name": "Unassigned",
      "Id": 5
    },
    "VoteCount": 1,
    "Id": 2551
  },
  "FileAttachments": [],
  "Comments": []
}