{
  "WorkItem": {
    "AffectedComponent": {
      "Name": "",
      "DisplayName": ""
    },
    "ClosedComment": "There is a corresponding bug in the Katana project tracking this issue https://katanaproject.codeplex.com/workitem/187",
    "ClosedDate": "2014-01-28T09:24:48.517-08:00",
    "CommentCount": 1,
    "Custom": "",
    "Description": "My App uses the 2.0 ASP.NET identity (december '13) to authenticate WebAPI 2 calls using bearer tokens.\nCode inspired by \nhttp://www.asp.net/web-api/overview/hosting-aspnet-web-api/host-aspnet-web-api-in-an-azure-worker-role\nand\nhttp://www.asp.net/web-api/overview/security/individual-accounts-in-web-api\n\nupgraded to the identity 2.0 RC to use int key or users.\n\n\nWhen I run my workerrole as a stanalone app, everything is Ok.\nBut if I try to start with more instances, the Token works only on one instance.\n\nSomeone at katana project suggested that is is a machine key problem ?\n\nHow is generated the bearer Token when using default code as this\n\n```\n            OAuthOptions        = new OAuthAuthorizationServerOptions\n            {\n                TokenEndpointPath           = new PathString(\"/api/v1/Token\"),\n                Provider                    = new MyOAuthProvider(PublicClientId),\n                AuthorizeEndpointPath       = new PathString(\"/api/v1/Account/ExternalLogin\"),\n                AccessTokenExpireTimeSpan   = TimeSpan.FromDays(14),\n                AllowInsecureHttp           = true\n            };\n....\n            app.UseCookieAuthentication(new CookieAuthenticationOptions {\n                AuthenticationType = DefaultAuthenticationTypes.ApplicationCookie,\n                LoginPath = new PathString(\"/api/v1/Account/Login\"),\n                Provider = new CookieAuthenticationProvider {\n                        OnValidateIdentity = SecurityStampValidator.OnValidateIdentity<DatwendoUserManager, DatwendoUser, int>(\n                        validateInterval: TimeSpan.FromMinutes(20), \n                        regenerateIdentityCallback: (manager, user) => user.GenerateUserIdentityAsync(manager),\n                        getUserIdCallback:(id)=>(Int32.Parse(id.GetUserId())))\n                }\n            });\n\n\n            app.UseExternalSignInCookie(DefaultAuthenticationTypes.ExternalCookie);\n\n            // Enable the application to use bearer tokens to authenticate users\n            app.UseOAuthBearerTokens(OAuthOptions);\n```\n\nI don't understand, shoudn't Azure take care of the web farm scenario in Worker role as it does for WebRole  ?\n\nIsn't it a poblem with EF 6.1 beta ?\n\nSeems a bug in ASP.NET identity when hosted in multiple instance of worker role.",
    "LastUpdatedDate": "2014-01-28T09:24:48.517-08:00",
    "PlannedForRelease": "2.0.0-Beta1",
    "ReleaseVisibleToPublic": false,
    "Priority": {
      "Name": "Unassigned",
      "Severity": 0,
      "Id": 0
    },
    "ProjectName": "aspnetidentity",
    "ReportedDate": "2014-01-09T00:47:44.357-08:00",
    "Status": {
      "Name": "Closed",
      "Id": 4
    },
    "ReasonClosed": {
      "Name": "Unassigned"
    },
    "Summary": "Bearer token does not work when using identity 2.0 in a web API2 Azure WorkerRole with multiple instances",
    "Type": {
      "Name": "Unassigned",
      "Id": 5
    },
    "VoteCount": 1,
    "Id": 1966
  },
  "FileAttachments": [],
  "Comments": [
    {
      "Message": "I finally solved the problem which is created because Owin generates bearers using a machine dependant algorithm and there is no way to say use same machine key when you have owin self hosted and no web.config.....Either you close this, either you provide a way to generate and validate on a uniform way bearer tokens when several instances of the same role are running under Azure Cloud Services.",
      "PostedDate": "2014-01-27T14:54:45.81-08:00",
      "Id": 173905
    }
  ]
}