{
  "WorkItem": {
    "AffectedComponent": {
      "Name": "",
      "DisplayName": ""
    },
    "ClosedComment": "",
    "ClosedDate": "2014-08-25T14:35:35.263-07:00",
    "CommentCount": 0,
    "Custom": "",
    "Description": "considering adding some kind of interface around the basic validations (user/passwords etc)",
    "LastUpdatedDate": "2014-08-25T14:35:35.263-07:00",
    "PlannedForRelease": "Future",
    "ReleaseVisibleToPublic": false,
    "Priority": {
      "Name": "Unassigned",
      "Severity": 0,
      "Id": 0
    },
    "ProjectName": "aspnetidentity",
    "ReportedDate": "2013-11-14T19:52:02.557-08:00",
    "Status": {
      "Name": "Closed",
      "Id": 4
    },
    "ReasonClosed": {
      "Name": "Unassigned"
    },
    "Summary": "Make validation more extensible",
    "Type": {
      "Name": "Feature",
      "Id": 1
    },
    "VoteCount": 1,
    "Id": 1903
  },
  "FileAttachments": [],
  "Comments": []
}