{
  "WorkItem": {
    "AffectedComponent": {
      "Name": "",
      "DisplayName": ""
    },
    "ClosedComment": "",
    "ClosedDate": "2014-04-16T13:42:24.28-07:00",
    "CommentCount": 1,
    "Custom": "",
    "Description": "Using Identity 2.0 (not sure if its 2.0 specific though) when a user has a NULL SecurityStamp i get a NullArguementException when AuthenticationManager.CreateIdentity is called.\n\nSeems that I have several users with a NULL SecurityStamp but its a only a tiny amount of the total users. Tried the sample project \"PrimaryKeysConfigTest\" and reproduced it setting NULL for the SecurityStamp column after registering a user.\n\nSetting a random GUID string for the SecurityStamp column appears to fix the issue but not sure what the implications are for this.\n\nThanks :)",
    "LastUpdatedDate": "2014-04-16T13:42:24.28-07:00",
    "PlannedForRelease": "",
    "ReleaseVisibleToPublic": false,
    "Priority": {
      "Name": "Unassigned",
      "Severity": 0,
      "Id": 0
    },
    "ProjectName": "aspnetidentity",
    "ReportedDate": "2014-03-20T20:26:48.623-07:00",
    "Status": {
      "Name": "Closed",
      "Id": 4
    },
    "ReasonClosed": {
      "Name": "Unassigned"
    },
    "Summary": "when SecurityStamp is NULL AuthenticationManager.CreateIdentity throws NullArguementException",
    "Type": {
      "Name": "Unassigned",
      "Id": 5
    },
    "VoteCount": 5,
    "Id": 2117
  },
  "FileAttachments": [],
  "Comments": [
    {
      "Message": "The securitystamp should always have a value. This is resolved here https://aspnetidentity.codeplex.com/workitem/2080 ",
      "PostedDate": "2014-03-24T13:19:01.123-07:00",
      "Id": 174020
    }
  ]
}