{
  "WorkItem": {
    "AffectedComponent": {
      "Name": "",
      "DisplayName": ""
    },
    "ClosedComment": "Fixed as perf improvements in 2.2-alpha1",
    "ClosedDate": "2014-09-15T11:24:49.633-07:00",
    "CommentCount": 1,
    "Custom": "",
    "Description": "UserManagerExtensions.IsInRole is very slow in version 2.1. Adding a user to a role was slow in 2.0 and that is fixed.",
    "LastUpdatedDate": "2014-09-15T11:24:49.633-07:00",
    "PlannedForRelease": "2.2.0-alpha1",
    "ReleaseVisibleToPublic": true,
    "Priority": {
      "Name": "Unassigned",
      "Severity": 0,
      "Id": 0
    },
    "ProjectName": "aspnetidentity",
    "ReportedDate": "2014-08-21T10:17:39.767-07:00",
    "Status": {
      "Name": "Closed",
      "Id": 4
    },
    "ReasonClosed": {
      "Name": "Unassigned"
    },
    "Summary": "Version 2.1 UserManagerExtensions.IsInRole",
    "Type": {
      "Name": "Unassigned",
      "Id": 5
    },
    "VoteCount": 1,
    "Id": 2366
  },
  "FileAttachments": [],
  "Comments": [
    {
      "Message": "Should be faster with the new perf fixes in 2.2",
      "PostedDate": "2014-09-02T15:05:46.023-07:00",
      "Id": 174244
    }
  ]
}