{
  "WorkItem": {
    "AffectedComponent": {
      "Name": "",
      "DisplayName": ""
    },
    "ClosedComment": "Provided fix in comments. Reopen with details with still facing the issue",
    "ClosedDate": "2015-01-27T10:31:22.027-08:00",
    "CommentCount": 1,
    "Custom": "",
    "Description": "If you use the code at https://www.nuget.org/packages/Microsoft.AspNet.Identity.Samples you will see a deadlock occur.\n\nThis has been discussed in the following links. \n\nhttp://stackoverflow.com/questions/25296059/asp-net-mvc-5-page-hangs-on-db-call\nhttp://stackoverflow.com/questions/19745286/asp-net-identity-db-seed\nhttp://stackoverflow.com/questions/25678295/publishing-asp-net-solution-produces-uninitialized-empty-database-tables\n\nWe can see the following deadlock. \n\nOn the MVC handler thread (#28), the Initialization triggers a  System.Data.Entity.Internal.LazyInternalContext.InitializeDatabase() which in turn calls IdentitySample.Models.ApplicationDbInitializer.Seed and FindByName() function. FindByName() function starts an async call, on thread #29, which also calls System.Data.Entity.Internal.LazyInternalContext.InitializeDatabase() function, and that causes a deadlock since this call is not completed on #28, and it has a critical section. \n\nA Potential workaround is discussed at http://forums.asp.net/post/5802779.aspx and involves disabling the lazy loading.\n\nI have tested with both LocalDB and SQL Server and I see the same issue.",
    "LastUpdatedDate": "2015-01-27T10:31:22.027-08:00",
    "PlannedForRelease": "2.2",
    "ReleaseVisibleToPublic": true,
    "Priority": {
      "Name": "Unassigned",
      "Severity": 0,
      "Id": 0
    },
    "ProjectName": "aspnetidentity",
    "ReportedDate": "2014-12-04T10:44:07.953-08:00",
    "Status": {
      "Name": "Closed",
      "Id": 4
    },
    "ReasonClosed": {
      "Name": "Unassigned"
    },
    "Summary": "Microsoft.AspNet.Identity.Samples results in a deadlock when seeding the database.",
    "Type": {
      "Name": "Unassigned",
      "Id": 5
    },
    "VoteCount": 1,
    "Id": 2468
  },
  "FileAttachments": [],
  "Comments": [
    {
      "Message": "The error is because you are instantiating the dbContext object in the controller and not getting it from the owin context. The presence of two different context objects one in the controller and one in the startup working on the same db is causing this deadlock. Simplest way to resolve this is replace the code \r\n\r\n```db = new ApplicationDbContext();```with    ```    db = System.Web.HttpContext.Current.GetOwinContext().Get();```\r\n\r\nfixes the issue",
      "PostedDate": "2015-01-27T10:27:46.55-08:00",
      "Id": 174281
    }
  ]
}