{
  "WorkItem": {
    "AffectedComponent": {
      "Name": "",
      "DisplayName": ""
    },
    "ClosedComment": "",
    "ClosedDate": null,
    "CommentCount": 0,
    "Custom": null,
    "Description": "As soon as I try follow the link: http://www.asp.net/identity/overview/extensibility/change-primary-key-for-users-in-aspnet-identity \r\n\r\nI come to this instruction -->\r\n\r\nChange the context class and user manager to use the key type\r\n\r\nIn IdentityModels.cs, change the definition of the ApplicationDbContext class to use your new customized classes and an int for the key, as shown in the highlighted code.\r\n\r\n```\r\npublic class ApplicationDbContext : IdentityDbContext<ApplicationUser, CustomRole, \r\n    int, CustomUserLogin, CustomUserRole, CustomUserClaim> \r\n{ \r\n```\r\nHowever, for MySQL storage provider to work as per http://www.asp.net/identity/overview/extensibility/implementing-a-custom-mysql-aspnet-identity-storage-provider\r\n\r\nI had changed the above code from \r\n\r\n```\r\npublic class ApplicationDbContext : IdentityDbContext<ApplicationUser>\r\n```\r\nto \r\n\r\n```\r\npublic class ApplicationDbContext : MySQLDatabase\r\n```\r\n\r\nSo here, I am facing a problem,  there is no extension that MySQLDatabase accepts as IdentityDbContext does. Can anyone help me out?\r\n\r\nASP.NET forum link to this issue:  https://forums.asp.net/p/2062668/5950477.aspx?Re+How+to+change+primary+key+for+Identity+with+MySQL+as+storage+provider",
    "LastUpdatedDate": "2015-08-14T08:45:33.247-07:00",
    "PlannedForRelease": "",
    "ReleaseVisibleToPublic": false,
    "Priority": {
      "Name": "Unassigned",
      "Severity": 0,
      "Id": 0
    },
    "ProjectName": "aspnetidentity",
    "ReportedDate": "2015-08-14T08:45:33.247-07:00",
    "Status": {
      "Name": "Proposed",
      "Id": 1
    },
    "ReasonClosed": {
      "Name": "Unassigned"
    },
    "Summary": "MySQL Custom primary key ",
    "Type": {
      "Name": "Unassigned",
      "Id": 5
    },
    "VoteCount": 1,
    "Id": 2538
  },
  "FileAttachments": [],
  "Comments": []
}