{
  "WorkItem": {
    "AffectedComponent": {
      "Name": "",
      "DisplayName": ""
    },
    "ClosedComment": "With the new changes to OWIN extensions, the TokenLifeSpan can be declared in the Create method",
    "ClosedDate": "2013-12-18T16:55:53.777-08:00",
    "CommentCount": 1,
    "Custom": "",
    "Description": "In the app.UseUserManagerFactory there is no simple way to configure the TokeLifespan property of the DataProtectorTokenProvider class without rewriting the OnCreateManager method or extending the UserManagerProvider. IT would be great to have a OnManagerCreated method that we can use to configure the UserManager once it is created",
    "LastUpdatedDate": "2013-12-18T16:55:53.777-08:00",
    "PlannedForRelease": "",
    "ReleaseVisibleToPublic": false,
    "Priority": {
      "Name": "Unassigned",
      "Severity": 0,
      "Id": 0
    },
    "ProjectName": "aspnetidentity",
    "ReportedDate": "2013-11-14T19:50:33.36-08:00",
    "Status": {
      "Name": "Closed",
      "Id": 4
    },
    "ReasonClosed": {
      "Name": "Unassigned"
    },
    "Summary": "[Identity] Need to a simple way to configure TokenLifespan in the UserManagerFactory",
    "Type": {
      "Name": "Unassigned",
      "Id": 5
    },
    "VoteCount": 1,
    "Id": 1902
  },
  "FileAttachments": [],
  "Comments": [
    {
      "Message": "You can set it in the ApplicationUserManager Create method",
      "PostedDate": "2013-12-16T15:26:10.723-08:00",
      "Id": 173860
    }
  ]
}