{
  "WorkItem": {
    "AffectedComponent": {
      "Name": "",
      "DisplayName": ""
    },
    "ClosedComment": "Dupe ofhttps://aspnetidentity.codeplex.com/workitem/2519",
    "ClosedDate": "2015-05-05T13:12:52.99-07:00",
    "CommentCount": 5,
    "Custom": null,
    "Description": "If I try to remove a claim using UserManager.RemoveClaim(user.Id, claim) it throws an InvalidOperationException saying the \"Collection was modified; enumeration may not execute\"\r\n\r\nI can't find anything I'm doing that is unique or unusual, and I know that this test case executes (I downloaded the repository and adapted the test case, and it ran.  So I don't know why my case won't run, but I have not been able to get it to do so.\r\n\r\nHere's the code\r\n\r\nvar claim = UserManager.GetClaims(user.Id).SingleOrDefault(c => c.Type == CLAIMTYPE && c.Value==CLAIMVALUE);\r\n\r\nif (claim !=null)\r\ntry\r\n{\r\n    UserManger.RemoveClaim(user.Id, claim);\r\n}\r\ncatch (Exception ex)\r\n{\r\n    var msg = ex.ToString();\r\n}\r\n\r\nCan anyone give me any idea what to look for or how to resolve this problem?\r\n\r\nThanks.",
    "LastUpdatedDate": "2015-05-05T13:12:52.99-07:00",
    "PlannedForRelease": "",
    "ReleaseVisibleToPublic": false,
    "Priority": {
      "Name": "Unassigned",
      "Severity": 0,
      "Id": 0
    },
    "ProjectName": "aspnetidentity",
    "ReportedDate": "2015-05-05T09:56:15.39-07:00",
    "Status": {
      "Name": "Closed",
      "Id": 4
    },
    "ReasonClosed": {
      "Name": "Unassigned"
    },
    "Summary": "UserManager.RemoveClaim throw \"Collection was modified\"",
    "Type": {
      "Name": "Unassigned",
      "Id": 5
    },
    "VoteCount": 1,
    "Id": 2531
  },
  "FileAttachments": [],
  "Comments": [
    {
      "Message": "@daveh551 what version of the ASP.NET Identity package are you using? I ask because we fixed an issue like this recently. Latest is 2.2.1.",
      "PostedDate": "2015-05-05T11:00:55.857-07:00",
      "Id": 183956
    },
    {
      "Message": "I'm using the NuGet packages for Microsoft ASP.NET Identity Core, Microsoft ASP.NET Identity EntityFramework, and Microsoft ASP.NET Identity Owin.  All are showing version 2.2.0, and there are no updates showin on the NuGet package feed.  Is the 2.2.1 update published as a NuGet package, or do I need to pull down the source and build it  myself?\n\nThanks for your response.",
      "PostedDate": "2015-05-05T11:46:25.803-07:00",
      "Id": 183961
    },
    {
      "Message": "@divega, 2.2.1 Does appPear to have resolved the issue.  I couldn't find it in the graphical NuGetPackageManager, but I did an Update-Package from the PackageManagerConsole specifying version 2.2.1, and it downloaded and installed all 3 versions.  After rebuilding and running my code, I don't get the exception any more.\n\nThanks very much.",
      "PostedDate": "2015-05-05T12:15:39.407-07:00",
      "Id": 183964
    },
    {
      "Message": "Sure. It is here:http://www.nuget.org/packages/Microsoft.AspNet.Identity.Core/2.2.1",
      "PostedDate": "2015-05-05T12:37:52.207-07:00",
      "Id": 183965
    },
    {
      "Message": "Glad it worked!",
      "PostedDate": "2015-05-05T13:09:16.57-07:00",
      "Id": 183968
    }
  ]
}