{
  "WorkItem": {
    "AffectedComponent": {
      "Name": "",
      "DisplayName": ""
    },
    "ClosedComment": "Will consider for v3",
    "ClosedDate": "2014-08-25T14:35:02.23-07:00",
    "CommentCount": 0,
    "Custom": "",
    "Description": "http://stackoverflow.com/questions/20083168/how-can-i-query-the-aspnetuserlogins-table-in-the-new-microsoft-identity-system",
    "LastUpdatedDate": "2014-08-25T14:35:02.23-07:00",
    "PlannedForRelease": "Future",
    "ReleaseVisibleToPublic": false,
    "Priority": {
      "Name": "Unassigned",
      "Severity": 0,
      "Id": 0
    },
    "ProjectName": "aspnetidentity",
    "ReportedDate": "2013-11-20T17:25:31.75-08:00",
    "Status": {
      "Name": "Closed",
      "Id": 4
    },
    "ReasonClosed": {
      "Name": "Unassigned"
    },
    "Summary": "Make it easier to query UserLogins",
    "Type": {
      "Name": "Feature",
      "Id": 1
    },
    "VoteCount": 1,
    "Id": 1914
  },
  "FileAttachments": [],
  "Comments": []
}