{
  "WorkItem": {
    "AffectedComponent": {
      "Name": "",
      "DisplayName": ""
    },
    "ClosedComment": "",
    "ClosedDate": "2014-07-17T10:17:49.697-07:00",
    "CommentCount": 3,
    "Custom": "",
    "Description": "I have configured ```UserManager``` with ```UserLockoutEnabledByDefault = true```.\nHowever, after I create a simple user and check the DB table, the column ```UserLockoutEnabled``` is set to 0 (meaning false).\n\n[According to the docs](http://msdn.microsoft.com/en-us/library/dn613214(v=vs.108).aspx) I should be seeing value of 1.\n\"_Gets or sets a value that indicates whether the user lockout is enabled when users are created_.\"\n\nThe only time that I see DB value of ```UserLockoutEnabled = 1``` is if I explicitly set the property of ```IdentityUser.UserLockoutEnabled = true```.\n\n\nWhat am I missing here?\nIs this a bug?",
    "LastUpdatedDate": "2014-07-17T10:17:49.697-07:00",
    "PlannedForRelease": "",
    "ReleaseVisibleToPublic": false,
    "Priority": {
      "Name": "Unassigned",
      "Severity": 0,
      "Id": 0
    },
    "ProjectName": "aspnetidentity",
    "ReportedDate": "2014-07-15T08:14:28.58-07:00",
    "Status": {
      "Name": "Closed",
      "Id": 4
    },
    "ReasonClosed": {
      "Name": "Unassigned"
    },
    "Summary": "Setting UserManager.UserLockoutEnabledByDefault=true still creates users with UserLockoutEnabled set to 0",
    "Type": {
      "Name": "Unassigned",
      "Id": 5
    },
    "VoteCount": 1,
    "Id": 2318
  },
  "FileAttachments": [],
  "Comments": [
    {
      "Message": "How are you using the UserManager in the controller ? Are you getting it from the OwinContext ?\r\n\r\nIf you check the Microsoft.AspNet.Identity.Samples package, you can see how to wire the UserManager in an app. I verified using that it works fine. The Db value of UserLockoutEnabled is true. Make sure to install the package on an empty project",
      "PostedDate": "2014-07-15T09:44:06.86-07:00",
      "Id": 174213
    },
    {
      "Message": "Thanks for the tip.In short, you can close this issue, but I do have followup question....\r\n\r\nAfter some debugging, I realized the issue.I was using the UserManager from my console app (simple utility app that creates users from CSV)In that console app I was doing something like this:\r\n\r\n```var identityDbContext = DpcIdentityDbContext.Create();var userManager = new AppUserManager(new AppUserStore(identityDbContext));\r\n\r\nvar user = new AppUser();user.Email = .........\r\n\r\nvar idRes = userManager.CreateAsync(user, pass);```\r\n\r\nWhile comparing to web app, I realized that I never called ```Create``` factory method that web app calls.Thus my user manager in the console app wasn't picking up on ```UserLockoutEnabledByDefault``` property.\r\n\r\nBut that created anyother issue...__How would one properly \"create\" user manager from the console app in such way that it mimics ```Create``` factory method found in the web app__?\r\n\r\nThe best I could think of (without overloading ```Create```) was to do something like\r\n\r\n``` public static AppUserManager Create(IdentityFactoryOptions options, IOwinContext context){\r\n\r\n var manager = new AppUserManager(new AppUserStore(context.Get())); manager.Configure(options.DataProtectionProvider);\r\n\r\n return manager;}\r\n\r\npublic void Configure(IDataProtectionProvider dataProtectionProvider){   // configure everything here so that method can be called from console app or after regular instantiation...}\r\n\r\n```\r\n\r\nBut I am not sure if this is ok....\r\n\r\n\r\n\r\n",
      "PostedDate": "2014-07-16T13:10:36.993-07:00",
      "Id": 174214
    },
    {
      "Message": "This is being tracked on github so, you can monitor there for updates",
      "PostedDate": "2014-07-17T10:16:50.723-07:00",
      "Id": 174215
    }
  ]
}