{
  "WorkItem": {
    "AffectedComponent": {
      "Name": "",
      "DisplayName": ""
    },
    "ClosedComment": "",
    "ClosedDate": null,
    "CommentCount": 0,
    "Custom": null,
    "Description": "How use UpdateAsync/DeleteAsync?\r\n```\r\nApplicationDbContext context ....\r\n            var userManager = new UserManager<ApplicationUser>(new UserStore<ApplicationUser>(context));\r\n            var roleManager = new RoleManager<IdentityRole>(new RoleStore<IdentityRole>(context));\r\n            var user = new ApplicationUser\r\n            {\r\n                UserName = \"test\",\r\n                Email = \"mail@mail.com\",\r\n                Nick = \"test\"\r\n            };\r\n            var resultuser = await userManager.CreateAsync(user, password); // work, create user ...\r\n\r\n            var result1 = await userManager.DeleteAsync(user);// error\r\n//An exception of type 'System.InvalidOperationException' occurred in mscorlib.dll but was not handled in //user code\r\n//Additional information: The object cannot be deleted because it was not found in the ObjectStateManager.\r\n            \r\n\r\n            var result2 = await userManager.UpdateAsync(user);\r\n//Succeeded is false, Message = \"User \"test\" is already used\"\r\n```\r\n",
    "LastUpdatedDate": "2016-03-28T23:50:40.44-07:00",
    "PlannedForRelease": "",
    "ReleaseVisibleToPublic": false,
    "Priority": {
      "Name": "Unassigned",
      "Severity": 0,
      "Id": 0
    },
    "ProjectName": "aspnetidentity",
    "ReportedDate": "2016-03-28T23:50:40.44-07:00",
    "Status": {
      "Name": "Proposed",
      "Id": 1
    },
    "ReasonClosed": {
      "Name": "Unassigned"
    },
    "Summary": "UpdateAsync/DeleteAsync how use?",
    "Type": {
      "Name": "Unassigned",
      "Id": 5
    },
    "VoteCount": 1,
    "Id": 2549
  },
  "FileAttachments": [],
  "Comments": []
}