{
  "WorkItem": {
    "AffectedComponent": {
      "Name": "",
      "DisplayName": ""
    },
    "ClosedComment": "",
    "ClosedDate": "2014-08-25T14:36:40.04-07:00",
    "CommentCount": 1,
    "Custom": "",
    "Description": "Currently, even if you are sending a confirmation request, the SignInManager does not fail logins to account with unconfirmed email addresses.\n\nI suggest adding \"EmailAddressMustBeConfirmed\" property to the UserManager and default it to false for compatibility purposes.  Then in the MyCustomUserManager.Create(...)\n\n            // Configure validation logic for usernames\n            manager.UserValidator = new UserValidator<CodeProjectUser, int>(manager)\n            {\n                AllowOnlyAlphanumericUserNames = false,\n                RequireUniqueEmail = true,\n                EmailAddressMustBeConfirmed = true\n            };\n\nAnd the SignInManager.PasswordSignInAsync should check for confirmed email address if this option is set.",
    "LastUpdatedDate": "2014-08-25T14:36:40.04-07:00",
    "PlannedForRelease": "Future",
    "ReleaseVisibleToPublic": false,
    "Priority": {
      "Name": "Unassigned",
      "Severity": 0,
      "Id": 0
    },
    "ProjectName": "aspnetidentity",
    "ReportedDate": "2014-06-26T09:19:53.88-07:00",
    "Status": {
      "Name": "Closed",
      "Id": 4
    },
    "ReasonClosed": {
      "Name": "Unassigned"
    },
    "Summary": "Login with Unconfirmed Email Option",
    "Type": {
      "Name": "Unassigned",
      "Id": 5
    },
    "VoteCount": 2,
    "Id": 2292
  },
  "FileAttachments": [],
  "Comments": [
    {
      "Message": "We will consider it for a future release.",
      "PostedDate": "2014-07-23T14:31:26.117-07:00",
      "Id": 174187
    }
  ]
}