{
  "WorkItem": {
    "AffectedComponent": {
      "Name": "",
      "DisplayName": ""
    },
    "ClosedComment": "Closing as the workaround mentioned in 2.0 work. This is fixed in 3.0",
    "ClosedDate": "2015-02-16T14:41:07.287-08:00",
    "CommentCount": 8,
    "Custom": "",
    "Description": "If the user implements a custom PasswordHasher and returns the PasswordVerificationResult.SuccessRehashNeeded in the 'VerifyHashedPassword' method, we need to rehash the password and store it back into the database. \n\nThis is not implemented currently, for example. in the Find method for usermanager we verify if the verification code is not 'Failed'. If not we return true. We can check if the code is PasswordVerificationResult.SuccessRehashNeeded and rehash the password",
    "LastUpdatedDate": "2015-02-16T14:41:07.287-08:00",
    "PlannedForRelease": "Future",
    "ReleaseVisibleToPublic": false,
    "Priority": {
      "Name": "Medium",
      "Severity": 100,
      "Id": 2
    },
    "ProjectName": "aspnetidentity",
    "ReportedDate": "2013-12-02T15:38:57.71-08:00",
    "Status": {
      "Name": "Closed",
      "Id": 4
    },
    "ReasonClosed": {
      "Name": "Not A Bug"
    },
    "Summary": "Need to rehash password if custom PasswordHasher returns PasswordVerificationResult.SuccessRehashNeeded",
    "Type": {
      "Name": "Issue",
      "Id": 3
    },
    "VoteCount": 12,
    "Id": 1928
  },
  "FileAttachments": [],
  "Comments": [
    {
      "Message": "Users can rehash the passwords at a one time operation. Please look at the universal provider sample https://aspnet.codeplex.com/SourceControl/latest#Samples/Identity/UniversalProviders-Identity-Migrations/Migration.txt",
      "PostedDate": "2014-05-12T16:41:48.557-07:00",
      "Id": 173867
    },
    {
      "Message": "I think you're missing the point.\r\n\r\nOf course we can rehash the password as a one-time operation..\r\n\r\nBut when the user logs in, and the hash is validated and found to be \"old\", it will return PasswordVerificationResult.SuccessRehashNeeded, at which point the .NET framework should call for a rehash.\r\n\r\nThe current code has the enum for the rehash, but never uses it, even though it looks like it would be.\r\n\r\nMy current code can check if the hash stored is of a (considerably) older generation, and calls for a rehash, but if it uses the new .NET APIs, my code has no idea whether the hash is new or old..\r\n\r\nFix it please.",
      "PostedDate": "2014-05-13T03:45:44.57-07:00",
      "Id": 173868
    },
    {
      "Message": "I agree with ArtiomChi; password should be rehashed and saved when \"VerifyHashedPassword\" returns \"PasswordVerificationResult.SuccessRehashNeeded\". It's currently simply ignored by the default UserManager, which IS NOT the correct behaviour.",
      "PostedDate": "2014-06-08T17:22:26.44-07:00",
      "Id": 173869
    },
    {
      "Message": "This is bad because there is an article on asp.net which states this is one of the methods to migrate user accounts and there is no mention that this does not actually work. The article is here: http://www.asp.net/identity/overview/migrations/migrating-an-existing-website-from-sql-membership-to-aspnet-identity\r\n\r\nI am disappointed to see folks writing about this stuff and then never testing it! Because if they did they would have seen this does not work.\r\n\r\n",
      "PostedDate": "2014-07-11T14:54:04.633-07:00",
      "Id": 173870
    },
    {
      "Message": "I've implemented the rehash functionality that was missing from the above article (http://www.asp.net/identity/overview/migrations/migrating-an-existing-website-from-sql-membership-to-aspnet-identity)\r\n\r\nThe exactly implementation uses reflection to poke some internal methods, but I'd be happy to craft a real fix if there is a process I can go though to submit a patch.\r\n\r\nCheers,Ty\r\n\r\n```public class ApplicationUserManager : UserManager    {        public ApplicationUserManager(IUserStore store)            : base(new UserStore(new ApplicationDbContext()))        {            this.PasswordHasher = new SqlPasswordHasher();        }\r\n\r\n        protected async override Task VerifyPasswordAsync(IUserPasswordStore store, ApplicationUser user, string password)        {            var hash = await store.GetPasswordHashAsync(user).ConfigureAwait(false);            var sqlPasswordHasher = new SqlPasswordHasher();            if (sqlPasswordHasher.VerifyHashedPassword(hash, password) == PasswordVerificationResult.SuccessRehashNeeded)            {                // Make our new hash                hash = PasswordHasher.HashPassword(password);\r\n\r\n                // Save it to the DB                await store.SetPasswordHashAsync(user, hash).ConfigureAwait(false);\r\n\r\n                // Invoke internal method to upgrade the security stamp                BindingFlags bindingFlags = BindingFlags.Instance | BindingFlags.NonPublic;                MethodInfo minfo = typeof(UserManager).GetMethod(\"UpdateSecurityStampInternal\", bindingFlags);                var updateSecurityStampInternalTask = (Task)minfo.Invoke(this, new []{ user });                await updateSecurityStampInternalTask.ConfigureAwait(false);\r\n\r\n                // Update user                await UpdateAsync(user).ConfigureAwait(false);            }\r\n\r\n            return PasswordHasher.VerifyHashedPassword(hash, password) != PasswordVerificationResult.Failed;        }```",
      "PostedDate": "2014-07-25T14:32:17.867-07:00",
      "Id": 173871
    },
    {
      "Message": "It is really painful to do the upgrade.I just consolidated one application user manager to manage the legacy hashed password.Please find details at  [Migrate from Universal Membership Provider to ASP.NET Identity 2.1.0 - PasswordHarsher](http://kosmisch.net/Blog/DotNetEssential/Archive/2015/1/31/migrate-from-universal-membership-provider-to-aspnet-identity-210-passwordharsher.html)\r\n\r\nHowever as I stated in that post, I could not get the same hashed password with same salt, clear password and algorithm. There must be some bug and I am currently invesitgating. ",
      "PostedDate": "2015-01-31T21:21:39.203-08:00",
      "Id": 173872
    },
    {
      "Message": "Will look at this for v3\n\n** Closed by HaoK 8/25/2014 2:43 PM",
      "PostedDate": "2015-02-02T09:07:35.733-08:00",
      "Id": 173873
    },
    {
      "Message": "Reopening so the team can discuss in triage",
      "PostedDate": "2015-02-02T09:09:14.89-08:00",
      "Id": 173874
    }
  ]
}