[
  {
    "Id": 1898,
    "Title": "TRole is not pluggable in Microsoft.AspNet.Identity.EntityFramework"
  },
  {
    "Id": 1900,
    "Title": "Changing the primary key to int in the templates causes extra tables to be added and incorrect schema"
  },
  {
    "Id": 1901,
    "Title": "[Identity] Need to persist additional claims data in out of box template code"
  },
  {
    "Id": 1902,
    "Title": "[Identity] Need to a simple way to configure TokenLifespan in the UserManagerFactory"
  },
  {
    "Id": 1903,
    "Title": "Make validation more extensible"
  },
  {
    "Id": 1904,
    "Title": "Add migration doc"
  },
  {
    "Id": 1905,
    "Title": "Add resource capability for the error messages"
  },
  {
    "Id": 1906,
    "Title": "Identity: UserStore<T> can have the Turkish-I problem"
  },
  {
    "Id": 1909,
    "Title": "Need to expose the single instance of DBContext per request to be used in the UserManager and RoleManager"
  },
  {
    "Id": 1913,
    "Title": "Migrations incorrect when updating app from 1.0.0 to 2.0.0"
  },
  {
    "Id": 1914,
    "Title": "Make it easier to query UserLogins"
  },
  {
    "Id": 1928,
    "Title": "Need to rehash password if custom PasswordHasher returns PasswordVerificationResult.SuccessRehashNeeded"
  },
  {
    "Id": 1930,
    "Title": "Foreign key 'User_Id' for UserClaims not be changed to 'UserId' in 1.1.0-alpha1"
  },
  {
    "Id": 1938,
    "Title": "Create a Microsoft.ASP.NET.Identity Samples packages"
  },
  {
    "Id": 1939,
    "Title": "Change the package version to 2.0.0-alpha1"
  },
  {
    "Id": 1940,
    "Title": "[Authorize(Roles=\"Foo\")] not not recognized when lazy loading is disabled on the DBContext"
  },
  {
    "Id": 1942,
    "Title": "SignOut from app should SignOut from Facebook"
  },
  {
    "Id": 1943,
    "Title": "ASP.NET Identity improvement for real world"
  },
  {
    "Id": 1947,
    "Title": "Overriding the Identity Error Messages"
  },
  {
    "Id": 1948,
    "Title": "Add concept of Permissions"
  },
  {
    "Id": 1949,
    "Title": "Change Composite Primary Key Order of AspNetUserLogins table"
  },
  {
    "Id": 1951,
    "Title": "IdentityExtensions needs to support Extensible PK"
  },
  {
    "Id": 1952,
    "Title": "Wrong year in roadmap for 2.0.0.0"
  },
  {
    "Id": 1955,
    "Title": "Nugets package mismatch for  Microsoft.AspNet.Identity.xxx –Version 2.0.0-alpha1 –Pr"
  },
  {
    "Id": 1956,
    "Title": "Make ValidateAsync property on IIdentityValidator virtual"
  },
  {
    "Id": 1957,
    "Title": "Using SecureString class for password property"
  },
  {
    "Id": 1958,
    "Title": "Customizing properties on default TokenProviders"
  },
  {
    "Id": 1959,
    "Title": "[Samples package] Need to have back button in views for Manage account"
  },
  {
    "Id": 1960,
    "Title": "[Samples package] Removing phone number needs to reset the chosen Two factor auth"
  },
  {
    "Id": 1961,
    "Title": "[Samples package] The Remember Me option behavior is not as intended"
  },
  {
    "Id": 1962,
    "Title": "[Samples package] Log off links does not logout the user session"
  },
  {
    "Id": 1964,
    "Title": "[Samples package] Remember RedirectUrl through 2 factor auth"
  },
  {
    "Id": 1966,
    "Title": "Bearer token does not work when using identity 2.0 in a web API2 Azure WorkerRole with multiple instances"
  },
  {
    "Id": 1967,
    "Title": "[Samples package] The Details link on RolesAdmin page throws an exception"
  },
  {
    "Id": 1968,
    "Title": "The PhoneNumber property in IdentityUser should be made virtual"
  },
  {
    "Id": 1973,
    "Title": "Include pdb files in Identity packages"
  },
  {
    "Id": 1974,
    "Title": "RuntimeBinderException in MVC 5 templates in the _ExternalLoginsListPartial.cshtml file"
  },
  {
    "Id": 1975,
    "Title": "Need to have a generic OnValidateIdentity in SecurityStampValidator class"
  },
  {
    "Id": 1977,
    "Title": "Upgrade as per Blog"
  },
  {
    "Id": 1978,
    "Title": "Need to add sync methods for new async api added"
  },
  {
    "Id": 1981,
    "Title": "[Samples package] Improve experience when installing on a non empty project"
  },
  {
    "Id": 1982,
    "Title": "Update package nupsec file to have dependency on EF 6.1.0-beta1"
  },
  {
    "Id": 1983,
    "Title": "UserName Validation is hardcoded"
  },
  {
    "Id": 1985,
    "Title": "Reconsider the name of the API: GenerateTwoFactorTokenAsync"
  },
  {
    "Id": 1986,
    "Title": "Need to rename/restructure samples package as per nuget conventions"
  },
  {
    "Id": 1987,
    "Title": "[Samples package] Confirming email page should have more description"
  },
  {
    "Id": 1988,
    "Title": "[Sample package] Need to rename remember browser on manage page to be better"
  },
  {
    "Id": 1989,
    "Title": "Multiple users with same username created during registration"
  },
  {
    "Id": 1990,
    "Title": "UserManager.VerifyPassword should be virtual"
  },
  {
    "Id": 1991,
    "Title": "Additional IdentityDbContext constructor"
  },
  {
    "Id": 1994,
    "Title": "Identity should provide a way to use Ioc as autofac"
  },
  {
    "Id": 1996,
    "Title": "Compare issue in ValidateAsync for DataProtectionTokenProvider"
  },
  {
    "Id": 1997,
    "Title": "IIdentityValidator Not Working in the latest samples"
  },
  {
    "Id": 2001,
    "Title": "Provide a sample password validator"
  },
  {
    "Id": 2005,
    "Title": "Improve Error messages while migrating"
  },
  {
    "Id": 2009,
    "Title": "[Samples package] Client side validation is missing in some of the form elements"
  },
  {
    "Id": 2012,
    "Title": "[Samples package] Cannot change the role of a user in the User edit page"
  },
  {
    "Id": 2018,
    "Title": "Improve code comments for intellisense"
  },
  {
    "Id": 2019,
    "Title": "Improve code comments for intellisense"
  },
  {
    "Id": 2020,
    "Title": "[Samples package] comments for SetInitializer call"
  },
  {
    "Id": 2022,
    "Title": "[Samples package] Saving role/user on edit page of admin throws error"
  },
  {
    "Id": 2023,
    "Title": "Need to localize the migration error message"
  },
  {
    "Id": 2024,
    "Title": "In the sample protect against brute force attacks for 2FA"
  },
  {
    "Id": 2026,
    "Title": "Need sync methods for SendEmail and SendSms"
  },
  {
    "Id": 2027,
    "Title": "NullException if user's first & last name are empty with Google login"
  },
  {
    "Id": 2028,
    "Title": "Errors after 2 beta installation"
  },
  {
    "Id": 2029,
    "Title": "Review AsyncHelper class and make it public"
  },
  {
    "Id": 2031,
    "Title": "Update MSDN documentation with 2.0.0 APIs"
  },
  {
    "Id": 2033,
    "Title": "Can't attach database file after installing the Identity 2.0 Beta"
  },
  {
    "Id": 2036,
    "Title": "Not specifying the 'throwIfV1Schema' flag leads to database access error"
  },
  {
    "Id": 2039,
    "Title": "[Samples package] Add RoleManager to OWIN context in the samples"
  },
  {
    "Id": 2040,
    "Title": "Localize (User)Name/Email is already taken"
  },
  {
    "Id": 2041,
    "Title": "[Samples package] Update doc in home page to include account lockout"
  },
  {
    "Id": 2042,
    "Title": "OWIN Failing on Google Registration"
  },
  {
    "Id": 2048,
    "Title": "[Samples package] Need to fix BOM and HTML validation errors"
  },
  {
    "Id": 2051,
    "Title": "problem Identity in SQLCE"
  },
  {
    "Id": 2057,
    "Title": "[Samples package] Get UserManager in DBInitializer from owin context"
  },
  {
    "Id": 2060,
    "Title": "AsyncHelper loosing current thread UI CultureInfo"
  },
  {
    "Id": 2061,
    "Title": "Protected method 'VerifyPassword' should be renamed to 'VerifyPasswordAsync'"
  },
  {
    "Id": 2062,
    "Title": "Make email index to make email unique at the database level"
  },
  {
    "Id": 2065,
    "Title": "Can't set UserId and RoleId with different type in IdentityUserRole<T>"
  },
  {
    "Id": 2067,
    "Title": "[Sample]Application Error when you edit user profile as Admin"
  },
  {
    "Id": 2068,
    "Title": "Asp.Net Identity external login issue"
  },
  {
    "Id": 2069,
    "Title": "RemoveFromRoleAsync does not remove the role as expected"
  },
  {
    "Id": 2071,
    "Title": "[Sample]Admin cannot assign role on existing user"
  },
  {
    "Id": 2073,
    "Title": "maybe wizard master?"
  },
  {
    "Id": 2075,
    "Title": "Look into perf enhancements for Asp.Net Identity"
  },
  {
    "Id": 2080,
    "Title": "Null SecurityStamp leads to ArgumentNullException"
  },
  {
    "Id": 2083,
    "Title": "[Sample] RoleAdmin Controller Details Action"
  },
  {
    "Id": 2084,
    "Title": "Add support for Getting Users In a Role"
  },
  {
    "Id": 2085,
    "Title": "Unique properties ASP.NET Identity"
  },
  {
    "Id": 2090,
    "Title": "Need to make GetUserAggregate virtual"
  },
  {
    "Id": 2092,
    "Title": "Need to add methods for adding and removing user to multiple roles"
  },
  {
    "Id": 2098,
    "Title": "[Samples package] Update the package version to beta2"
  },
  {
    "Id": 2103,
    "Title": "2FA Should print out leading zeroes"
  },
  {
    "Id": 2104,
    "Title": "[Sample]Resend Email verification link"
  },
  {
    "Id": 2106,
    "Title": "[EF Implementation] UserStore.SetEmailAsync should set user.EmailConfirmed to false"
  },
  {
    "Id": 2108,
    "Title": "Asp.Net Identity Unauthorized redirect Not Working with Custom Routes"
  },
  {
    "Id": 2110,
    "Title": "[Sample] HTTP POST Register Should set e*mail through UserManager.SetEmailAsync"
  },
  {
    "Id": 2112,
    "Title": "Identity 2 beta Password Reset Fail - No IUserTokenProvider is registered"
  },
  {
    "Id": 2114,
    "Title": "Changes to TotpTokenProvider to enable adding in Authenticator App token provider"
  },
  {
    "Id": 2117,
    "Title": "when SecurityStamp is NULL AuthenticationManager.CreateIdentity throws NullArguementException"
  },
  {
    "Id": 2119,
    "Title": "Remove the setter of the IUser<out TKey>.UserName"
  },
  {
    "Id": 2120,
    "Title": "[EF] Email uniqueness is not ensured 100% correctly"
  },
  {
    "Id": 2121,
    "Title": "Cannot build or migrate database after update to version 2"
  },
  {
    "Id": 2122,
    "Title": "Locked out account can still logon"
  },
  {
    "Id": 2123,
    "Title": "Upgrading to Identity 2.0 failed in SQL azure"
  },
  {
    "Id": 2125,
    "Title": "Email Confirm doesn't work in a real website?"
  },
  {
    "Id": 2126,
    "Title": "Reference Conversion from custom Role to IdentityRole"
  },
  {
    "Id": 2127,
    "Title": "EF Implementation: Use context type name for connection string"
  },
  {
    "Id": 2128,
    "Title": "Extension methods should take TKey"
  },
  {
    "Id": 2129,
    "Title": "Custom implementation of Asp.Net Identity lack of posibility to implemet interface to query users&roles"
  },
  {
    "Id": 2131,
    "Title": "Create Interface for Manager classes"
  },
  {
    "Id": 2132,
    "Title": "Localization package for Swedish?"
  },
  {
    "Id": 2133,
    "Title": "Identity Upgrade Issue (1.0 -> 2.0)"
  },
  {
    "Id": 2134,
    "Title": "No Constructor that accepts a DbConnection"
  },
  {
    "Id": 2135,
    "Title": "Localization package for Romanian"
  },
  {
    "Id": 2141,
    "Title": "[Samples package] Consider renaming admin credentials"
  },
  {
    "Id": 2142,
    "Title": "AddRoleToUser() method takes forever with large dataset"
  },
  {
    "Id": 2143,
    "Title": "Roles table missing key with integer key"
  },
  {
    "Id": 2145,
    "Title": "[Samples package] Consider separating email and username"
  },
  {
    "Id": 2147,
    "Title": "401 from Web API converted to 302 unnecessarily"
  },
  {
    "Id": 2148,
    "Title": "Remove IdentityUserRole (an extra linking entity)"
  },
  {
    "Id": 2154,
    "Title": "Migrating from Identity 1.0 to 2.0"
  },
  {
    "Id": 2155,
    "Title": "Key stretching based on year"
  },
  {
    "Id": 2156,
    "Title": "Allow the IUserStore implementer to signal the \"User Already Exists\" result"
  },
  {
    "Id": 2158,
    "Title": "GetRolesAsync returns iList<string> regardless of actual Role PK type"
  },
  {
    "Id": 2159,
    "Title": "[Sample][Bug] ConfirmEmail displays success when token is invalid"
  },
  {
    "Id": 2160,
    "Title": "Missing UNIQUE index on AspNetUserLogins table"
  },
  {
    "Id": 2161,
    "Title": "[Samples][Bug][Security] valid UserID is disclosed via lockout"
  },
  {
    "Id": 2165,
    "Title": "[SPA Template] RegisterExternal adds the login in a wrong way"
  },
  {
    "Id": 2168,
    "Title": "Visit Error messages"
  },
  {
    "Id": 2169,
    "Title": "ASP.NET Identity v2 breaks RegisterExternal API code"
  },
  {
    "Id": 2171,
    "Title": "[Samples]Support remember me with two factor authentication"
  },
  {
    "Id": 2172,
    "Title": "Establish coding standards"
  },
  {
    "Id": 2173,
    "Title": "[Samples]Controller disposal and the _userManager object"
  },
  {
    "Id": 2174,
    "Title": "Bug in UserStore.RemoveFromRoleAsync()"
  },
  {
    "Id": 2176,
    "Title": "LogIn Fails after new users is created"
  },
  {
    "Id": 2177,
    "Title": "PBKDF2 work factor needs to be flexible"
  },
  {
    "Id": 2178,
    "Title": "AccessFailedAsync does not set the lockout flag"
  },
  {
    "Id": 2179,
    "Title": "UserManager disposal in AccountController triggers when it doesn't have to"
  },
  {
    "Id": 2180,
    "Title": "UserManager.GenerateEmailConfirmationTokenAsync(user.Id) throws excpetion"
  },
  {
    "Id": 2182,
    "Title": "IdentityResult success is static, effectively sealed"
  },
  {
    "Id": 2183,
    "Title": "AuthorizeAttribute base on a predicate"
  },
  {
    "Id": 2185,
    "Title": "UserManager setting for using UserNames as Emails"
  },
  {
    "Id": 2186,
    "Title": "Add Identity GetUserId<T>() extension method"
  },
  {
    "Id": 2189,
    "Title": "Roles not working after migrating SimpleMembership to Identity 2.0"
  },
  {
    "Id": 2195,
    "Title": "Mocking Identity DB"
  },
  {
    "Id": 2197,
    "Title": "Localization package for Persian?"
  },
  {
    "Id": 2198,
    "Title": "[Samples][Bug][Security] Deletes on HTTP GET"
  },
  {
    "Id": 2200,
    "Title": "[Samples][Bug][code comments]"
  },
  {
    "Id": 2202,
    "Title": "Customization of Localized error messages"
  },
  {
    "Id": 2205,
    "Title": "Invalid token"
  },
  {
    "Id": 2206,
    "Title": "ASP.NET Identity and the google login"
  },
  {
    "Id": 2209,
    "Title": "SecurityStampValidator.OnValidateIdentity not working"
  },
  {
    "Id": 2210,
    "Title": "How do you Mock Find method with EF6.1?"
  },
  {
    "Id": 2219,
    "Title": "[Samples][Bug] bad link for asp.net/Identity"
  },
  {
    "Id": 2220,
    "Title": "GetExternalLoginInfo does not return friendly Provider name for WsFed"
  },
  {
    "Id": 2222,
    "Title": "Errors returned in IdentityResult should be statically typed and not (only) strings"
  },
  {
    "Id": 2223,
    "Title": "Dependency Injection for both OWIN and WebAPI"
  },
  {
    "Id": 2227,
    "Title": "mvc5+asp.net Identity+vs2013:This 密码 and 确认密码 do not match"
  },
  {
    "Id": 2228,
    "Title": "Add ability to have different token lifespan for different purposes"
  },
  {
    "Id": 2238,
    "Title": "Possible vulnerability on dev machine"
  },
  {
    "Id": 2241,
    "Title": "[Samples package] Update Google Auth registration to use OAuth2 instead of OpenId"
  },
  {
    "Id": 2242,
    "Title": "feature request, expired password"
  },
  {
    "Id": 2243,
    "Title": "Need sync methods for SignInManager methods"
  },
  {
    "Id": 2244,
    "Title": "Need to add sync method for TwoFactorBrowserRememberedAsync extension method"
  },
  {
    "Id": 2247,
    "Title": "Per request lifetime management for ApplicationDbContext class in ASP.NET Identity"
  },
  {
    "Id": 2248,
    "Title": "IdentityDbContext issue when using DbMigration and custom connection string"
  },
  {
    "Id": 2249,
    "Title": "[Samples package] Remember me not working when using 2 FA"
  },
  {
    "Id": 2250,
    "Title": "EmailTokenProvider.IsValidProviderForUserAsync should check if email is confirmed"
  },
  {
    "Id": 2252,
    "Title": "Update intellisense files for the new API added in 2.1.0"
  },
  {
    "Id": 2262,
    "Title": "SignInStatus enum is not flexible enough...."
  },
  {
    "Id": 2263,
    "Title": "Need access more user properties in User.Indentity"
  },
  {
    "Id": 2265,
    "Title": "ReturnUrl is not lowercase when routes.LowercaseUrls = true"
  },
  {
    "Id": 2269,
    "Title": "Locked Out users can still login if they have Auth Cookie"
  },
  {
    "Id": 2270,
    "Title": "Email Confirmation"
  },
  {
    "Id": 2271,
    "Title": "[sample][typo] // GET: /Users/ comments"
  },
  {
    "Id": 2273,
    "Title": "SignInManager.PasswordSignInAsync uses UserManager.FindByNameAsync instead of UserManager.FindByEmailAsync"
  },
  {
    "Id": 2274,
    "Title": "UserManager.IsLockedOutAsync should allow a user to be lockout with the date being assigned"
  },
  {
    "Id": 2275,
    "Title": "Cleanup unconfirmed user accounts"
  },
  {
    "Id": 2277,
    "Title": "I want to report about a bug in AspNet.Identity"
  },
  {
    "Id": 2278,
    "Title": "ASP.net Identity ChangePassword is inefficient on the database"
  },
  {
    "Id": 2279,
    "Title": "Timing attack on Microsoft.AspNet.Identity.Code.UserManager<Tsser> reveals if an account exists or not"
  },
  {
    "Id": 2283,
    "Title": "[security][feature request] Restrict access until user has confirmed email link"
  },
  {
    "Id": 2284,
    "Title": "Add UserManager.GenerateRandomPasswordAsync() that follows PasswordValidator rules"
  },
  {
    "Id": 2285,
    "Title": "SecurityStampValidator throws NullReferenceException"
  },
  {
    "Id": 2286,
    "Title": "Redirect on ChangePassword and SetPassword"
  },
  {
    "Id": 2287,
    "Title": "ForgotPassword Remove user.Id from the Url.Action sended by e-mail"
  },
  {
    "Id": 2288,
    "Title": "Encrypt user.Id on Register"
  },
  {
    "Id": 2290,
    "Title": "."
  },
  {
    "Id": 2292,
    "Title": "Login with Unconfirmed Email Option"
  },
  {
    "Id": 2294,
    "Title": "GetValidTwoFactorProviders() bug"
  },
  {
    "Id": 2295,
    "Title": "UserManager.AddToRoleAsync() on currently auth'd user won't update User.IsInRole() until re-logged in"
  },
  {
    "Id": 2296,
    "Title": "SignInManager.PasswordSignIn throws could not load type CultureAwaiter"
  },
  {
    "Id": 2297,
    "Title": "ApplicationUserManager.Create dependency issue"
  },
  {
    "Id": 2302,
    "Title": "Multiple sets (Users, Roles,Claims) in a single database"
  },
  {
    "Id": 2308,
    "Title": "UserStore<> and RoleStore<> are not truly extensible"
  },
  {
    "Id": 2309,
    "Title": "UserManagerExtensions uses AsyncHelper which breaks access to HttpContext.Current"
  },
  {
    "Id": 2311,
    "Title": "Issue adding roles to a user"
  },
  {
    "Id": 2313,
    "Title": "LockoutEndDateUtc property type mismatch issue"
  },
  {
    "Id": 2316,
    "Title": "Issue with Identity Samples possibly?"
  },
  {
    "Id": 2317,
    "Title": "Add functionality to resend confirmation e-mail"
  },
  {
    "Id": 2318,
    "Title": "Setting UserManager.UserLockoutEnabledByDefault=true still creates users with UserLockoutEnabled set to 0"
  },
  {
    "Id": 2319,
    "Title": "Issues with Remember Me"
  },
  {
    "Id": 2320,
    "Title": "Create user returns success but when add role it says the username is invalid"
  },
  {
    "Id": 2321,
    "Title": "RegisterExternal doesn't work in VS 2013 Update 2 Web API template"
  },
  {
    "Id": 2325,
    "Title": "Modifiable iteration count on hash"
  },
  {
    "Id": 2327,
    "Title": "does not accept email address of type: xxx@xxx-xx.com"
  },
  {
    "Id": 2331,
    "Title": "Constants static class conflics with commonly used Constants file in many projects"
  },
  {
    "Id": 2332,
    "Title": "Validation failing on User Manager and SignInManager Functions"
  },
  {
    "Id": 2333,
    "Title": "api doesn't permit custom hashing with salt"
  },
  {
    "Id": 2344,
    "Title": "Problem with Identity and Sessions"
  },
  {
    "Id": 2347,
    "Title": "AuthenticationManager.SignOut doesn't work if identity was regenerated in current request"
  },
  {
    "Id": 2354,
    "Title": "The new method Microsoft.AspNet.Identity.IdentityExtensions.GetUserId<T> doesn't support System.Guid"
  },
  {
    "Id": 2356,
    "Title": "[security]ConfirmEmailAsync uncaught exception"
  },
  {
    "Id": 2357,
    "Title": "IdentityUser_Id column having null value inserted now"
  },
  {
    "Id": 2358,
    "Title": "IdentityUser_Id getting null value"
  },
  {
    "Id": 2364,
    "Title": "updating email using UserManager.UpdateAsync"
  },
  {
    "Id": 2366,
    "Title": "Version 2.1 UserManagerExtensions.IsInRole"
  },
  {
    "Id": 2367,
    "Title": "SignInStatus missing RequiresEmailConfirmation"
  },
  {
    "Id": 2368,
    "Title": "Microsoft.AspNet.Identity.EntityFramework.UserStore.FindByEmailAsync is not virtual"
  },
  {
    "Id": 2370,
    "Title": "AccessFailedCount is not reset on successful login in SignInManager.PasswordSignInAsync"
  },
  {
    "Id": 2371,
    "Title": "UserName uniqueness should be an option, not forced as a default"
  },
  {
    "Id": 2374,
    "Title": "Memory leak in Owin.AppBuilderExtensions"
  },
  {
    "Id": 2375,
    "Title": "SqlMembership provider"
  },
  {
    "Id": 2377,
    "Title": "throwIfV1Schema performance penalty"
  },
  {
    "Id": 2404,
    "Title": "Debugging Identity in VS 2013"
  },
  {
    "Id": 2406,
    "Title": "Possibility to change the name of the cookies generated by external logins."
  },
  {
    "Id": 2408,
    "Title": "UserManagerExtensions.IsInRole is not properly synchronous and can't be called repeatedly in succession"
  },
  {
    "Id": 2411,
    "Title": "SignInManager doesn't honor feature support"
  },
  {
    "Id": 2419,
    "Title": "SignInManager failed on two factor auth when UserID type is GUID"
  },
  {
    "Id": 2424,
    "Title": "ForgotPassword and ResetPassword use FindByUsername"
  },
  {
    "Id": 2425,
    "Title": "ConfirmEmail view is missing a @"
  },
  {
    "Id": 2426,
    "Title": "Missing method Task<IEnumerable<TUser>> FindByEmailAsync(string email) in IUserEmailStore interface"
  },
  {
    "Id": 2428,
    "Title": "UserValidator for UserName when using email as username cannot accept dash in domain part"
  },
  {
    "Id": 2432,
    "Title": "UserRole.Role and .User navigation properties missing"
  },
  {
    "Id": 2439,
    "Title": "CryptographicException on password reset when running in Microsoft Azure Web-Sites"
  },
  {
    "Id": 2442,
    "Title": "SignOut vs RegenerateIdentityCallback"
  },
  {
    "Id": 2443,
    "Title": "[Samples] AccountController backing fields and constructor"
  },
  {
    "Id": 2444,
    "Title": "Passwords errors should all be separate errors"
  },
  {
    "Id": 2445,
    "Title": "[Samples] Purpose of GET /Account/ForgotPasswordConfirmation?"
  },
  {
    "Id": 2446,
    "Title": "[Samples] ForgotPassword method includes userId in confirmation link"
  },
  {
    "Id": 2447,
    "Title": "UserValidator - IUser.Id can not be the same as UserName"
  },
  {
    "Id": 2459,
    "Title": "MVC5 template missing Views\\Account\\DisplayEmail.cshtml"
  },
  {
    "Id": 2461,
    "Title": "IsLockedOutAsync always true"
  },
  {
    "Id": 2464,
    "Title": "IdentityUserClaim primary key type should be customizable"
  },
  {
    "Id": 2468,
    "Title": "Microsoft.AspNet.Identity.Samples results in a deadlock when seeding the database."
  },
  {
    "Id": 2471,
    "Title": "Make the timeframe in which a token is allowed configurable"
  },
  {
    "Id": 2474,
    "Title": "Experience: consider including \"using System.Data.Entity;\" in the default IdentityModels.cs"
  },
  {
    "Id": 2475,
    "Title": "Consider adding \"using System.Data.Entity;\" in initial IdentityModel.cs"
  },
  {
    "Id": 2476,
    "Title": "add clustered indexes to all tables"
  },
  {
    "Id": 2479,
    "Title": "Add Support to JWT"
  },
  {
    "Id": 2482,
    "Title": "Make UserManager.UpdatePasswordInternal() protected virtual or make IPasswordHasher templated with access to TUser"
  },
  {
    "Id": 2487,
    "Title": "Make store methods virtual on the interfaces"
  },
  {
    "Id": 2496,
    "Title": "Separation of Email and UserName"
  },
  {
    "Id": 2502,
    "Title": "Remove direct calls to User.Identity.GetUserId() from skeleton ASP.Net Web Application"
  },
  {
    "Id": 2506,
    "Title": "Include xunit.runner.visualstudio package in test project"
  },
  {
    "Id": 2507,
    "Title": "Custom UserStore"
  },
  {
    "Id": 2508,
    "Title": "GetClaimsAsync() invoked on every request after identity was regenerated"
  },
  {
    "Id": 2509,
    "Title": "RemoveClaimAsync throws System.InvalidOperationException"
  },
  {
    "Id": 2510,
    "Title": "Change string to T for generic implementation of IdentityUser ID Type "
  },
  {
    "Id": 2511,
    "Title": "PasswordSignInAsync database access"
  },
  {
    "Id": 2512,
    "Title": "Remember Two factor cookie is not persistent as expected"
  },
  {
    "Id": 2513,
    "Title": "2.2.1 on NuGet?"
  },
  {
    "Id": 2514,
    "Title": "RememberMe expiration used for Authentication Cookie Expiration"
  },
  {
    "Id": 2515,
    "Title": "Add Support for Health Monitoring Provider Events"
  },
  {
    "Id": 2516,
    "Title": "Cannot rename table names using fluent API"
  },
  {
    "Id": 2517,
    "Title": "SignInManager.PasswordSignInAsync: NotSupportedException"
  },
  {
    "Id": 2518,
    "Title": "UserManager.CreateAsync(user, password) -- saving in wrong order?"
  },
  {
    "Id": 2519,
    "Title": "RemoveClaimAsync throws System.InvalidOperationException when removing claims for another user"
  },
  {
    "Id": 2520,
    "Title": "await SaveChanges().WithCurrentCulture(); causes SynchronizationContext.Current to be null"
  },
  {
    "Id": 2521,
    "Title": "ConfirmEmailAsync"
  },
  {
    "Id": 2522,
    "Title": "Make IdentityRole properties virtual"
  },
  {
    "Id": 2523,
    "Title": "Microsoft.AspNet.Identity.Core does not compile under .Net 2 / 3.5"
  },
  {
    "Id": 2524,
    "Title": "RemoveFromRoleS does not remove the role as expected"
  },
  {
    "Id": 2525,
    "Title": "Support for localized strings in pt-PT"
  },
  {
    "Id": 2526,
    "Title": "ASP.NET Identity forcing login even if setting ispersistent to true"
  },
  {
    "Id": 2527,
    "Title": "IdentityDbContext should not use \"DefaultConnection\" name"
  },
  {
    "Id": 2528,
    "Title": "Token Validation fails if SecurityStamp is null"
  },
  {
    "Id": 2529,
    "Title": "Registration not possible when email confirmation token expires."
  },
  {
    "Id": 2530,
    "Title": "UserManager.Update(user) throws DbEntityValidationException"
  },
  {
    "Id": 2531,
    "Title": "UserManager.RemoveClaim throw \"Collection was modified\""
  },
  {
    "Id": 2532,
    "Title": "2 Factor Remember Browser Cookie expiration not set correctly"
  },
  {
    "Id": 2533,
    "Title": "HttpContext is null in RoleManager.Update"
  },
  {
    "Id": 2534,
    "Title": "Better errors identification"
  },
  {
    "Id": 2535,
    "Title": "Permission future (RBAC)"
  },
  {
    "Id": 2536,
    "Title": "IdentityUserClaim<TKey> Id property must be of type TKey"
  },
  {
    "Id": 2537,
    "Title": "Pass current ClaimsIdentity to SecurityStampValidator.OnValidateIdentity"
  },
  {
    "Id": 2538,
    "Title": "MySQL Custom primary key "
  },
  {
    "Id": 2539,
    "Title": "UserStore cannot use another IdentityUserClaim type"
  },
  {
    "Id": 2540,
    "Title": "Cannot load Claims of all Users with lazy loading disabled"
  },
  {
    "Id": 2541,
    "Title": "Asp.Net Identity Two Factor Cookie not working after Azure Swap"
  },
  {
    "Id": 2542,
    "Title": "Who feels responsible for documentation?"
  },
  {
    "Id": 2543,
    "Title": "Bugs on multiple EntityType used as Application Users on single IdentityDbContext"
  },
  {
    "Id": 2544,
    "Title": "Callbacks in CreatePerOwinContext() never called - what's wrong?"
  },
  {
    "Id": 2545,
    "Title": "How to persist the login information after closing Broswer?"
  },
  {
    "Id": 2546,
    "Title": "Overloaded version for GetExternalLoginInfoAsync with \"authenticationType\" string parameter"
  },
  {
    "Id": 2547,
    "Title": "SecurityStampValidator has the security stamp claim type hard coded"
  },
  {
    "Id": 2548,
    "Title": "Set IdentityRole Name and Id as virtual"
  },
  {
    "Id": 2549,
    "Title": "UpdateAsync/DeleteAsync how use?"
  },
  {
    "Id": 2550,
    "Title": "PasswordHasher SuccessRehashNeeded ignored"
  },
  {
    "Id": 2551,
    "Title": "ValidateEntity should use same where as UserStore"
  },
  {
    "Id": 2552,
    "Title": "SecurityStamp value is not updated in the database"
  },
  {
    "Id": 2553,
    "Title": "Invalidate old Authentication cookie"
  },
  {
    "Id": 2554,
    "Title": "Multiple database calls to revalidate cookie"
  },
  {
    "Id": 2555,
    "Title": "SignInManager.HasBeenVerifiedAsync always returns true when TKey is type \"int\""
  },
  {
    "Id": 2556,
    "Title": "Cookie authnetication not working on IIS 8.5"
  },
  {
    "Id": 2557,
    "Title": "Make Rfc6238AuthenticationService and SecurityToken public"
  }
]