{
  "WorkItem": {
    "AffectedComponent": {
      "Name": "",
      "DisplayName": ""
    },
    "ClosedComment": "We have opened a bug internally to update the templates.",
    "ClosedDate": "2014-06-04T14:21:43.43-07:00",
    "CommentCount": 0,
    "Custom": "",
    "Description": "mvc5+asp.net Identity 1.0+vs2013(English) :This 密码 and 确认密码 do not match\n\nI would finish a Register.cshtml with mvc5 Identity 1.0, there is a password and confirmpassword.\n\nI need Chinese to finish confirmpassword, so I did code like this in  AccountViewModels.cs:\n```\n[DataType(DataType.Password)]\n[Display(Name = \"确认密码\")]\n[Compare(\"Password\", ErrorMessage = \"输入的密码不一致.\")]\npublic string ConfirmPassword { get; set; }\n//确认密码 in English is ConfirmPassword.\n//\"输入的密码不一致.\" in english is \"Password and ConfirmPassword do not match.\"\n```\n\nSo,When running the Register.cshtml, if Password and ConfirmPassword do not match,\n\nthe ErrorMessage should be display in Chinese like this:\"输入的密码不一致.\"\n\nBut , in fact, the ErrorMessage display with Chinese and English mixed, It's: This 密码 and 确认密码 do not match. \n\nI don't know If I have myself clear. could anybody help me ?",
    "LastUpdatedDate": "2014-06-04T14:21:43.43-07:00",
    "PlannedForRelease": "",
    "ReleaseVisibleToPublic": false,
    "Priority": {
      "Name": "Unassigned",
      "Severity": 0,
      "Id": 0
    },
    "ProjectName": "aspnetidentity",
    "ReportedDate": "2014-05-18T18:13:55.373-07:00",
    "Status": {
      "Name": "Closed",
      "Id": 4
    },
    "ReasonClosed": {
      "Name": "Unassigned"
    },
    "Summary": "mvc5+asp.net Identity+vs2013:This 密码 and 确认密码 do not match",
    "Type": {
      "Name": "Unassigned",
      "Id": 5
    },
    "VoteCount": 1,
    "Id": 2227
  },
  "FileAttachments": [],
  "Comments": []
}