{
  "WorkItem": {
    "AffectedComponent": {
      "Name": "",
      "DisplayName": ""
    },
    "ClosedComment": "",
    "ClosedDate": "2014-02-03T15:50:31.933-08:00",
    "CommentCount": 1,
    "Custom": "",
    "Description": "The default TokenProviders generate PIN which are of certain characters and valid for a certain time period. The implementation is internal and can be exposed to the developers so that they can customize the length of the PIN and the time for which they are valid.",
    "LastUpdatedDate": "2014-02-03T15:50:31.933-08:00",
    "PlannedForRelease": "Future",
    "ReleaseVisibleToPublic": false,
    "Priority": {
      "Name": "Unassigned",
      "Severity": 0,
      "Id": 0
    },
    "ProjectName": "aspnetidentity",
    "ReportedDate": "2014-01-07T12:03:08.613-08:00",
    "Status": {
      "Name": "Closed",
      "Id": 4
    },
    "ReasonClosed": {
      "Name": "Unassigned"
    },
    "Summary": "Customizing properties on default TokenProviders",
    "Type": {
      "Name": "Unassigned",
      "Id": 5
    },
    "VoteCount": 1,
    "Id": 1958
  },
  "FileAttachments": [],
  "Comments": [
    {
      "Message": "Won't fix.",
      "PostedDate": "2014-02-03T15:50:18.68-08:00",
      "Id": 173897
    }
  ]
}