{
  "WorkItem": {
    "AffectedComponent": {
      "Name": "",
      "DisplayName": ""
    },
    "ClosedComment": "Please reopen this bug if it still reproes.",
    "ClosedDate": "2015-01-26T14:53:10.68-08:00",
    "CommentCount": 1,
    "Custom": "",
    "Description": "Azure requires all tables to have clustered indexes. \nMigrating existing asp.net identity tables to Azure database is not a straightforward task because asp.net identity tables have no indexes.",
    "LastUpdatedDate": "2015-01-26T14:53:10.68-08:00",
    "PlannedForRelease": "",
    "ReleaseVisibleToPublic": false,
    "Priority": {
      "Name": "Unassigned",
      "Severity": 0,
      "Id": 0
    },
    "ProjectName": "aspnetidentity",
    "ReportedDate": "2014-12-17T14:03:12.13-08:00",
    "Status": {
      "Name": "Closed",
      "Id": 4
    },
    "ReasonClosed": {
      "Name": "Unassigned"
    },
    "Summary": "add clustered indexes to all tables",
    "Type": {
      "Name": "Unassigned",
      "Id": 5
    },
    "VoteCount": 1,
    "Id": 2476
  },
  "FileAttachments": [],
  "Comments": [
    {
      "Message": "Can you please provide more information? ASP.NET Identity tables do have a cluster index since SQL Server will create clustered indexes when you have Primary Keys in the table.",
      "PostedDate": "2015-01-19T14:21:22.68-08:00",
      "Id": 174283
    }
  ]
}