{
  "WorkItem": {
    "AffectedComponent": {
      "Name": "",
      "DisplayName": ""
    },
    "ClosedComment": "Fixed for 2.0.0. Enabled account lockout for brute force attacks",
    "ClosedDate": "2014-02-27T17:02:14.02-08:00",
    "CommentCount": 1,
    "Custom": "",
    "Description": "In the 2FA flow, we should protect against a user trying to bruteforce the 2FA code.",
    "LastUpdatedDate": "2014-02-27T17:02:14.02-08:00",
    "PlannedForRelease": "2.0.0",
    "ReleaseVisibleToPublic": true,
    "Priority": {
      "Name": "High",
      "Severity": 150,
      "Id": 3
    },
    "ProjectName": "aspnetidentity",
    "ReportedDate": "2014-02-10T15:14:03.517-08:00",
    "Status": {
      "Name": "Closed",
      "Id": 4
    },
    "ReasonClosed": {
      "Name": "Unassigned"
    },
    "Summary": "In the sample protect against brute force attacks for 2FA",
    "Type": {
      "Name": "Issue",
      "Id": 3
    },
    "VoteCount": 2,
    "Id": 2024
  },
  "FileAttachments": [],
  "Comments": [
    {
      "Message": "Please update the sample",
      "PostedDate": "2014-02-10T15:15:52.327-08:00",
      "Id": 173946
    }
  ]
}