{
  "WorkItem": {
    "AffectedComponent": {
      "Name": "",
      "DisplayName": ""
    },
    "ClosedComment": "Fixed for 2.1",
    "ClosedDate": "2014-06-02T15:49:25.49-07:00",
    "CommentCount": 2,
    "Custom": "",
    "Description": "Need to sync wrapper method for SignInManager",
    "LastUpdatedDate": "2014-06-02T15:49:25.49-07:00",
    "PlannedForRelease": "2.1",
    "ReleaseVisibleToPublic": true,
    "Priority": {
      "Name": "Medium",
      "Severity": 100,
      "Id": 2
    },
    "ProjectName": "aspnetidentity",
    "ReportedDate": "2014-05-27T15:35:28.263-07:00",
    "Status": {
      "Name": "Closed",
      "Id": 4
    },
    "ReasonClosed": {
      "Name": "Unassigned"
    },
    "Summary": "Need sync methods for SignInManager methods",
    "Type": {
      "Name": "Issue",
      "Id": 3
    },
    "VoteCount": 1,
    "Id": 2243
  },
  "FileAttachments": [],
  "Comments": [
    {
      "Message": "The GetVerifiedUserId still has the Async keyword. Need to remove that",
      "PostedDate": "2014-05-28T10:10:59.023-07:00",
      "Id": 174163
    },
    {
      "Message": "The GetVerifiedUserIdAsync method should not have the async keyword since it is a sync method ",
      "PostedDate": "2014-05-29T10:57:10.67-07:00",
      "Id": 174164
    }
  ]
}