{
  "WorkItem": {
    "AffectedComponent": {
      "Name": "",
      "DisplayName": ""
    },
    "ClosedComment": "We will look at enabling it in v3.0.",
    "ClosedDate": "2014-09-22T14:41:04.53-07:00",
    "CommentCount": 1,
    "Custom": "",
    "Description": "Would like to have error messages in Swedish.\n\nI'd be happy to help tranlate!\n\n/Niels",
    "LastUpdatedDate": "2014-09-22T14:41:04.53-07:00",
    "PlannedForRelease": "Future",
    "ReleaseVisibleToPublic": false,
    "Priority": {
      "Name": "Unassigned",
      "Severity": 0,
      "Id": 0
    },
    "ProjectName": "aspnetidentity",
    "ReportedDate": "2014-03-29T09:55:26.403-07:00",
    "Status": {
      "Name": "Closed",
      "Id": 4
    },
    "ReasonClosed": {
      "Name": "Unassigned"
    },
    "Summary": "Localization package for Swedish?",
    "Type": {
      "Name": "Unassigned",
      "Id": 5
    },
    "VoteCount": 1,
    "Id": 2132
  },
  "FileAttachments": [],
  "Comments": [
    {
      "Message": "I'm trying to fix it myself but I'm having trouble. \r\n\r\nhttp://stackoverflow.com/questions/22835981/asp-net-identity-localization-publickeytoken\r\n\r\nAnyone?\r\n\r\n/Niels",
      "PostedDate": "2014-04-04T01:42:16.14-07:00",
      "Id": 174059
    }
  ]
}