{
  "WorkItem": {
    "AffectedComponent": {
      "Name": "",
      "DisplayName": ""
    },
    "ClosedComment": "",
    "ClosedDate": "2015-01-26T14:51:48.63-08:00",
    "CommentCount": 0,
    "Custom": "",
    "Description": "By default Identity's storage is based on EF. We include an ApplicationDbContext in the application which derives from IdentityDbContext<ApplicationUser>. The name ApplicationDbcontext makes sense because it is very convenient (at least for customers building simple applications) to share the same derived DbContext type between the application's Identity functionality and the application's domain model.\n\nIn order to share the ApplicationDbContext with the application's domain model you:\n\n1. Create a domain class, e.g. A \n2. Add the corresponding DbSet<A> properties on the ApplicationDbContext\n\nI would expect this to be the first (perhaps the only?) edit that many customers will do on IdentityModels.cs. However because the System.Data.Entity namespace is not in scope you get a compiler error:\n\n```\nThe type or namespace name 'DbSet<A>' could not be found (are you missing a using directive or assembly reference?)\n```\n\nNeedless to say, the error is helpful and after a couple of clicks you should be back on track. However, because I would expect the set of Identity customers not hitting this to be very small, I think we should just add the namespace there from the beginning to reduce friction.",
    "LastUpdatedDate": "2015-01-26T14:51:48.63-08:00",
    "PlannedForRelease": "",
    "ReleaseVisibleToPublic": false,
    "Priority": {
      "Name": "Unassigned",
      "Severity": 0,
      "Id": 0
    },
    "ProjectName": "aspnetidentity",
    "ReportedDate": "2014-12-16T11:52:50.763-08:00",
    "Status": {
      "Name": "Closed",
      "Id": 4
    },
    "ReasonClosed": {
      "Name": "Unassigned"
    },
    "Summary": "Experience: consider including \"using System.Data.Entity;\" in the default IdentityModels.cs",
    "Type": {
      "Name": "Unassigned",
      "Id": 5
    },
    "VoteCount": 1,
    "Id": 2474
  },
  "FileAttachments": [],
  "Comments": []
}