{
  "WorkItem": {
    "AffectedComponent": {
      "Name": "",
      "DisplayName": ""
    },
    "ClosedComment": "",
    "ClosedDate": "2014-02-10T15:02:42.663-08:00",
    "CommentCount": 1,
    "Custom": "",
    "Description": "Improve the error message when migrating from v1 - v2",
    "LastUpdatedDate": "2014-02-10T15:02:42.663-08:00",
    "PlannedForRelease": "2.0.0-Beta1",
    "ReleaseVisibleToPublic": false,
    "Priority": {
      "Name": "Unassigned",
      "Severity": 0,
      "Id": 0
    },
    "ProjectName": "aspnetidentity",
    "ReportedDate": "2014-02-03T16:35:01.55-08:00",
    "Status": {
      "Name": "Closed",
      "Id": 4
    },
    "ReasonClosed": {
      "Name": "Unassigned"
    },
    "Summary": "Improve Error messages while migrating",
    "Type": {
      "Name": "Issue",
      "Id": 3
    },
    "VoteCount": 1,
    "Id": 2005
  },
  "FileAttachments": [],
  "Comments": [
    {
      "Message": "Change is checked in, just need the final error message",
      "PostedDate": "2014-02-06T10:04:46.003-08:00",
      "Id": 173942
    }
  ]
}