{
  "WorkItem": {
    "AffectedComponent": {
      "Name": "",
      "DisplayName": ""
    },
    "ClosedComment": "You can write your own Store with your own change tracking",
    "ClosedDate": "2014-08-06T14:35:29.927-07:00",
    "CommentCount": 0,
    "Custom": "",
    "Description": "Hi team, great work on pushing Identity forward. This is a simple issue, and hopefully a very simple fix that will make it a lot easier to extend and integrate Identity into our applications.\n\n_Problem_\n\nExtending the UserStore and RoleStore is currently harder than it needs to be as the change tracking mechanism for these stores is not available to subtypes, and is internal (and so not extensible).\n\n_Background_\n\nApplies to Identity 2.1, and is current as of \"Microsoft.AspNet.Identity.EntityFramework.2.1.0-rtm-140708\" (8 July 2014) from myget.\n\nThe EF stores `UserStore<>` and `RoleStore<>` deal with change tracking through a UnitOfWork-style \"caller registration\" (Fowler, PoEAA) mechanism using an internal class called `EntityStore<TEntity>`. This mechanism is entirely hidden to subtypes and therefore makes extending these types much harder than it needs to be.\n\nEach instance of a store (`UserStore<>` or `RoleStore<>`) creates it's own `EntityStore<TEntity>` from it's context.\n\n_Proposed Solution_\n\nThe solution to this involves very little work.\n\n`EntityStore<TEntity>` should be public, and should implement an interface called `IEntityStore<TEntity>`. The stores (`UserStore<>` and `RoleStore<>`) should expose their instances through a read+write property (whether `protected` or `public`) to allow easy subtyping of the stores.\n\nThis would allow true extensibility of the `UserStore<>` and `RoleStore<>` types without having to duplicate the effort to properly implement change tracking when manipulating entities.\n\nIncidentally there are also some very promising open source frameworks for the UnitOfWork pattern which overlay on EF and employ their own change tracking. This is synchronised with the EF change tracker, but cannot therefore integrate with the Identity framework. This could easily be fixed if the Store types were extensible in this way, allowing for subtypes to replace the `IEntityStore<>` on the base class.\n\n_Example code_\n\n    //  Note that this also uses a type parameter TKey to match the parent store type parameter definitions\n    /// <summary>\n    ///     A change tracker and entity store wrapper for the <typeparamref name=\"TEntity\"/>\n    /// </summary>\n    /// <typeparam name=\"TEntity\">The type of entity</typeparam>\n    /// <typeparam name=\"TKey\">The type of key this entity has, for use with <see cref=\"GetByIdAsync\"/></typeparam>\n    public interface IEntityStore<TEntity, TKey> \n        where TEntity : class\n    {\n        /// <summary>\n        ///     The parent <see cref=\"DbContext\"/> for this store\n        /// </summary>\n        DbContext Context { get; }\n\n        //removed as this duplicates the IQueryable<TEntity> on the DbEntitySet property\n        //public IQueryable<TEntity> EntitySet;\n\n        /// <summary>\n        ///     The underlying set of entities for this store\n        /// </summary>\n        IDbSet<TEntity> DbEntitySet { get; }\n\n        /// <summary>\n        ///     FindAsync an entity by ID\n        /// </summary>\n        /// <param name=\"id\"></param>\n        /// <returns></returns>\n        Task<TEntity> GetByIdAsync(TKey id);\n\n        /// <summary>\n        ///     Mark an entity as a new entity\n        /// </summary>\n        /// <param name=\"entity\">The new entity</param>\n        void Create(TEntity entity);\n\n        /// <summary>\n        ///     Mark an entity for deletion\n        /// </summary>\n        /// <param name=\"entity\">The entity to delete</param>\n        void Delete(TEntity entity);\n\n        /// <summary>\n        ///     Mark an entity as having been altered\n        /// </summary>\n        /// <param name=\"entity\">The entity that has been altered</param>\n        void Update(TEntity entity);\n    }\n\n    public class EntityStore<TEntity, TKey> : IEntityStore<TEntity, TKey> \n        where TEntity : class ....",
    "LastUpdatedDate": "2014-08-06T14:35:29.927-07:00",
    "PlannedForRelease": "",
    "ReleaseVisibleToPublic": false,
    "Priority": {
      "Name": "Unassigned",
      "Severity": 0,
      "Id": 0
    },
    "ProjectName": "aspnetidentity",
    "ReportedDate": "2014-07-08T09:28:19.543-07:00",
    "Status": {
      "Name": "Closed",
      "Id": 4
    },
    "ReasonClosed": {
      "Name": "Unassigned"
    },
    "Summary": "UserStore<> and RoleStore<> are not truly extensible",
    "Type": {
      "Name": "Unassigned",
      "Id": 5
    },
    "VoteCount": 2,
    "Id": 2308
  },
  "FileAttachments": [],
  "Comments": []
}