{
  "WorkItem": {
    "AffectedComponent": {
      "Name": "",
      "DisplayName": ""
    },
    "ClosedComment": "The usermanager should check that the user is valid before trying to create the user, that should ensure that the store can create the user first.  So we don't believe custom exceptions are needed.",
    "ClosedDate": "2014-08-25T14:25:26.917-07:00",
    "CommentCount": 2,
    "Custom": "",
    "Description": "Currently, the IUserStore implementer has no way of signalling \"the user already exists\" from the IUserStore. That would be nice if there is a know exception type to signal this message to UserManager.",
    "LastUpdatedDate": "2014-08-25T14:25:26.917-07:00",
    "PlannedForRelease": "Future",
    "ReleaseVisibleToPublic": false,
    "Priority": {
      "Name": "Unassigned",
      "Severity": 0,
      "Id": 0
    },
    "ProjectName": "aspnetidentity",
    "ReportedDate": "2014-04-12T05:32:54.45-07:00",
    "Status": {
      "Name": "Closed",
      "Id": 4
    },
    "ReasonClosed": {
      "Name": "Unassigned"
    },
    "Summary": "Allow the IUserStore implementer to signal the \"User Already Exists\" result",
    "Type": {
      "Name": "Unassigned",
      "Id": 5
    },
    "VoteCount": 1,
    "Id": 2156
  },
  "FileAttachments": [],
  "Comments": [
    {
      "Message": "We should consider adding a base IdentityException (maybe UserExistsException/UserDoesNotExistExceptions), \r\n\r\nor maybe adding a return status to signal legitimate failure cases instead of relying on exceptions (in VNext).",
      "PostedDate": "2014-04-16T15:14:04.623-07:00",
      "Id": 174101
    },
    {
      "Message": "I would prefer exception as I hate inventing my own exception handling mechanism with bunch of ifs and switch/cases :)",
      "PostedDate": "2014-04-18T23:22:34.707-07:00",
      "Id": 174102
    }
  ]
}