{
  "WorkItem": {
    "AffectedComponent": {
      "Name": "",
      "DisplayName": ""
    },
    "ClosedComment": "Fixed in 2.2-alpha1 and dispose is called for the usermanager",
    "ClosedDate": "2014-09-15T11:24:12.243-07:00",
    "CommentCount": 1,
    "Custom": "",
    "Description": "Reported here\nhttp://stackoverflow.com/questions/24378856/memory-leak-in-owin-appbuilderextensions\n\n\n\nI use OWIN + Microsoft.AspNet.Identity.Owin (v.2.0.0.0) in Web application. I register UserManager/DbContext per web request, as widely recommended:\napp.CreatePerOwinContext(ApplicationDbContext.Create);\napp.CreatePerOwinContext<ApplicationUserManager>(ApplicationUserManager.Create);\n\nbut neither is ever disposed. I took a glance look into reflector and it seems like a bug in extension method:\n```\npublic static IAppBuilder CreatePerOwinContext<T>(this IAppBuilder app, Func<IdentityFactoryOptions<T>, IOwinContext, T> createCallback) where T: class, IDisposable\n{\n    if (app == null)\n    {\n        throw new ArgumentNullException(\"app\");\n    }\n    if (createCallback == null)\n    {\n        throw new ArgumentNullException(\"createCallback\");\n    }\n    object[] args = new object[1];\n    IdentityFactoryOptions<T> options = new IdentityFactoryOptions<T> {\n        DataProtectionProvider = app.GetDataProtectionProvider()\n    };\n    IdentityFactoryProvider<T> provider = new IdentityFactoryProvider<T> {\n        OnCreate = createCallback\n    };\n    options.Provider = provider;\n    args[0] = options;\n    app.Use(typeof(IdentityFactoryMiddleware<T, IdentityFactoryOptions<T>>), args);\n    return app;\n\n}\n```\nIdentityFactoryProvider has two callbacks - create and dispose, but dispose callback is not registered here. I also confirmed my suspicion with memory profiler.",
    "LastUpdatedDate": "2014-09-15T11:24:12.243-07:00",
    "PlannedForRelease": "2.2.0-alpha1",
    "ReleaseVisibleToPublic": true,
    "Priority": {
      "Name": "Medium",
      "Severity": 100,
      "Id": 2
    },
    "ProjectName": "aspnetidentity",
    "ReportedDate": "2014-09-02T11:12:09.57-07:00",
    "Status": {
      "Name": "Closed",
      "Id": 4
    },
    "ReasonClosed": {
      "Name": "Unassigned"
    },
    "Summary": "Memory leak in Owin.AppBuilderExtensions",
    "Type": {
      "Name": "Issue",
      "Id": 3
    },
    "VoteCount": 1,
    "Id": 2374
  },
  "FileAttachments": [],
  "Comments": [
    {
      "Message": "Dispose by default for 2.2, added an overload which takes the dispose Callback",
      "PostedDate": "2014-09-08T10:48:57.62-07:00",
      "Id": 174256
    }
  ]
}