{
  "WorkItem": {
    "AffectedComponent": {
      "Name": "",
      "DisplayName": ""
    },
    "ClosedComment": "Verified as fixed for 2.0.0-beta1. Making the username index prevents duplicates entries for username. No regression for existing apps accept ones with duplicate entries. Verified the properties are configurable in the OnModelCreating",
    "ClosedDate": "2014-02-05T17:19:06.203-08:00",
    "CommentCount": 2,
    "Custom": "",
    "Description": "This particular is seen with the default templates when the database is being created for the first time. Hitting the 'Register' button multiple times in succession creates multiple users with same username. Ideally for the second request and after that, the username should be validated if it is being serviced. Looks like multiple requests executing on separate threads are unable to resolve this condition when the database is being created for the first time.\n\nRepro\n1. Create a new application using VS 2013\n2. Navigate to register page and create a local user with credentials\n3. While is browser has not received the response, hit the submit button multiple times\n\nExpected: Error saying user with username foo already exists\n\nActual: multiple users created with same user name",
    "LastUpdatedDate": "2014-02-05T17:19:06.203-08:00",
    "PlannedForRelease": "2.0.0-Beta1",
    "ReleaseVisibleToPublic": false,
    "Priority": {
      "Name": "Medium",
      "Severity": 100,
      "Id": 2
    },
    "ProjectName": "aspnetidentity",
    "ReportedDate": "2014-01-23T16:51:13.673-08:00",
    "Status": {
      "Name": "Closed",
      "Id": 4
    },
    "ReasonClosed": {
      "Name": "Unassigned"
    },
    "Summary": "Multiple users with same username created during registration",
    "Type": {
      "Name": "Issue",
      "Id": 3
    },
    "VoteCount": 1,
    "Id": 1989
  },
  "FileAttachments": [],
  "Comments": [
    {
      "Message": "We're planning fix this for RTM. We won't change case-sensitivity behavior for RTM, but we'll consider that for future. ",
      "PostedDate": "2014-02-03T16:19:04.39-08:00",
      "Id": 173921
    },
    {
      "Message": "Added Index and MaxLength 450 to username and role name properties for IdentityUser/Role",
      "PostedDate": "2014-02-03T17:32:52.283-08:00",
      "Id": 173922
    }
  ]
}