{
  "WorkItem": {
    "AffectedComponent": {
      "Name": "",
      "DisplayName": ""
    },
    "ClosedComment": "I was unable to repro even after adding the test as extension method. closing it since the customer figured a work around. Activate if there is a consistent repro",
    "ClosedDate": "2014-10-14T18:47:38.36-07:00",
    "CommentCount": 9,
    "Custom": "",
    "Description": "If I make multiple calls in a short timeframe to UserManagerExtensions.IsInRole (note, not the async version) the Exception below should not appear...\n\n\nSystem.NotSupportedException: A second operation started on this context before a previous asynchronous operation completed. Use 'await' to ensure that any asynchronous operations have completed before calling another method on this context. Any instance members are not guaranteed to be thread safe.\n   at System.Data.Entity.Internal.ThrowingMonitor.EnsureNotEntered()\n   at System.Data.Entity.Core.Objects.ObjectQuery`1.System.Data.Entity.Infrastructure.IDbAsyncEnumerable<T>.GetAsyncEnumerator()\n   at System.Data.Entity.Infrastructure.IDbAsyncEnumerableExtensions.<FirstOrDefaultAsync>d__25`1.MoveNext()\n--- End of stack trace from previous location where exception was thrown ---\n   at System.Runtime.CompilerServices.TaskAwaiter.ThrowForNonSuccess(Task task)\n   at System.Runtime.CompilerServices.TaskAwaiter.HandleNonSuccessAndDebuggerNotification(Task task)\n   at Microsoft.AspNet.Identity.TaskExtensions.CultureAwaiter`1.GetResult()\n   at Microsoft.AspNet.Identity.UserManager`2.<IsInRoleAsync>d__b2.MoveNext()\n--- End of stack trace from previous location where exception was thrown ---\n   at System.Runtime.CompilerServices.TaskAwaiter.ThrowForNonSuccess(Task task)\n   at System.Runtime.CompilerServices.TaskAwaiter.HandleNonSuccessAndDebuggerNotification(Task task)\n   at Microsoft.AspNet.Identity.AsyncHelper.RunSync[TResult](Func`1 func)\n   at Microsoft.AspNet.Identity.UserManagerExtensions.IsInRole[TUser,TKey](UserManager`2 manager, TKey userId, String role)",
    "LastUpdatedDate": "2015-02-26T11:27:28.18-08:00",
    "PlannedForRelease": "2.2.0-alpha1",
    "ReleaseVisibleToPublic": true,
    "Priority": {
      "Name": "Unassigned",
      "Severity": 0,
      "Id": 0
    },
    "ProjectName": "aspnetidentity",
    "ReportedDate": "2014-09-17T14:16:52.27-07:00",
    "Status": {
      "Name": "Closed",
      "Id": 4
    },
    "ReasonClosed": {
      "Name": "Unassigned"
    },
    "Summary": "UserManagerExtensions.IsInRole is not properly synchronous and can't be called repeatedly in succession",
    "Type": {
      "Name": "Unassigned",
      "Id": 5
    },
    "VoteCount": 1,
    "Id": 2408
  },
  "FileAttachments": [
    {
      "FileId": 1427770,
      "FileName": "Project.zip",
      "DownloadUrl": ".\\1427770"
    }
  ],
  "Comments": [
    {
      "Message": "Can you help me with repro? I put the code inside a loop and executed it 100 times but still did not hit the error. It would be good if you could list the steps where you hit the issue",
      "PostedDate": "2014-10-03T17:30:29.887-07:00",
      "Id": 174264
    },
    {
      "Message": "To avoid the problem I completely altered the code so I don't have anymore the files to send you, but I was doing approximately this in an MVC project:\r\n\r\nIn the view:\r\n\r\n```@if(User.HasAdminPermission()){\r\n...\r\n}@if(User.HasOtherPermission()){\r\n...\r\n}// etc```where the extension methods on IPrincipal will then do:```var um = HttpContext.Current.GetOwinContext().GetUserManager();// call um.IsInRole(\"rolename\") multiple times with different rolenames```\r\n\r\nI have the single context per owin context:```app.CreatePerOwinContext(SecurityDbContext.Create);```\r\n\r\nIt has occurred to me that there could perhaps under some circumstance have been an async operation from the controller that was not completed and if you have implemented User.IsInRole as a wrapper around User.IsInRoleAsync then perhaps this could cause a conflict, although from my point of view if I call a synchronous method I shouldn't have to worry about any async state of my objects.\r\n\r\nThe error I saw was rare on my machine, but occurring regularly when deployed on the live site (slower, more latency?).",
      "PostedDate": "2014-10-05T06:11:38.9-07:00",
      "Id": 174265
    },
    {
      "Message": "Even though I am also calling synchronous methods, I'm having the same exception message:\r\n\r\n\"A second operation started on this context before a previous asynchronous operation completed. Use 'await' to ensure that any asynchronous operations have completed before calling another method on this context. Any instance members are not guaranteed to be thread safe.\"\r\n\r\nThe exact method being called is: \r\n\r\nMicrosoft.AspNet.Identity.UserManagerExtensions.FindById\r\n\r\nor in other words:\r\n\r\nUserManager.FindById\r\n\r\nThe exception is being thrown then there are \"many\" requests to the same method at the same time. You don't get any exceptions if there is not enough load, thus a unit test might successfully pass.\r\n\r\n\r\n\r\n",
      "PostedDate": "2014-10-21T06:22:48.91-07:00",
      "Id": 174266
    },
    {
      "Message": "I am having exactly same issue as described by sunali. It appears when testing with many requests. The best way to replicate this issue is to compose a request in Fiddler and submit the request multiple time (keep clicking the button). \r\n\r\nI am using the OWIN middleware and have everything set up as per sample projects. My issue is also with UserManager.FindById  .",
      "PostedDate": "2014-12-22T11:23:24.907-08:00",
      "Id": 174267
    },
    {
      "Message": "I found the issue. It was actually in my code where I was caching a reference to UserManager instance obtained via OWIN. This was not request unique and hence the issue I experienced.",
      "PostedDate": "2014-12-22T13:24:33.02-08:00",
      "Id": 174268
    },
    {
      "Message": "I am having the same issue. I am attaching the project where I have the problem. Basically, I have a BaseController which has a property that returns the ApplicationUser. \r\n\r\n```protected ApplicationUser ApplicationUser        {            get            {                var userId = User.Identity.GetUserId();                var applicationUser = UserManager.FindById(userId);                if (applicationUser == null)                {                    return null;                }                return applicationUser;            }        }```\r\n\r\nthen I access this property frequently from various methods such as below```OrganizationDetailViewModels = ApplicationUser.Affiliations.Select(e => new OrganizationDetailViewModel(e.Organization, ApplicationUser)).ToList()```Then I get the \"A second operation started on this context before a previous asynchronous operation completed\" error. Note that this is not 100% reproducible. If you could take a look at the project I uploaded, I would appreciate it. Thanks",
      "PostedDate": "2015-01-06T08:37:59.85-08:00",
      "Id": 174269
    },
    {
      "Message": "I can reproduce this error 100% with UserManager.IsInRole. It occurs when I am inside a loop, looping through a list of users (async), and trying to determine their role. This code will exception on the IsInRole call:\n```\n public async Task<List<ApplicationUser>> GetAgentSellers(string agentUserId)\n             {\n                 // Get all the agent's users that are active and confirmed\n                 IQueryable<ApplicationUser> agentUsers = UserManager.Users;\n                 agentUsers = agentUsers.Where(p => p.ActiveBool == true);\n                 agentUsers = agentUsers.Where(p => p.ConfirmedBool == true);\n                 agentUsers = agentUsers.Where(p => p.AgentUserId == agentUserId);\n\n                 List<ApplicationUser> sellerUsers = new List<ApplicationUser>();\n\n                 // Now extract only the sellers from that list \n                 foreach (ApplicationUser user in agentUsers)\n                 {\n                     \n                     if (await UserManager.IsInRoleAsync(user.Id, \"Seller\"))  // exception\n                     {\n                         sellerUsers.Add(user);\n                     }\n                 }\n\n                 return sellerUsers;\n\n             }\n```\n\nAnd when I get do the following the exception disappears (adding the ToListAsync before I go into the loop:\n\n```\n   public async Task<List<ApplicationUser>> GetAgentSellers(string agentUserId)\n             {\n                 // Get all the agent's users that are active and confirmed\n                 IQueryable<ApplicationUser> agentUsers = UserManager.Users;\n                 agentUsers = agentUsers.Where(p => p.ActiveBool == true);\n                 agentUsers = agentUsers.Where(p => p.ConfirmedBool == true);\n                 agentUsers = agentUsers.Where(p => p.AgentUserId == agentUserId);\n\n                 List<ApplicationUser> allAgentUsers = await agentUsers.ToListAsync();\n\n                 List<ApplicationUser> sellerUsers = new List<ApplicationUser>();\n\n                 // Now extract only the sellers from that list \n                 foreach (ApplicationUser user in allAgentUsers) \n                 {\n                     \n                     if (await UserManager.IsInRoleAsync(user.Id, \"Seller\")) // no exception  \n                     {\n                         sellerUsers.Add(user);\n                     }\n                 }\n\n                 return sellerUsers;\n\n             }\n```",
      "PostedDate": "2015-02-17T22:25:12.2-08:00",
      "Id": 174775
    },
    {
      "Message": "I really wish this issue had not been closed so early.\n\nI am having the same issue. If at any point in my action I throw an exception then any subsequent call to the action (page refreshes ) are stuck. \n\nIf I could just figure out the code to dump the context I guess that'd be good enough.",
      "PostedDate": "2015-02-25T17:38:25.383-08:00",
      "Id": 175476
    },
    {
      "Message": "@bgCodeplex: I wasn't able to repro with the issue with your code. I has a database with 200 users in role and had an action with your code. Seems to run fine\n\n@haldiggs: Can you provide a repro for me to check. ",
      "PostedDate": "2015-02-26T11:27:28.18-08:00",
      "Id": 175581
    }
  ]
}