{
  "WorkItem": {
    "AffectedComponent": {
      "Name": "",
      "DisplayName": ""
    },
    "ClosedComment": "As explained in the last comment, this issue is external to Identity. It is validation behavior from EF combined with a customization in the model that is triggering the exception. The workarounds described seem to be the right approach to take when a navigation property is added with RequiredAttribute in the ApplicationUser class.",
    "ClosedDate": "2014-07-24T19:11:20.45-07:00",
    "CommentCount": 1,
    "Custom": "",
    "Description": "DbEntityValidationException's are thrown from a few places when an Entity Framework Code First class is added to ApplicationUser.\n\nI've added a required virtual field to my ApplicationUser class.  This field has a value for the user.\n```\npublic class Country\n{\n    public int CountryId { get; set; }\n    public string CountryName { get; set; }\n}\n```\n```\n public DbSet<Country> Countries { get; set; }\n```\n```\n[Required] \npublic virtual Country Country { get; set; }\n```\n\nWhen a login failure occurs for a valid user account, an DbEntityValidationException is thrown here\n\n```\nreturn await base.PasswordSignInAsync(userName, password, isPersistent, shouldLockout);\n```\n\nwith a message \"Validation failed for one or more entities. See 'EntityValidationErrors' property for more details.\"\n\nThe detail shows it is for the required field Country.\n\nIf I force Entity Framework to load the field I do not get the exception.\n\n```\nvar user = await UserManager.FindByNameAsync(userName);\nif (user != null)            \n{\n     Country c = user.Country;\n}\nreturn await base.PasswordSignInAsync(userName, password, isPersistent, shouldLockout);\n```\n\nOther places that throw the exception and the workaround works on those as well\n```\nvar result = await UserManager.ConfirmEmailAsync(userId, code);\nvar result = await UserManager.ChangePasswordAsync(userId, model.OldPassword, model.NewPassword);\n\n```",
    "LastUpdatedDate": "2014-07-24T19:11:20.45-07:00",
    "PlannedForRelease": "",
    "ReleaseVisibleToPublic": false,
    "Priority": {
      "Name": "Unassigned",
      "Severity": 0,
      "Id": 0
    },
    "ProjectName": "aspnetidentity",
    "ReportedDate": "2014-07-23T09:43:55.97-07:00",
    "Status": {
      "Name": "Closed",
      "Id": 4
    },
    "ReasonClosed": {
      "Name": "Unassigned"
    },
    "Summary": "Validation failing on User Manager and SignInManager Functions",
    "Type": {
      "Name": "Unassigned",
      "Id": 5
    },
    "VoteCount": 1,
    "Id": 2332
  },
  "FileAttachments": [],
  "Comments": [
    {
      "Message": "@occurance: This is most likely due to the behavior of EF validation: We honor the RequiredAttribute on the navigation property, but by design we avoid lazy loading properties during validation, hence the validation error can be triggered simply because the object the navigation property should point to has never been loaded into memory. There is currently a work item (see https://entityframework.codeplex.com/workitem/1571) that is about improving this behavior. The work item is currently assigned to be considered in future releases. \r\n\r\nYour workaround seems to be a good approach. If you have added required associations to your entities you can generalize the workaround by creating a custom UserManager and overriding the methods that return users to also always load your additional navigation properties into memory.\r\n\r\nAn alternative approach would be to override the ValidateEntity method on the DbContext. After calling base.ValidateEntity() you would remove any items referring to the navigation property from the errors collection.",
      "PostedDate": "2014-07-24T19:08:39.467-07:00",
      "Id": 174226
    }
  ]
}