{
  "WorkItem": {
    "AffectedComponent": {
      "Name": "",
      "DisplayName": ""
    },
    "ClosedComment": "This is fixed and available on the nightly feed https://www.myget.org/f/aspnetwebstacknightly/api/v2",
    "ClosedDate": "2015-04-06T15:08:12.18-07:00",
    "CommentCount": 1,
    "Custom": null,
    "Description": "This is almost the same as issue [2509](https://aspnetidentity.codeplex.com/workitem/2509).\r\n\r\n[2509](https://aspnetidentity.codeplex.com/workitem/2509) fixed the exception when removing claims for the currently logged in user.  It still throws when trying to remove claims for another user.\r\n\r\nThe fix is changing line 184 in `UserStore.cs` from this:\r\n\r\n```\r\nclaims = _userClaims.Where(uc => uc.ClaimValue == claimValue && uc.ClaimType == claimType && uc.UserId.Equals(userId));\r\n```\r\n\r\nto this:\r\n\r\n```\r\nclaims = _userClaims.Where(uc => uc.ClaimValue == claimValue && uc.ClaimType == claimType && uc.UserId.Equals(userId)).ToList();\r\n```\r\n\r\nAre you still accepting pull requests for this project?  If so I will send on with this fix.\r\n\r\nThanks!",
    "LastUpdatedDate": "2017-11-28T00:28:51.59-08:00",
    "PlannedForRelease": "2.2.1",
    "ReleaseVisibleToPublic": true,
    "Priority": {
      "Name": "Unassigned",
      "Severity": 0,
      "Id": 0
    },
    "ProjectName": "aspnetidentity",
    "ReportedDate": "2015-04-01T08:33:44.07-07:00",
    "Status": {
      "Name": "Closed",
      "Id": 4
    },
    "ReasonClosed": {
      "Name": "Fixed"
    },
    "Summary": "RemoveClaimAsync throws System.InvalidOperationException when removing claims for another user",
    "Type": {
      "Name": "Issue",
      "Id": 3
    },
    "VoteCount": 1,
    "Id": 2519
  },
  "FileAttachments": [],
  "Comments": [
    {
      "Message": "@KevinKuszyk, thanks for bring this one up to our attention. We do accept PRs. It just happens that in this case we were also missing the fact that on the else branch of the condition what we have is a database server query and so we should also use EF's async version of ToList(). We are currently working on a fix.",
      "PostedDate": "2015-04-02T16:17:56.933-07:00",
      "Id": 181618
    }
  ]
}