{
  "WorkItem": {
    "AffectedComponent": {
      "Name": "",
      "DisplayName": ""
    },
    "ClosedComment": "Identity 2.0 is no longer under primary development. No new features will be added, only bugs will be considered.\n\nIf [Identity 3.0](https://github.com/aspnet/Identity/) does not have the feature you require then feel free to log a bug there.",
    "ClosedDate": "2016-03-02T09:48:43.27-08:00",
    "CommentCount": 0,
    "Custom": null,
    "Description": "Currently, GetExternalLoginInfoAsync tries to authenticate the current request only by \"ExternalCookie\". \r\nA call to this method is present in the template which generate the skeleton for a webapi application with Individual accounts, but the method in which it is called is authorized via \"ExternalBearer\", so it will always fail. \r\n\r\n```\r\n    // POST api/Account/RegisterExternal\r\n    [OverrideAuthentication]\r\n    [HostAuthentication(DefaultAuthenticationTypes.ExternalBearer)]\r\n    [Route(\"RegisterExternal\")]\r\n    public async Task<IHttpActionResult> RegisterExternal(RegisterExternalBindingModel model)\r\n    {\r\n      if (!ModelState.IsValid)\r\n      {\r\n        return BadRequest(ModelState);\r\n      }\r\n\r\n      // should be able to call \r\n      // await Authentication.GetExternalLoginInfoAsync(DefaultAuthenticationTypes.ExternalBearer);\r\n      var info = await Authentication.GetExternalLoginInfoAsync();\r\n      if (info == null)\r\n      {\r\n        return InternalServerError();\r\n      }\r\n\r\n      // code removed \r\n    }\r\n\r\n```\r\n\r\nI think an overload of GetExternalLoginInfoAsync should be added, which allows the caller to set the authentication type to be used to authenticate the request (for example    ",
    "LastUpdatedDate": "2016-03-02T09:48:43.27-08:00",
    "PlannedForRelease": "",
    "ReleaseVisibleToPublic": false,
    "Priority": {
      "Name": "Unassigned",
      "Severity": 0,
      "Id": 0
    },
    "ProjectName": "aspnetidentity",
    "ReportedDate": "2016-02-03T05:47:12.347-08:00",
    "Status": {
      "Name": "Closed",
      "Id": 4
    },
    "ReasonClosed": {
      "Name": "By Design"
    },
    "Summary": "Overloaded version for GetExternalLoginInfoAsync with \"authenticationType\" string parameter",
    "Type": {
      "Name": "Unassigned",
      "Id": 5
    },
    "VoteCount": 1,
    "Id": 2546
  },
  "FileAttachments": [],
  "Comments": []
}