{
  "WorkItem": {
    "AffectedComponent": {
      "Name": "",
      "DisplayName": ""
    },
    "ClosedComment": "Verified with build 488 that the RedirectUrl is maintained for the rest of two factor login flow.",
    "ClosedDate": "2014-01-22T13:57:50.117-08:00",
    "CommentCount": 2,
    "Custom": "",
    "Description": "In the sample, if users request 'About' page without logging in, they are redirected to the Login page. With 2 factor auth enabled, they have to enter the PIN following which they are redirected to the Home page. Without 2 factor auth, the users are redirected to the page in the redirecturl as intended. Need to consider this for 2 factor as well\n\nRepro\n1. Open sample application in browser\n2. Click on About page. Page redirected to Login\n3. Login using credentials which has 2 factor auth enabled\n4. Enter PIN\n\nExpected: Users redirected to About page\n\nActual: Users redirected to Home page",
    "LastUpdatedDate": "2014-01-22T13:57:50.117-08:00",
    "PlannedForRelease": "2.0.0-Beta1",
    "ReleaseVisibleToPublic": false,
    "Priority": {
      "Name": "Unassigned",
      "Severity": 0,
      "Id": 0
    },
    "ProjectName": "aspnetidentity",
    "ReportedDate": "2014-01-08T12:14:39.31-08:00",
    "Status": {
      "Name": "Closed",
      "Id": 4
    },
    "ReasonClosed": {
      "Name": "Unassigned"
    },
    "Summary": "[Samples package] Remember RedirectUrl through 2 factor auth",
    "Type": {
      "Name": "Unassigned",
      "Id": 5
    },
    "VoteCount": 1,
    "Id": 1964
  },
  "FileAttachments": [],
  "Comments": [
    {
      "Message": "[Samples package] <- Nice...\r\n\r\nWhen it is available? or its available right now (if so where) ? ",
      "PostedDate": "2014-01-12T03:22:25.82-08:00",
      "Id": 173903
    },
    {
      "Message": "@jitudavda: It should be available on the nightly Nuget feed http://myget.org/f/aspnetwebstacknightly",
      "PostedDate": "2014-01-22T13:57:12.78-08:00",
      "Id": 173904
    }
  ]
}