{
  "WorkItem": {
    "AffectedComponent": {
      "Name": "",
      "DisplayName": ""
    },
    "ClosedComment": "",
    "ClosedDate": "2014-09-22T14:43:54.103-07:00",
    "CommentCount": 3,
    "Custom": "",
    "Description": "In 2.0 user names are forced to be unique with no option to disable this default without our _ApplicationDbContext_ inheriting directly from _DbContext_. Like emails there should be an option called _RequireUniqueUserName_ on the _IdentityDbContext_ to allow the developer to decide what is appropriate for their project.\n\n![Image](http://i860.photobucket.com/albums/ab161/JoeyBradshaw/aspnetidentityoptionalusernameuniqueness.png)",
    "LastUpdatedDate": "2014-09-22T14:43:54.103-07:00",
    "PlannedForRelease": "",
    "ReleaseVisibleToPublic": false,
    "Priority": {
      "Name": "Unassigned",
      "Severity": 0,
      "Id": 0
    },
    "ProjectName": "aspnetidentity",
    "ReportedDate": "2014-08-30T11:22:29.637-07:00",
    "Status": {
      "Name": "Closed",
      "Id": 4
    },
    "ReasonClosed": {
      "Name": "Unassigned"
    },
    "Summary": "UserName uniqueness should be an option, not forced as a default",
    "Type": {
      "Name": "Unassigned",
      "Id": 5
    },
    "VoteCount": 1,
    "Id": 2371
  },
  "FileAttachments": [],
  "Comments": [
    {
      "Message": "Found a nice workaround in 2.0 that requires minimal code. This does not negate the original post though, this should still be optioned in 3.0.\r\n\r\n```public class ApplicationDbContext : IdentityDbContext{        protected override void OnModelCreating(DbModelBuilder modelBuilder)        {            if (modelBuilder == null)            {                throw new ArgumentNullException(\"modelBuilder\");            }            base.OnModelCreating(modelBuilder);            // remove the unique index on UserName column            modelBuilder.Entity().Property(u => u.UserName).HasColumnAnnotation(\"Index\", null);        }}```",
      "PostedDate": "2014-08-30T11:41:56.16-07:00",
      "Id": 174253
    },
    {
      "Message": "em..  how do you suggest users login? 2 accounts with the same username. Which one should sign-in?",
      "PostedDate": "2014-09-15T14:04:16.55-07:00",
      "Id": 174254
    },
    {
      "Message": "@trailmax, email address & password.",
      "PostedDate": "2014-09-15T16:48:28.727-07:00",
      "Id": 174255
    }
  ]
}