{
  "WorkItem": {
    "AffectedComponent": {
      "Name": "",
      "DisplayName": ""
    },
    "ClosedComment": "",
    "ClosedDate": null,
    "CommentCount": 0,
    "Custom": null,
    "Description": "\r\nThe cookie called AspNet.ApplicationCookie is generated by OWIN after successful login. I cloned the request with cookies after login using Fiddler or other tool, then I signed out from application. I was able to access the application using cloned request without entering user name and password. It seems old session cookie can be used to authenticate a user with unlimited time . \r\n\r\nHow can we invalidate the Authentication cookie after signout?",
    "LastUpdatedDate": "2016-06-22T10:02:41.227-07:00",
    "PlannedForRelease": "",
    "ReleaseVisibleToPublic": false,
    "Priority": {
      "Name": "Unassigned",
      "Severity": 0,
      "Id": 0
    },
    "ProjectName": "aspnetidentity",
    "ReportedDate": "2016-06-22T10:02:41.227-07:00",
    "Status": {
      "Name": "Proposed",
      "Id": 1
    },
    "ReasonClosed": {
      "Name": "Unassigned"
    },
    "Summary": "Invalidate old Authentication cookie",
    "Type": {
      "Name": "Unassigned",
      "Id": 5
    },
    "VoteCount": 1,
    "Id": 2553
  },
  "FileAttachments": [],
  "Comments": []
}