{
  "WorkItem": {
    "AffectedComponent": {
      "Name": "",
      "DisplayName": ""
    },
    "ClosedComment": "This action generates a view",
    "ClosedDate": "2014-11-17T14:58:55.303-08:00",
    "CommentCount": 0,
    "Custom": "",
    "Description": "Does GET /Account/ForgotPasswordConfirmation action method serve any purpose? It seems redundant.",
    "LastUpdatedDate": "2014-11-17T14:58:55.303-08:00",
    "PlannedForRelease": "",
    "ReleaseVisibleToPublic": false,
    "Priority": {
      "Name": "Unassigned",
      "Severity": 0,
      "Id": 0
    },
    "ProjectName": "aspnetidentity",
    "ReportedDate": "2014-10-24T06:37:26.743-07:00",
    "Status": {
      "Name": "Closed",
      "Id": 4
    },
    "ReasonClosed": {
      "Name": "Unassigned"
    },
    "Summary": "[Samples] Purpose of GET /Account/ForgotPasswordConfirmation?",
    "Type": {
      "Name": "Unassigned",
      "Id": 5
    },
    "VoteCount": 1,
    "Id": 2445
  },
  "FileAttachments": [],
  "Comments": []
}