{
  "WorkItem": {
    "AffectedComponent": {
      "Name": "",
      "DisplayName": ""
    },
    "ClosedComment": "Fixed in latest bits for 2.1 nightly bits",
    "ClosedDate": "2014-05-15T11:55:34.47-07:00",
    "CommentCount": 0,
    "Custom": "",
    "Description": "To repro, \nInstall-Package -Prerelease Microsoft.AspNet.Identity.Samples \n\n----- Comment bug GetPhoneNumberCodeAsync -----\nIn the code below, the comment should be GenerateChangePhoneNumberTokenAsync  not GetPhoneNumberCodeAsync\n-\n        public async Task<ActionResult> AddPhoneNumber(AddPhoneNumberViewModel model)\n...\n            // Send result of: UserManager.GetPhoneNumberCodeAsync(User.Identity.GetUserId(), phoneNumber);\n            // Generate the token and send it\n           var code = await UserManager.GenerateChangePhoneNumberTokenAsync(User.Identity.GetUserId(), model.Number);\n\n-- Comment bug uncomment the following line ---\nThe following line is not commented out.\n\n        public async Task<ActionResult> VerifyCode(string provider, string returnUrl)\n               \n                // To exercise the flow without actually sending codes, uncomment the following line\n                ViewBag.Status = \"For DEMO purposes the current \" + provider + \" code is: \" + await UserManager.GenerateTwoFactorTokenAsync(user.Id, provider);",
    "LastUpdatedDate": "2014-05-15T11:55:34.47-07:00",
    "PlannedForRelease": "2.1",
    "ReleaseVisibleToPublic": true,
    "Priority": {
      "Name": "Unassigned",
      "Severity": 0,
      "Id": 0
    },
    "ProjectName": "aspnetidentity",
    "ReportedDate": "2014-05-07T13:06:54.24-07:00",
    "Status": {
      "Name": "Closed",
      "Id": 4
    },
    "ReasonClosed": {
      "Name": "Unassigned"
    },
    "Summary": "[Samples][Bug][code comments]",
    "Type": {
      "Name": "Unassigned",
      "Id": 5
    },
    "VoteCount": 1,
    "Id": 2200
  },
  "FileAttachments": [],
  "Comments": []
}