{
  "WorkItem": {
    "AffectedComponent": {
      "Name": "",
      "DisplayName": ""
    },
    "ClosedComment": "Please reopen this issue with more details.",
    "ClosedDate": "2014-10-13T14:42:22.25-07:00",
    "CommentCount": 3,
    "Custom": "",
    "Description": "In ChangePassword action add the next lines if the user doesn't have password. There is no way to change a password without it.\n\n```\n        public ActionResult ChangePassword()\n        {\n            if (!HasPassword())\n                return RedirectToAction(\"SetPassword\");\n\n        public async Task<ActionResult> ChangePassword(ChangePasswordViewModel model)\n        {\n            if( !HasPassword())\n                return RedirectToAction(\"SetPassword\");\n```\n\n\nOn SetPassword action add the next lines if the user has password. There is no need to enter and set a new password if the user can use the \"ChangePassword\" action.\n\n```\n        public ActionResult SetPassword()\n        {\n            if (HasPassword())\n                return RedirectToAction(\"Index\");\n\n        public async Task<ActionResult> SetPassword(SetPasswordViewModel model)\n        {\n            if (HasPassword())\n                return RedirectToAction(\"Index\");\n```\n\nThanks\nNicolas",
    "LastUpdatedDate": "2014-10-13T14:42:22.25-07:00",
    "PlannedForRelease": "",
    "ReleaseVisibleToPublic": false,
    "Priority": {
      "Name": "Unassigned",
      "Severity": 0,
      "Id": 0
    },
    "ProjectName": "aspnetidentity",
    "ReportedDate": "2014-06-24T04:59:02.15-07:00",
    "Status": {
      "Name": "Closed",
      "Id": 4
    },
    "ReasonClosed": {
      "Name": "Unassigned"
    },
    "Summary": "Redirect on ChangePassword and SetPassword",
    "Type": {
      "Name": "Unassigned",
      "Id": 5
    },
    "VoteCount": 1,
    "Id": 2286
  },
  "FileAttachments": [],
  "Comments": [
    {
      "Message": "What is the scenario you are trying to address here?",
      "PostedDate": "2014-08-25T14:17:55.23-07:00",
      "Id": 174183
    },
    {
      "Message": "The scenario is: login with different provider (like facebook, google, etc) at the beginning the user don't have password,  so if you try to change the password there is no way to make this.",
      "PostedDate": "2014-09-10T05:58:05.777-07:00",
      "Id": 174184
    },
    {
      "Message": "Please provide more info on your scenario? ",
      "PostedDate": "2014-09-22T14:42:28.487-07:00",
      "Id": 174185
    }
  ]
}