{
  "WorkItem": {
    "AffectedComponent": {
      "Name": "",
      "DisplayName": ""
    },
    "ClosedComment": "please re open issue if needed",
    "ClosedDate": "2014-08-18T15:45:35.717-07:00",
    "CommentCount": 8,
    "Custom": "",
    "Description": "Hi,\nI recently upgraded to the 2.0 version, but when i try to add the migrations to the table(i switched to integer key),i get the error below\n\n```\nmy.Models.CustomUserLogin: : EntityType 'CustomUserLogin' has no key defined. Define the key for this EntityType.\nmy.Models.CustomUserRole: : EntityType 'CustomUserRole' has no key defined. Define the key for this EntityType.\nCustomUserLogins: EntityType: EntitySet 'CustomUserLogins' is based on type 'CustomUserLogin' that has no keys defined.\nCustomUserRoles: EntityType: EntitySet 'CustomUserRoles' is based on type 'CustomUserRole' that has no keys defined.\n```\nI have the models setup like \n```\n\n    public class ApplicationUser : IdentityUser<int, CustomUserLogin, CustomUserRole, CustomUserClaim>\n    {\n    }\n    public class CustomRole : IdentityRole<int, CustomUserRole>\n    {\n        public CustomRole() { }\n        public CustomRole(string name) { Name = name; }\n    }\n    public class CustomUserRole : IdentityUserRole<int> { }\n    public class CustomUserClaim : IdentityUserClaim<int> { }\n    public class CustomUserLogin : IdentityUserLogin<int> { }\n    public class CustomRoleStore : RoleStore<CustomRole, int, CustomUserRole>{ ... }\n    public class CustomUserStore : UserStore<UserProfile, CustomRole, int, CustomUserLogin, CustomUserRole, CustomUserClaim>{...}\n    public class ApplicationDbContext : IdentityDbContext<ApplicationUser, CustomRole, int, CustomUserLogin, CustomUserRole, CustomUserClaim>\n    {\n    }\n\n```\nI dont understand what else i need to do.\n\nI am following the sample code from the following page http://blogs.msdn.com/b/webdev/archive/2013/12/20/announcing-preview-of-microsoft-aspnet-identity-2-0-0-alpha1.aspx, and i cant imagine that those classes will not have Keys taken care of.\n\nAlso, that link talks of a new email confirmation feature but we dont see any sample code for this, it was just mentioned. Can anybody provide a sample code?",
    "LastUpdatedDate": "2014-10-20T04:13:12.78-07:00",
    "PlannedForRelease": "",
    "ReleaseVisibleToPublic": false,
    "Priority": {
      "Name": "Unassigned",
      "Severity": 0,
      "Id": 0
    },
    "ProjectName": "aspnetidentity",
    "ReportedDate": "2014-04-02T15:11:52.483-07:00",
    "Status": {
      "Name": "Closed",
      "Id": 4
    },
    "ReasonClosed": {
      "Name": "Unassigned"
    },
    "Summary": "Roles table missing key with integer key",
    "Type": {
      "Name": "Unassigned",
      "Id": 5
    },
    "VoteCount": 1,
    "Id": 2143
  },
  "FileAttachments": [],
  "Comments": [
    {
      "Message": "@layinka: your UserStore takes 'UserProfile' instead of 'ApplicationUser'. Can you correct that and let us know if migrations work",
      "PostedDate": "2014-04-03T10:21:44.063-07:00",
      "Id": 174081
    },
    {
      "Message": "@suhasj: UserProfile is actually my ApplicationUser. I renamed it.So that shouldnt be an issue. ApplicationUser comes from the blog i quoted.",
      "PostedDate": "2014-04-03T14:28:08.88-07:00",
      "Id": 174082
    },
    {
      "Message": "HiI have seen what is wrong.\r\n\r\nWhile working on another project, i realised that if i override OnModelCreating, then the error starts.If i comment out my override, then no problem.\r\n\r\nThe override must be doing something to the keys then. Unfortunately, i cant use my models without overriding the OnModelcreating as i have some mappings i need to do.\r\n\r\nAAny help",
      "PostedDate": "2014-04-10T13:51:20.583-07:00",
      "Id": 174083
    },
    {
      "Message": "@layinka : can you post your OnModelCreating code so that we can what might be conflicting",
      "PostedDate": "2014-04-11T10:30:34.853-07:00",
      "Id": 174084
    },
    {
      "Message": "This is my OnModelCreating method, though i dont think it is the content that is causing the error, because even if i add only 1 mapping ,i still have the error\r\n\r\n```protected override void OnModelCreating(DbModelBuilder modelBuilder)        {\r\n\r\n            modelBuilder.Entity()                .HasRequired(c => c.project)                .WithOptional(p => p.Nda)                .WillCascadeOnDelete(false);\r\n\r\n            ////modelBuilder.Entity().HasKey(l => l.Id);            //modelBuilder.Entity().HasKey(l => l.UserId);            //modelBuilder.Entity().HasKey(r => r.Id);            ////modelBuilder.Entity().HasKey(r => new { r.RoleId, r.UserId });\r\n\r\n            modelBuilder.Entity().HasRequired(t => t.project)                .WithMany(t => t.successfulbids)                .HasForeignKey(d => d.ProjectId)                .WillCascadeOnDelete(false);\r\n\r\n            modelBuilder.Entity\r\n().HasRequired(aa => aa.CreatorsProfile)                .WithMany(ww => ww.projects)                .HasForeignKey(ff => ff.CreatorId)                .WillCascadeOnDelete(false);\r\n\r\n            \r\n\r\n            modelBuilder.Entity().HasRequired(aa => aa.ReviewerUserProfile)                .WithMany(ww => ww.MyReviews)                .HasForeignKey(ff => ff.ReviewerId)                .WillCascadeOnDelete(false);\r\n\r\n            modelBuilder.Entity().HasRequired(aa => aa.ReviewedUsersUserProfile)                .WithMany(ww => ww.MyReviewsOfOthers)                .HasForeignKey(ff => ff.UserReviewedId)                .WillCascadeOnDelete(false);            modelBuilder.Entity\r\n().HasRequired(aa => aa.ReleasersProfile)                .WithMany(ww => ww.ProjectsFundsIReleased)                .HasForeignKey(ff => ff.ReleasedBy)                .WillCascadeOnDelete(false);\r\n\r\n            modelBuilder.Entity\r\n().HasRequired(aa => aa.ReceiversProfile)               .WithMany(ww => ww.ProjectsFundsReleasedToMe)               .HasForeignKey(ff => ff.ReleasedTo)               .WillCascadeOnDelete(false);\r\n\r\n            modelBuilder.Entity\r\n().HasRequired(aa => aa.SponsorsProfile)               .WithMany(ww => ww.ProjectsFundsOfMyProjects)               .HasForeignKey(ff => ff.ProjectSponsor)               .WillCascadeOnDelete(false);\r\n\r\n            modelBuilder.Entity().HasRequired(aa => aa.BiddersUserProfile)               .WithMany(ww => ww.BiddersSuccessfulBids)               .HasForeignKey(ff => ff.BidderId)               .WillCascadeOnDelete(false);\r\n\r\n            modelBuilder.Entity().HasRequired(aa => aa.ProjectCreatorsProfile)              .WithMany(ww => ww.ProjectCreatorsSuccessfulBids)              .HasForeignKey(ff => ff.CreatorId)              .WillCascadeOnDelete(false);                                }```",
      "PostedDate": "2014-04-12T13:47:46.957-07:00",
      "Id": 174085
    },
    {
      "Message": "I believe your DbContext fiel extends from IdentityDbContext. You might want to call base.OnModelCreating since the IdentityDbContext defines it for mapping Identity classes. You haven't called that in the above code which might be causing the issues",
      "PostedDate": "2014-04-14T12:55:36.437-07:00",
      "Id": 174086
    },
    {
      "Message": "@layinka: are still facing the issue? Did the suggest solution work ?",
      "PostedDate": "2014-05-06T18:08:32.41-07:00",
      "Id": 174087
    },
    {
      "Message": "@suhasj \r\n\r\nMany thanks : )\r\n\r\nI had the same problem and has solved by reading your comments.",
      "PostedDate": "2014-10-20T04:13:12.78-07:00",
      "Id": 174088
    }
  ]
}