{
  "WorkItem": {
    "AffectedComponent": {
      "Name": "",
      "DisplayName": ""
    },
    "ClosedComment": "",
    "ClosedDate": "2014-05-14T13:22:07.733-07:00",
    "CommentCount": 2,
    "Custom": "",
    "Description": "__Context__\nMy goal is to use the _Security Stamp (Sign out everywhere)_ feature as described here: http://blogs.msdn.com/b/webdev/archive/2014/03/20/test-announcing-rtm-of-asp-net-identity-2-0-0.aspx\n\n__Issue__\nBut when I change the user's SecurityStamp by calling _UpdateSecurityStamp_ the user doesn't get logged out. So basically the code from the above article doesn't work...\n\nI looked at the source code of the _OnValidateIdentity_ method and found that the _UserManager_ instance is retrieved the following way:  \n```\nvar manager = context.OwinContext.GetUserManager<TManager>();\n```\nIn my case _TManager_ would be _UserManager<IdentityUser>_\n\nThe problem is that this function returns null and therefore the rest of _OnValidateIdentity_ does nothing.\n\n__Work Around__\nThe only way I found to get _OnValidateIdentity_  to work correctly was to explicitly add the user manager instance to the context before the function gets called. Like so:\n```\nProvider = new CookieAuthenticationProvider\n{\n\tOnValidateIdentity = context =>\n\t{\n\t\tvar func = SecurityStampValidator.OnValidateIdentity<UserManager<IdentityUser>, IdentityUser>(\n\t\t\t\tTimeSpan.FromSeconds(30),\n\t\t\t\t(manager, user) => manager.CreateIdentityAsync(user, DefaultAuthenticationTypes.ApplicationCookie));\n\n\t\tcontext.OwinContext.Set(new UserManager<IdentityUser>(new UserStore<IdentityUser>()));\n\n\t\treturn func(context);\n\t}\n}\n```\n\n__Questions:__\nIs the implementation of _OnValidateIdentity_  broken (trying to get the UserManager the wrong way) ?\nAm I really supposed to explicitly add the user manger ? Or maybe doing something wrong ?\n\nThanks",
    "LastUpdatedDate": "2014-05-14T13:22:07.733-07:00",
    "PlannedForRelease": "",
    "ReleaseVisibleToPublic": false,
    "Priority": {
      "Name": "Unassigned",
      "Severity": 0,
      "Id": 0
    },
    "ProjectName": "aspnetidentity",
    "ReportedDate": "2014-05-09T11:44:27.173-07:00",
    "Status": {
      "Name": "Closed",
      "Id": 4
    },
    "ReasonClosed": {
      "Name": "Unassigned"
    },
    "Summary": "SecurityStampValidator.OnValidateIdentity not working",
    "Type": {
      "Name": "Unassigned",
      "Id": 5
    },
    "VoteCount": 1,
    "Id": 2209
  },
  "FileAttachments": [],
  "Comments": [
    {
      "Message": "can you please check if you are using the PerOWINContext in StartupAuth.cs",
      "PostedDate": "2014-05-12T14:50:09.22-07:00",
      "Id": 174157
    },
    {
      "Message": "Than you. You were right. I didn't know that I needed to register the _UserManager_ using this method.\r\n\r\nFor others with the same problem here is the working code:```app.CreatePerOwinContext(() => new UserManager(new UserStore()));\r\n\r\nvar options = new CookieAuthenticationOptions{    AuthenticationType = DefaultAuthenticationTypes.ApplicationCookie,    LoginPath = PathString.FromUriComponent(\"/login\"),    Provider = new CookieAuthenticationProvider    {        OnValidateIdentity = SecurityStampValidator.OnValidateIdentity, IdentityUser>(                    TimeSpan.FromSeconds(30),                    (manager, user) => manager.CreateIdentityAsync(user, DefaultAuthenticationTypes.ApplicationCookie))    }\r\n\r\n};app.UseCookieAuthentication(options);```\r\n\r\nThis solves my problem but shouldn't _OnValidateIdentity_ throw an exception when the UserManager is not found in the context instead of doing nothing. There should be something to inform the programmer that he needs to call _CreatePerOwinContext_. I find it kind of strange that a method does not work as intended without letting you know when you did not call some other method.",
      "PostedDate": "2014-05-14T06:29:11.643-07:00",
      "Id": 174158
    }
  ]
}