{
  "WorkItem": {
    "AffectedComponent": {
      "Name": "",
      "DisplayName": ""
    },
    "ClosedComment": "Refer to the VS templates",
    "ClosedDate": "2014-06-23T14:21:20.647-07:00",
    "CommentCount": 1,
    "Custom": "",
    "Description": "When the code was first written, the controller must have been named UserController, as the scaffolder generated the comments for each action method as:\n// GET: /Users/\n// GET: /Users/Details/5\n// GET: /Users/Create\n\nLooks like the controller name changed to UsersAdminController, so now the comments are incorrect, for example, it should be\n\n/ GET: /UsersAdmin",
    "LastUpdatedDate": "2014-06-23T14:21:20.647-07:00",
    "PlannedForRelease": "",
    "ReleaseVisibleToPublic": false,
    "Priority": {
      "Name": "Unassigned",
      "Severity": 0,
      "Id": 0
    },
    "ProjectName": "aspnetidentity",
    "ReportedDate": "2014-06-12T20:24:54.417-07:00",
    "Status": {
      "Name": "Closed",
      "Id": 4
    },
    "ReasonClosed": {
      "Name": "Unassigned"
    },
    "Summary": "[sample][typo] // GET: /Users/ comments",
    "Type": {
      "Name": "Unassigned",
      "Id": 5
    },
    "VoteCount": 1,
    "Id": 2271
  },
  "FileAttachments": [],
  "Comments": [
    {
      "Message": "Controllers\\ManageController.cs has the same problem. Might be better to just remove comments.\r\n\r\n// GET: /Account/Index// GET: /Account/RemoveLogin// GET: /Account/AddPhoneNumber // POST: /Account/AddPhoneNumber // GET: /Account/VerifyPhoneNu // POST: /Account/VerifyPhoneN // GET: /Account/RemovePhoneNu // POST: /Account/Manage // GET: /Account/Manage\r\n\r\nShould all be\r\n\r\n        // GET: /Manage/AddPhoneNumber\r\n\r\n",
      "PostedDate": "2014-06-16T17:55:49.623-07:00",
      "Id": 174174
    }
  ]
}