{
  "WorkItem": {
    "AffectedComponent": {
      "Name": "",
      "DisplayName": ""
    },
    "ClosedComment": "You can write your own method to do this conversion instead of calling the extension method",
    "ClosedDate": "2014-08-25T14:38:36.253-07:00",
    "CommentCount": 0,
    "Custom": "",
    "Description": "The fresh new method Microsoft.AspNet.Identity.IdentityExtensions.GetUserId<T>, added in the version 2.1.0, doesn't support System.Guid because Guid is not IConvertible. This is a very strange limitation that you applied, because guids can be used as primary keys for the AspNetUsers table. Old Membership used guids as primary keys and that was OK. Why did you, guys, added this restriction? I have my own extension method which looks like this\n``` C#\n  public static class IdentityExtensions\n  {\n    public static T GetUserId<T>(this IIdentity identity) where T : struct\n    {\n      string strId = identity.GetUserId();\n      if (string.IsNullOrWhiteSpace(strId))\n      {\n        return default(T);\n      }\n\n      if (typeof(T) == typeof(Guid))\n      {\n        Guid output;\n        Guid.TryParse(strId, out output);\n        return (T)(object)output;\n      }\n      else\n      {\n        return (T)((IConvertible)strId).ToType(typeof(T), CultureInfo.InvariantCulture);\n      }\n    }\n  }\n\n```\nwhich works perfectly fine with __guids__, integers, shorts, longs, etc. Now I have compilation error saying that there is ambiguity between your extension and mine. I could remove my method and replace it with yours, but there is mentioned problem with guids.\nSo, could you modify your method so it supports guids?",
    "LastUpdatedDate": "2014-08-25T14:38:36.253-07:00",
    "PlannedForRelease": "",
    "ReleaseVisibleToPublic": false,
    "Priority": {
      "Name": "Unassigned",
      "Severity": 0,
      "Id": 0
    },
    "ProjectName": "aspnetidentity",
    "ReportedDate": "2014-08-07T03:02:41.32-07:00",
    "Status": {
      "Name": "Closed",
      "Id": 4
    },
    "ReasonClosed": {
      "Name": "Unassigned"
    },
    "Summary": "The new method Microsoft.AspNet.Identity.IdentityExtensions.GetUserId<T> doesn't support System.Guid",
    "Type": {
      "Name": "Unassigned",
      "Id": 5
    },
    "VoteCount": 3,
    "Id": 2354
  },
  "FileAttachments": [],
  "Comments": []
}