{
  "WorkItem": {
    "AffectedComponent": {
      "Name": "",
      "DisplayName": ""
    },
    "ClosedComment": "",
    "ClosedDate": "2014-08-25T14:40:48.413-07:00",
    "CommentCount": 0,
    "Custom": "",
    "Description": "UserManager setting for using UserNames as Emails",
    "LastUpdatedDate": "2014-08-25T14:40:48.413-07:00",
    "PlannedForRelease": "Future",
    "ReleaseVisibleToPublic": false,
    "Priority": {
      "Name": "Medium",
      "Severity": 100,
      "Id": 2
    },
    "ProjectName": "aspnetidentity",
    "ReportedDate": "2014-04-30T14:36:33.763-07:00",
    "Status": {
      "Name": "Closed",
      "Id": 4
    },
    "ReasonClosed": {
      "Name": "Unassigned"
    },
    "Summary": "UserManager setting for using UserNames as Emails",
    "Type": {
      "Name": "Issue",
      "Id": 3
    },
    "VoteCount": 1,
    "Id": 2185
  },
  "FileAttachments": [],
  "Comments": []
}