{
  "WorkItem": {
    "AffectedComponent": {
      "Name": "",
      "DisplayName": ""
    },
    "ClosedComment": "You need to set the Name as mentioned in the SO post.",
    "ClosedDate": "2014-07-23T14:39:13.817-07:00",
    "CommentCount": 0,
    "Custom": "",
    "Description": "In the default mvc5 template, in ExternalLoginConfirmation:\n\n```\nvar user = new ApplicationUser() \n{ \n    UserName = model.Name,    \n    Email = model.Email ,\n    BirthDate = model.BirthDate\n};\n\nIdentityResult result = await UserManager.CreateAsync(user);\n```\n\nIt returns success and everything works fine until when i try to assign a role to the user that had their username defined by user input. When i try to add the user to the role, i'm thrown an exception saying: \n\n__User name <Lee Gary> is invalid, can only contain letters or digits.__\n\nIf that's the case, in the first place, in UserManager.CreateAsync(), it should have failed during creation? Or should role manager allow username with spaces?\n\nI have not tested all other functionalities, but i'm able to sign in using my social account\n\nPlease refer to http://stackoverflow.com/a/24772827/670514",
    "LastUpdatedDate": "2014-07-23T14:39:13.817-07:00",
    "PlannedForRelease": "",
    "ReleaseVisibleToPublic": false,
    "Priority": {
      "Name": "Unassigned",
      "Severity": 0,
      "Id": 0
    },
    "ProjectName": "aspnetidentity",
    "ReportedDate": "2014-07-15T22:38:12.573-07:00",
    "Status": {
      "Name": "Closed",
      "Id": 4
    },
    "ReasonClosed": {
      "Name": "Unassigned"
    },
    "Summary": "Create user returns success but when add role it says the username is invalid",
    "Type": {
      "Name": "Unassigned",
      "Id": 5
    },
    "VoteCount": 1,
    "Id": 2320
  },
  "FileAttachments": [],
  "Comments": []
}