{
  "WorkItem": {
    "AffectedComponent": {
      "Name": "",
      "DisplayName": ""
    },
    "ClosedComment": "You can click on your username and it will take you to the Manage page",
    "ClosedDate": "2014-02-04T15:38:56.493-08:00",
    "CommentCount": 1,
    "Custom": "",
    "Description": "The new Manage page redirects to sub views for account management operations. It would be good to have a back button on these view pages to make navigation easier",
    "LastUpdatedDate": "2014-02-04T15:39:03.197-08:00",
    "PlannedForRelease": "2.0.0-Beta1",
    "ReleaseVisibleToPublic": false,
    "Priority": {
      "Name": "Low",
      "Severity": 50,
      "Id": 1
    },
    "ProjectName": "aspnetidentity",
    "ReportedDate": "2014-01-07T12:05:20.347-08:00",
    "Status": {
      "Name": "Closed",
      "Id": 4
    },
    "ReasonClosed": {
      "Name": "Unassigned"
    },
    "Summary": "[Samples package] Need to have back button in views for Manage account",
    "Type": {
      "Name": "Unassigned",
      "Id": 5
    },
    "VoteCount": 1,
    "Id": 1959
  },
  "FileAttachments": [],
  "Comments": [
    {
      "Message": "You can click on your username and it will take you to the Manage page",
      "PostedDate": "2014-02-04T15:39:03.197-08:00",
      "Id": 173898
    }
  ]
}