{
  "WorkItem": {
    "AffectedComponent": {
      "Name": "",
      "DisplayName": ""
    },
    "ClosedComment": "Please re open the bug with additional details if you are still hitting the same issue with Identity 2.1.0 bits",
    "ClosedDate": "2014-08-18T16:01:01.007-07:00",
    "CommentCount": 1,
    "Custom": "",
    "Description": "I have a problem using Asp.Net Identity.\n\nI have an ASP.NET MVC 5 application where there is an ApplicationUser class which is inherited from IdentityUser class. I am not using separate AuthenticationContext, I have just one DbContext.\n\nI am working on the website authentication and I want to use Facebook login in my App.\n\nI applied the necessary settings and when I click on the facebook button I get this exception in the AccountController.ExternalLoginCallback method.\n\n\n Invalid column name 'User_Id'. \n  Description: An unhandled exception occurred during the execution of the current web request. Please review the stack trace for more information about the error and where it originated in the code. \n\n Exception Details: System.Data.SqlClient.SqlException: Invalid column name 'User_Id'.\n\nSource Error: \n\n\n\nLine 220:\nLine 221:            // Sign in the user with this external login provider if the user already has a login\nLine 222:            var user = await UserManager.FindAsync(loginInfo.Login);\nLine 223:\n\nIt's really strange for me because there is not user_id column in database. I use Code First Migration and I know when a class has a complex property but does not have the foreign key property the Code First Migration will generate foreign key property in the db.\n\nSo, I am lost, I tried to debug it but I dont have any result.\n\nAnybody can help me?",
    "LastUpdatedDate": "2014-08-18T16:01:01.007-07:00",
    "PlannedForRelease": "",
    "ReleaseVisibleToPublic": false,
    "Priority": {
      "Name": "Unassigned",
      "Severity": 0,
      "Id": 0
    },
    "ProjectName": "aspnetidentity",
    "ReportedDate": "2014-02-28T08:41:11.317-08:00",
    "Status": {
      "Name": "Closed",
      "Id": 4
    },
    "ReasonClosed": {
      "Name": "Unassigned"
    },
    "Summary": "Asp.Net Identity external login issue",
    "Type": {
      "Name": "Unassigned",
      "Id": 5
    },
    "VoteCount": 1,
    "Id": 2068
  },
  "FileAttachments": [],
  "Comments": [
    {
      "Message": "Can you please give us detailed repro steps on what you did?",
      "PostedDate": "2014-04-30T15:21:55.733-07:00",
      "Id": 173973
    }
  ]
}