{
  "WorkItem": {
    "AffectedComponent": {
      "Name": "",
      "DisplayName": ""
    },
    "ClosedComment": "This is a custom behavior which you can add to your app",
    "ClosedDate": "2014-06-23T14:10:59.92-07:00",
    "CommentCount": 1,
    "Custom": "",
    "Description": "ASP.NET Identity works well around scenario were users register by themselves.\nHowever, there is often a need to generate user account by \"admin\" user.\nIn such scenario, it would be nice if the framework generated random password for account, \ntaking in consideration PasswordValidator rules that are set up.\n\nI propose adding a method UserManager.GenerateRandomPassword that could look something like this:\n(NOTE: \nI am not a security expert, and implementation I have is based on SO question (as noted)\nComments are welcome!\n)\n\n\n\n```\npublic class AppUserManager : UserManager<AppUser, long>\n{\n    // NOTE: PasswordValidator does not expose getters for password constrains, \n    // so we use constants to share them. It would be nice if PV would have something like:\n    // public char[] PasswordValidator.GetValidChars() or read only prop .ValidChars\n    private const int PasswordRequiredLength              = 8;\n    private const bool PasswordRequireNonLetterOrDigit    = true;\n    private const bool PasswordRequireDigit               = true;\n    private const bool PasswordRequireLowercase           = true;\n    private const bool PasswordRequireUppercase           = true;\n    \n    \n    // other \"stuff\" omitted for brevity...\n    // ...\n    \n    \n    // The \"factory\" method...\n    public static AppUserManager Create(IdentityFactoryOptions<AppUserManager> options, IOwinContext context)\n    {\n        // other \"stuff\" omitted for brevity....\n        // ...\n        \n        manager.PasswordValidator = new PasswordValidator\n        {\n            RequiredLength          = PasswordRequiredLength,\n            RequireNonLetterOrDigit = PasswordRequireNonLetterOrDigit,\n            RequireDigit            = PasswordRequireDigit,\n            RequireLowercase        = PasswordRequireLowercase,\n            RequireUppercase        = PasswordRequireUppercase\n        };\n    }\n    \n    // other \"stuff\" omitted for brevity...\n    // ...\n    \n    \n    // based on: http://stackoverflow.com/a/1344255\n    public async Task<string> GenerateRandomPasswordAsync()\n    {\n        const string lower  = @\"abcdefghijklmnopqrstuvwxyz\";\n        const string upper  = @\"ABCDEFGHIJKLMNOPQRSTUVWXYZ\";\n        const string digits = @\"1234567890\";\n        const string nonld  = @\"~!@#$%^&*()-_=+[{]}\\|;\"\":',<.>/?\";\n\n        // See note at the the top (constants)\n        // using required character sets, create appropriate source \n        var source = String.Format(\"{0}{1}{2}{3}\",\n            (PasswordRequireLowercase        ? lower  : String.Empty),\n            (PasswordRequireUppercase        ? upper  : String.Empty),\n            (PasswordRequireDigit            ? digits : String.Empty),\n            (PasswordRequireNonLetterOrDigit ? nonld  : String.Empty)\n            );\n        // sanity check, this should never occur\n        if (source.Length == 0)\n        {\n            throw new InvalidOperationException(\"Source character set is empty!\");\n        }\n\n        var sourceChars = source.ToCharArray();\n        var data = new byte[PasswordRequiredLength];\n        var crypto = new RNGCryptoServiceProvider();\n        crypto.GetNonZeroBytes(data);\n        var result = new StringBuilder(PasswordRequiredLength);\n        foreach (var b in data)\n        {\n            result.Append(sourceChars[b % (sourceChars.Length)]);\n        }\n        var generatedPassword = result.ToString();\n\n        // sanity check, this should never occur\n        var isValid = await this.PasswordValidator.ValidateAsync(generatedPassword);\n        if (!isValid.Succeeded)\n        {\n            throw new InvalidOperationException(\"Generated password failed validation!\");\n        }\n\n        return generatedPassword;\n    }\n    \n} \n```",
    "LastUpdatedDate": "2014-06-25T06:24:46.697-07:00",
    "PlannedForRelease": "",
    "ReleaseVisibleToPublic": false,
    "Priority": {
      "Name": "Unassigned",
      "Severity": 0,
      "Id": 0
    },
    "ProjectName": "aspnetidentity",
    "ReportedDate": "2014-06-23T11:49:38.303-07:00",
    "Status": {
      "Name": "Closed",
      "Id": 4
    },
    "ReasonClosed": {
      "Name": "Unassigned"
    },
    "Summary": "Add UserManager.GenerateRandomPasswordAsync() that follows PasswordValidator rules",
    "Type": {
      "Name": "Unassigned",
      "Id": 5
    },
    "VoteCount": 1,
    "Id": 2284
  },
  "FileAttachments": [],
  "Comments": [
    {
      "Message": "Thank you for consideration but how is this more \"custom behavior\" than other functionality of the framework (e.g. sending email confirmation link)? \r\n\r\nBTW, this functionality existed in \"old membership\" API if I recall (and I call it \"old\" loosely as it is very much still being used today)http://msdn.microsoft.com/en-us/library/system.web.security.membership.generatepassword(v=vs.110).aspx\r\n\r\nThanks againz...",
      "PostedDate": "2014-06-25T06:24:46.697-07:00",
      "Id": 174182
    }
  ]
}