{
  "WorkItem": {
    "AffectedComponent": {
      "Name": "",
      "DisplayName": ""
    },
    "ClosedComment": "I could repro the issue. It is caused by a bug in the routing module. The work around is to enable  'forms' authentication in web.config \n\nClosing this out since this is not related to Identity",
    "ClosedDate": "2014-05-06T18:07:09.24-07:00",
    "CommentCount": 2,
    "Custom": "",
    "Description": "Forms Authentication used to redirect to the login page when a folder was configured to restrict authentication to a user. As configured in the web.config, in the folder.\n```\n<system.web>\n    <authorization>\n      <deny users=\"?\"/>      \n    </authorization>\n</system.web>\n```\n\nWhich would redirect you to the login page with the returnurl of where you wanted to go in the first place. The authorization works ( Identity 2.0 Beta1 prerelease ) but there is no redirect to the login page when using __Custom Routes__\nNow, after implementing identity which does everything else quiet well, when I try to access a page that requires me to be logged in I see a YSOD saying.\n\n> An error occurred while accessing the resources required to serve this request. You might not have permission to view the requested resources.\n\nI've used the default template from vs2013 and it works with FriendlyUrls or the actual path, just not with the custom route. (which worked with Forms Auth)\n```\nroutes.MapPageRoute( routeName:\"login\", routeUrl: \"login\", physicalFile: \"~/Account/Login.aspx\" );\n```\n\n__For example__ I have a page located at /Account/nightlife/stream.aspx which has the above web.config in the folder Account\n\nSo when I use the full path it works and redirects me to the login page with\n\nhttp://mylocaliis/login?ReturnUrl=%2FAccount%2Fnightlife%2Fstream.aspx (without the .aspx in the case of friendly urls)\n\n\n> But with Identity and the custom route enabled the redirect dosent happen and I see the YSOD\n\n__So for example__ if i tried to access the resource (when I am not logged in) with its custom route url\n\nlocalhost/stream (defined by the custom route -  routes.MapPageRoute( \"nightlife_stream\", \"stream\", \"~/Account/nightlife/stream.aspx\" ); )\nI see the YSOD.",
    "LastUpdatedDate": "2014-05-13T11:48:12.187-07:00",
    "PlannedForRelease": "2.1",
    "ReleaseVisibleToPublic": true,
    "Priority": {
      "Name": "Unassigned",
      "Severity": 0,
      "Id": 0
    },
    "ProjectName": "aspnetidentity",
    "ReportedDate": "2014-03-18T09:22:05.653-07:00",
    "Status": {
      "Name": "Closed",
      "Id": 4
    },
    "ReasonClosed": {
      "Name": "Unassigned"
    },
    "Summary": "Asp.Net Identity Unauthorized redirect Not Working with Custom Routes",
    "Type": {
      "Name": "Unassigned",
      "Id": 5
    },
    "VoteCount": 1,
    "Id": 2108
  },
  "FileAttachments": [],
  "Comments": [
    {
      "Message": "You can use the following config setting for your app```              ```",
      "PostedDate": "2014-05-07T10:29:16.16-07:00",
      "Id": 174015
    },
    {
      "Message": "It worked thanks for the answer. Ill post this in the Routing Module Issues list.",
      "PostedDate": "2014-05-13T11:48:12.187-07:00",
      "Id": 174016
    }
  ]
}