{
  "WorkItem": {
    "AffectedComponent": {
      "Name": "",
      "DisplayName": ""
    },
    "ClosedComment": "Looking at the comments, looks like the issue is fixed. Please try with the latest EF and Identity and let us know if you can still see the issue",
    "ClosedDate": "2015-01-27T11:05:02.24-08:00",
    "CommentCount": 9,
    "Custom": "",
    "Description": "I am using database firs approach and using identity.\n\nI have update this version of identity in my application and after update while i am adding user to role it is inserting null value in IdentityUser_Id column in userRoles table. Please let me know that is any code changes also need to do or it is a bug?",
    "LastUpdatedDate": "2015-01-27T11:05:02.24-08:00",
    "PlannedForRelease": "2.2.0-alpha1",
    "ReleaseVisibleToPublic": true,
    "Priority": {
      "Name": "Unassigned",
      "Severity": 0,
      "Id": 0
    },
    "ProjectName": "aspnetidentity",
    "ReportedDate": "2014-08-11T02:58:45.29-07:00",
    "Status": {
      "Name": "Closed",
      "Id": 4
    },
    "ReasonClosed": {
      "Name": "Unassigned"
    },
    "Summary": "IdentityUser_Id getting null value",
    "Type": {
      "Name": "Unassigned",
      "Id": 5
    },
    "VoteCount": 3,
    "Id": 2358
  },
  "FileAttachments": [],
  "Comments": [
    {
      "Message": "I am using database firs approach and using identity.\r\n\r\nI have update this version of identity in my application and after update while i am adding user to role it is inserting null value in IdentityUser_Id column in userRoles table. Please let me know that is any code changes also need to do or it is a bug?",
      "PostedDate": "2014-08-11T02:59:19.56-07:00",
      "Id": 174235
    },
    {
      "Message": "Can you paste your code? How have you defined the schema since UserId column is part of the composite key and hence can never be null ?",
      "PostedDate": "2014-08-11T12:03:57.56-07:00",
      "Id": 174236
    },
    {
      "Message": "I am getting role1 and role2 as user selection during registration and after confirmation of email, i am adding him to respective role,it was working fine with previous version\r\n\r\nmy approach is database first basically it is inserting null value in IdentityUser_Id column\r\n\r\npublic async Task ConfirmEmail(string userId, string code)\r\n\r\n       {\r\n\r\n           if (userId == null || code == null)\r\n\r\n           {\r\n\r\n               return View(\"Error\");\r\n\r\n           }\r\n\r\n           IdentityResult result = await UserManager.ConfirmEmailAsync(userId, code);\r\n\r\n           if (result.Succeeded)\r\n\r\n           {\r\n\r\n               SUsers user = db.SUsers.Find(userId);\r\n\r\n               var rolesForUser = UserManager.GetRoles(user.Id);\r\n\r\n               if(user.IsRole1)\r\n\r\n               {\r\n\r\n                   if(!rolesForUser.Contains(\"Role1\"))\r\n\r\n                   {\r\n\r\n                    result = UserManager.AddToRole(userId, \"Role1\");\r\n\r\n                   }\r\n\r\n               }\r\n\r\n               if (user.IsRole2)\r\n\r\n               {\r\n\r\n                   if (!rolesForUser.Contains(\"Role2\"))\r\n\r\n                   {\r\n\r\n                       result = UserManager.AddToRole(userId, \"Role2\");\r\n\r\n                   }\r\n\r\n               }\r\n\r\n               return View(\"ConfirmEmail\");\r\n\r\n           }\r\n\r\n           else\r\n\r\n           {\r\n\r\n               return View(\"Error\");\r\n\r\n           }\r\n\r\n       }\r\n\r\nPlease see inserted row:                         UserId                                            RoleId                                         IdentityUser_Id30c89a46-24b4-47ab-b011-5945200a59f8\teb13d02a-9cf8-46cf-a6c0-1213b72899bf\t   NULL",
      "PostedDate": "2014-08-13T00:20:28.493-07:00",
      "Id": 174237
    },
    {
      "Message": "If you see the Identity schema the UserRole table does not have the 'IdentityUser_Id' column. So my hunch is that schema is not correct. Since you mentioned you did database first approach, did you create the tables from scratch. In that case, the column is incorrect.\r\n\r\nAlso to check is a user is in role, use the UserManager.IsInRole() method ",
      "PostedDate": "2014-08-18T17:55:57.28-07:00",
      "Id": 174238
    },
    {
      "Message": "i got the same problem after i update the 2.1.0 version.should i need to drop the \"identityuser_id\" column and add new fk with userid?",
      "PostedDate": "2014-09-25T00:13:53.183-07:00",
      "Id": 174239
    },
    {
      "Message": "i already solved this issue.[0A]```[0A]Add-Migration FixIdentityUserId[0A]```[0A]then add below code[0A]```[0A]public override void Up()[0A]        {[0A]            DropIndex(\"dbo.IdentityUserClaims\", \"IX_IdentityUser_Id\");[0A]            DropForeignKey(\"dbo.IdentityUserClaims\", \"IdentityUser_Id\", \"dbo.IdentityUsers\");[0A]            DropColumn(\"dbo.IdentityUserClaims\", \"IdentityUser_Id\");[0A]            AlterColumn(\"dbo.IdentityUserClaims\", \"UserId\", colB => colB.String(false, 128, unicode: true));[0A]            AddForeignKey(\"dbo.IdentityUserClaims\", \"UserId\", \"dbo.IdentityUsers\", \"Id\", name: \"[FK_dbo.IdentityUserClaims_dbo.IdentityUsers_UserId]\");[0A]            CreateIndex(\"dbo.IdentityUserClaims\", \"UserId\", name: \"IX_UserId\");[0A][0A]            DropIndex(\"dbo.IdentityUserLogins\", \"IX_IdentityUser_Id\");[0A]            DropForeignKey(\"dbo.IdentityUserLogins\", \"IdentityUser_Id\", \"dbo.IdentityUsers\");[0A]            DropColumn(\"dbo.IdentityUserLogins\", \"IdentityUser_Id\");[0A]            AlterColumn(\"dbo.IdentityUserLogins\", \"UserId\", colB => colB.String(false, 128, unicode: true));[0A]            AddForeignKey(\"dbo.IdentityUserLogins\", \"UserId\", \"dbo.IdentityUsers\", \"Id\", name: \"[FK_dbo.IdentityUserLogins_dbo.IdentityUsers_UserId]\");[0A]            CreateIndex(\"dbo.IdentityUserLogins\", \"UserId\", name: \"IX_UserId\");[0A][0A]            DropIndex(\"dbo.IdentityUserRoles\", \"IX_IdentityUser_Id\");[0A]            DropForeignKey(\"dbo.IdentityUserRoles\", \"IdentityUser_Id\", \"dbo.IdentityUsers\");[0A]            DropColumn(\"dbo.IdentityUserRoles\", \"IdentityUser_Id\");[0A]            AlterColumn(\"dbo.IdentityUserRoles\", \"UserId\", colB => colB.String(false, 128, unicode: true));[0A]            AddForeignKey(\"dbo.IdentityUserRoles\", \"UserId\", \"dbo.IdentityUsers\", \"Id\", name: \"[FK_dbo.IdentityUserRoles_dbo.IdentityUsers_UserId]\");[0A]            CreateIndex(\"dbo.IdentityUserRoles\", \"UserId\", name: \"IX_UserId\");[0A]        }[0A]        [0A]        public override void Down()[0A]        {[0A]        }[0A]```[0A]Then Add Another Migration[0A]```[0A]Add-Migration FixIdentityAndIgnoreChange[0A]```[0A]Then Run It[0A]```[0A]Update-Database -Verbose[0A]```",
      "PostedDate": "2014-09-28T22:05:03.867-07:00",
      "Id": 174240
    },
    {
      "Message": "I also came across this issue. I tried rolling back each of the Identity and Security (e.g. Owin) nuget packages one by one in an attempt to isolate the culprit. However, this didn't seem to alleviate the issue, and I was forced to revert wholesale via source control.\r\n\r\n__What I Experienced__My [Authorize(Roles=... attributes were rejecting all users regardless of whether they were a role member or not. Similar to the dev's above, I also saw that the IdentityUser_Id value in the AspNetUserRoles was set to null.\r\n\r\nIn the previous version of the assembly IdentityUser_Id is populated with the identical value to UserId.\r\n\r\nI use CodeFirst, and extend the *.EntityFramework.IdentityUser with my own ApplicationUser (so I can add my own additional fields). \r\n\r\nHope my comment assists in some small way to the debugging / fix efforts of the team. Thanks for your efforts- this is a great library, and it continues to get better (albeit with the occasional hiccup- alas, software is not an exact science!)\r\n\r\n@wazdev",
      "PostedDate": "2014-10-09T15:13:57.98-07:00",
      "Id": 174241
    },
    {
      "Message": "Hi, @xxc3303\r\n\r\nI just want to confirm that did you deleted Identity_UserId column from all identity tables to solve this problem,Please confirm.\r\n\r\nI am still using   old version of identity because of this issue. But i need to update it because of #2347,where this old version doesn't signout in one shot in specific condition.\r\n\r\n",
      "PostedDate": "2014-10-12T23:27:46.97-07:00",
      "Id": 174242
    },
    {
      "Message": "Hi, @ashwinirajp you need to delete the identity_userid column from all identity tables and add same fk, index to userid column.and you need to delete Discriminator column in users table.finaly you need to update dbo.__MigrationHistory use Update-Database in packages console view",
      "PostedDate": "2014-10-13T03:15:38.593-07:00",
      "Id": 174243
    }
  ]
}