{
  "WorkItem": {
    "AffectedComponent": {
      "Name": "",
      "DisplayName": ""
    },
    "ClosedComment": "We fixed this in v3",
    "ClosedDate": "2014-08-25T14:21:22.333-07:00",
    "CommentCount": 1,
    "Custom": "",
    "Description": "Adding WsFed to the VS templates results in a non friendly provider name being displayed in the Manage page when the user logs in using the provider. The issue seems to be that when we get the UserLoginInfo values from the ClaimsIdentity, we set the provider name to 'Issuer' which is not always a friendly name. May need to see how we can see this a friendlier name if needed.\n\n            var email = result.Identity.FindFirstValue(ClaimTypes.Email);\n            return new ExternalLoginInfo\n            {\n                ExternalIdentity = result.Identity,\n                Login = new UserLoginInfo(idClaim.Issuer, idClaim.Value),\n                DefaultUserName = name,\n                Email = email\n            };",
    "LastUpdatedDate": "2014-08-25T14:21:22.333-07:00",
    "PlannedForRelease": "Future",
    "ReleaseVisibleToPublic": false,
    "Priority": {
      "Name": "Unassigned",
      "Severity": 0,
      "Id": 0
    },
    "ProjectName": "aspnetidentity",
    "ReportedDate": "2014-05-13T15:19:56.1-07:00",
    "Status": {
      "Name": "Closed",
      "Id": 4
    },
    "ReasonClosed": {
      "Name": "Unassigned"
    },
    "Summary": "GetExternalLoginInfo does not return friendly Provider name for WsFed",
    "Type": {
      "Name": "Unassigned",
      "Id": 5
    },
    "VoteCount": 1,
    "Id": 2220
  },
  "FileAttachments": [],
  "Comments": [
    {
      "Message": "Needs an additional property to be added in the IdentityLogins class to store the OAuth friendly name. Filed a bug on github for the same. Moving to Futures for tracking",
      "PostedDate": "2014-06-05T14:06:57.123-07:00",
      "Id": 174159
    }
  ]
}