{
  "WorkItem": {
    "AffectedComponent": {
      "Name": "",
      "DisplayName": ""
    },
    "ClosedComment": "",
    "ClosedDate": "2015-07-29T14:40:15.563-07:00",
    "CommentCount": 1,
    "Custom": "",
    "Description": "In the current samples we assume the username and email to be same. We can re think of separating the two.",
    "LastUpdatedDate": "2017-11-28T00:28:51.467-08:00",
    "PlannedForRelease": "Future",
    "ReleaseVisibleToPublic": false,
    "Priority": {
      "Name": "Low",
      "Severity": 50,
      "Id": 1
    },
    "ProjectName": "aspnetidentity",
    "ReportedDate": "2014-04-03T10:26:24.177-07:00",
    "Status": {
      "Name": "Closed",
      "Id": 4
    },
    "ReasonClosed": {
      "Name": "Not A Bug"
    },
    "Summary": "[Samples package] Consider separating email and username",
    "Type": {
      "Name": "Issue",
      "Id": 3
    },
    "VoteCount": 5,
    "Id": 2145
  },
  "FileAttachments": [],
  "Comments": [
    {
      "Message": "I have been experimenting with using the UserName field as a more friendly field with full name, etc.  As soon as the field includes a [space] character, the account is broken and the user can no longer login with their email and password.\r\n\r\nI have not debugged this thoroughly with the symbols, still trying to get that to work reliably, but definitely confirmed that this UserName field is involved during the login process and causes this failure.\r\n\r\nAnother item seems to be a constraint that the UserName be unique.\r\n\r\nWhat is the reasoning behind this requirement?  The email is unique and so is the Id and you can certainly do what you need with those it appears.  ",
      "PostedDate": "2014-08-02T13:58:30.123-07:00",
      "Id": 174089
    }
  ]
}