{
  "WorkItem": {
    "AffectedComponent": {
      "Name": "",
      "DisplayName": ""
    },
    "ClosedComment": "We can consider this in v3",
    "ClosedDate": "2014-08-25T14:29:28.493-07:00",
    "CommentCount": 2,
    "Custom": "",
    "Description": "Hi,\n\nI'm trying to make my user object DDD friendly and as the UserName is required for all cases, I will mark the setter of the UserName as private and get the UserName through the ctor. However, the IUser<out TKey> interfaces has the UserName as below:\n\n     string UserName { get; set; }\n\nI don't think that the public setter of the UserName is required for the IUser interface and should be removed.",
    "LastUpdatedDate": "2014-08-25T14:29:28.493-07:00",
    "PlannedForRelease": "Future",
    "ReleaseVisibleToPublic": false,
    "Priority": {
      "Name": "Unassigned",
      "Severity": 0,
      "Id": 0
    },
    "ProjectName": "aspnetidentity",
    "ReportedDate": "2014-03-21T07:38:59.08-07:00",
    "Status": {
      "Name": "Closed",
      "Id": 4
    },
    "ReasonClosed": {
      "Name": "Unassigned"
    },
    "Summary": "Remove the setter of the IUser<out TKey>.UserName",
    "Type": {
      "Name": "Unassigned",
      "Id": 5
    },
    "VoteCount": 3,
    "Id": 2119
  },
  "FileAttachments": [],
  "Comments": [
    {
      "Message": "any decision to role this out in the next release? as I don't think this will be a breaking change (talking blindly).",
      "PostedDate": "2014-04-02T12:17:00.39-07:00",
      "Id": 174021
    },
    {
      "Message": "This is a compilation breaking change, and hence can't be considered until Identity v3",
      "PostedDate": "2014-04-14T15:58:14.14-07:00",
      "Id": 174022
    }
  ]
}