{
  "WorkItem": {
    "AffectedComponent": {
      "Name": "",
      "DisplayName": ""
    },
    "ClosedComment": "Username and Email do not have to be the same in the Identity Framework. The samples and the templates show the case where username and email are the same. You can keep them separate in your app.",
    "ClosedDate": "2015-01-26T14:55:31.707-08:00",
    "CommentCount": 1,
    "Custom": "",
    "Description": "Why does ASP.NET Identity make the UserName the same as the Email address?\n\nThough it is easy to change it so you can add a UserName from the registration form, you get an issue at login, when although you input your Email address it doesn't check mode.Email it looks at model.UserName, which has been changed to a username!!!!\n\nThis is also an issue when you want to send emails for password reset etc...\n\nI am looking to allow my users to select a username they want to use and supply an email address fo verification of account etc.\n\nThough I could change the sign in form to ask for the username and then check this against the mode.UserName I don't want to do this. My site will be a social media type site where people know each others UserNames, so by using this they will already know half of the required login! so I want to use their email addresses which other users will not know and therefore create a more secure login.",
    "LastUpdatedDate": "2015-01-27T00:10:47.01-08:00",
    "PlannedForRelease": "",
    "ReleaseVisibleToPublic": false,
    "Priority": {
      "Name": "Unassigned",
      "Severity": 0,
      "Id": 0
    },
    "ProjectName": "aspnetidentity",
    "ReportedDate": "2015-01-22T10:10:19.093-08:00",
    "Status": {
      "Name": "Closed",
      "Id": 4
    },
    "ReasonClosed": {
      "Name": "Unassigned"
    },
    "Summary": "Separation of Email and UserName",
    "Type": {
      "Name": "Unassigned",
      "Id": 5
    },
    "VoteCount": 1,
    "Id": 2496
  },
  "FileAttachments": [],
  "Comments": [
    {
      "Message": "You havent understood my question!\r\n\r\nI know I can have different username and email in the database, but the default is to make the username and email the same!\r\n\r\nThe issue arises when you want to have an email say mail@example.com and username Chris, you will have to login using Chris as asp.net identity uses username for login where I want to use my email address!",
      "PostedDate": "2015-01-27T00:10:47.01-08:00",
      "Id": 174288
    }
  ]
}