{
  "WorkItem": {
    "AffectedComponent": {
      "Name": "",
      "DisplayName": ""
    },
    "ClosedComment": "Fixed in 2.0",
    "ClosedDate": "2014-03-11T10:15:10.1-07:00",
    "CommentCount": 0,
    "Custom": "",
    "Description": "The current implementation directly instantiates the UserManager which causes it not have the password validations and other properties",
    "LastUpdatedDate": "2014-03-11T10:15:10.1-07:00",
    "PlannedForRelease": "2.0.0",
    "ReleaseVisibleToPublic": true,
    "Priority": {
      "Name": "Low",
      "Severity": 50,
      "Id": 1
    },
    "ProjectName": "aspnetidentity",
    "ReportedDate": "2014-02-24T18:38:48.37-08:00",
    "Status": {
      "Name": "Closed",
      "Id": 4
    },
    "ReasonClosed": {
      "Name": "Unassigned"
    },
    "Summary": "[Samples package] Get UserManager in DBInitializer from owin context",
    "Type": {
      "Name": "Issue",
      "Id": 3
    },
    "VoteCount": 2,
    "Id": 2057
  },
  "FileAttachments": [],
  "Comments": []
}