{
  "WorkItem": {
    "AffectedComponent": {
      "Name": "",
      "DisplayName": ""
    },
    "ClosedComment": "You can change the Id on the user. If you want to customize IdentityuserClaim then you can use you own POCO",
    "ClosedDate": "2015-01-08T15:11:27.257-08:00",
    "CommentCount": 0,
    "Custom": "",
    "Description": "Why the primary key of 'IdentityUserClaim<TKey>' isn't customizable but forced to be int?\n\nIf you have changed all other entities to have Guid primary keys you want consistency and not to be forced to have a single entity with a different key type.\n\nBesides, the signature 'IdentityUserClaim<TKey>' is misleading because 'UserId' is not the key.\n\nThe alternative could be:\n\n    public class IdentityUserClaim<TKey, TUserId>\n    {\n      public virtual TKey Id { get; set; }\n      public virtual TUserId UserId { get; set; }\n      //...\n    }\n\nPlease, consider to make the Id generic.\n\nThanks",
    "LastUpdatedDate": "2015-01-08T15:11:27.257-08:00",
    "PlannedForRelease": "",
    "ReleaseVisibleToPublic": false,
    "Priority": {
      "Name": "Unassigned",
      "Severity": 0,
      "Id": 0
    },
    "ProjectName": "aspnetidentity",
    "ReportedDate": "2014-12-03T03:53:56.107-08:00",
    "Status": {
      "Name": "Closed",
      "Id": 4
    },
    "ReasonClosed": {
      "Name": "Unassigned"
    },
    "Summary": "IdentityUserClaim primary key type should be customizable",
    "Type": {
      "Name": "Unassigned",
      "Id": 5
    },
    "VoteCount": 1,
    "Id": 2464
  },
  "FileAttachments": [],
  "Comments": []
}