{
  "WorkItem": {
    "AffectedComponent": {
      "Name": "",
      "DisplayName": ""
    },
    "ClosedComment": "",
    "ClosedDate": "2014-04-30T14:45:33.003-07:00",
    "CommentCount": 25,
    "Custom": "",
    "Description": "The RemoveFromRoleAsync method does not the remove the user from the role that is passed. This is not seen if there is just one role in the system but if there is more than one \n\nIssue: In RemoveFromRoleAsync method on the UserStore, the condition that checks the role to remove is incorrect\n\nInstead of \n_var userRole = user.Roles.FirstOrDefault(r => roleEntity.Name.ToUpper() == roleName.ToUpper());_\n\nshould be\n_var userRole = user.Roles.FirstOrDefault(r => r.Id == roleName.Id);_",
    "LastUpdatedDate": "2014-08-08T23:57:43.09-07:00",
    "PlannedForRelease": "2.0.1",
    "ReleaseVisibleToPublic": true,
    "Priority": {
      "Name": "Medium",
      "Severity": 100,
      "Id": 2
    },
    "ProjectName": "aspnetidentity",
    "ReportedDate": "2014-02-28T17:08:54.47-08:00",
    "Status": {
      "Name": "Closed",
      "Id": 4
    },
    "ReasonClosed": {
      "Name": "Unassigned"
    },
    "Summary": "RemoveFromRoleAsync does not remove the role as expected",
    "Type": {
      "Name": "Issue",
      "Id": 3
    },
    "VoteCount": 9,
    "Id": 2069
  },
  "FileAttachments": [],
  "Comments": [
    {
      "Message": "+1 here!\r\n\r\nI would say this is an serious issue!",
      "PostedDate": "2014-03-21T14:42:19.287-07:00",
      "Id": 173974
    },
    {
      "Message": "Very serious indeed. I encountered this issue in 2.0.0-alpha1 already..\r\n\r\nSome users on forum.asp.net are also talking about this [problem](http://forums.asp.net/t/1963678.aspx?asp+net+Identity+Always+remove+user+from+the+wrong+role)",
      "PostedDate": "2014-03-22T17:15:41.947-07:00",
      "Id": 173975
    },
    {
      "Message": "How on earth did this make it through testing / unit-testing!?",
      "PostedDate": "2014-03-26T10:52:45.363-07:00",
      "Id": 173976
    },
    {
      "Message": "What? This can't be right. I'm sure I had a user in multiple roles and successfully removed them from several and checked the database to confirm and it was fine. \r\n\r\nWait a minute...I was using the non-async RemoveFromRole(string userId, string role) method. So it must only be an issue with the RemoveFromRoleAsync method.",
      "PostedDate": "2014-03-27T02:10:02.947-07:00",
      "Id": 173977
    },
    {
      "Message": "> I was using the non-async RemoveFromRole(string userId, string role)\r\n\r\nI'm using the non-async and getting similar behaviour to the OP.",
      "PostedDate": "2014-03-27T02:14:12.007-07:00",
      "Id": 173978
    },
    {
      "Message": "I tried both asyn and non-async. Both with equally weird (buggy) bahaviour!",
      "PostedDate": "2014-03-27T04:32:20.637-07:00",
      "Id": 173979
    },
    {
      "Message": "I've tested this and it is __definitely__ working correctly. Are you folks having issues executing `UserManager.Update(user)` to apply the role changes?",
      "PostedDate": "2014-04-02T14:33:30.833-07:00",
      "Id": 173980
    },
    {
      "Message": "Someone having issues point me to a stackoverflow question, I will take a look at it, and see where they are going wrong.",
      "PostedDate": "2014-04-02T14:35:39.287-07:00",
      "Id": 173981
    },
    {
      "Message": "I prematurely voted for this...how do I remove my vote? ",
      "PostedDate": "2014-04-02T14:38:39.447-07:00",
      "Id": 173982
    },
    {
      "Message": "Also remember the Claim has to be updated or the user has to logout and then login for the role changes to take affect.",
      "PostedDate": "2014-04-02T14:40:13.35-07:00",
      "Id": 173983
    },
    {
      "Message": "Here is a stackoverflow question concerning the roles and Kevin Junghans's answer has a link to another stackoverflow question showing how to __update the claims__:http://stackoverflow.com/questions/20495249/mvc-5-addtorole-requires-logout-before-it-works/20496910#20496910\r\n\r\nAnd the link to the stackoverflow question showing how to __update the claims__ for convenience:http://stackoverflow.com/questions/20324486/whats-a-good-way-to-have-ordinary-user-segregation-but-admin-user-access-to-the",
      "PostedDate": "2014-04-02T15:42:21.75-07:00",
      "Id": 173984
    },
    {
      "Message": "Alright, further testing has proven some \"buggy behavior\".  A role is always being deleted for me--but not always the right one. For example, when removing a role, a different role was actually deleted from the `AspNetUserRoles` table and the one I instructed to be removed was still there. What? Keeping my vote.  This needs to be resolved ASAP.",
      "PostedDate": "2014-04-02T18:30:25.05-07:00",
      "Id": 173985
    },
    {
      "Message": "Also, I was wrong, there is no need to execute `UserManager.Update(user)`. I was seeing the roles removed from the database immediately after executing `UserManager.RemoveFromRole(userId,roleName)`.",
      "PostedDate": "2014-04-02T18:45:20.03-07:00",
      "Id": 173986
    },
    {
      "Message": "> Alright, further testing has proven some \"buggy behavior\". A role is always being deleted for me--but not always the right one. For example, when removing a role, a different role was actually deleted from the AspNetUserRoles table and the one I instructed to be removed was still there. What? Keeping my vote. This needs to be resolved ASAP.\r\n\r\n@SeanStenlund: I think this is what the OP was talking about in the first place. Also note nvosk and his link to forums.asp.net, where the behaviour is as you described.",
      "PostedDate": "2014-04-03T04:27:06.757-07:00",
      "Id": 173987
    },
    {
      "Message": "Strugled myself with this issue the last hours. Then I found this thread. Some roles can be added or removed. But if I try to remove a role named \"Admin\" on a spesific user, the UserManager.RemoveFromRole(userId, roleName) get Success result. But the role still exist on the user in the database.\r\n\r\nTried to remove the dbContext.SaveChanges() without success.\r\n\r\n```public bool RemoveUserFromRole(string username, string roleName)\t\t {\t\t\t using (var dbContext = new ApplicationDbContext())\t\t\t {\t\t\t\t var um = new UserManager(\t\t\t\t\t  new UserStore(dbContext));\r\n\r\n\t\t\t\t var user = um.FindByName(username);\r\n\r\n\t\t\t\t var result = um.RemoveFromRole(user.Id, roleName);\t\t\t\t \t\t\t\t if (result.Succeeded)\t\t\t\t\t dbContext.SaveChanges();\t\t\t\t \t\t\t\t return result.Succeeded;\t\t\t }\t\t }```Extra data:\r\n\r\n```public class ApplicationUser : IdentityUser    {\t\t [Required]\t\t [DataType(DataType.Text)]\t\t [StringLength(128, MinimumLength = 5)]\t\t public new string Email { get; set; }    }\r\n\r\n    public class ApplicationDbContext : IdentityDbContext    {        public ApplicationDbContext()\t\t\t : base(\"DefaultConnection\")        {        }    }```\r\n\r\nWith that mentioned... alot of code broke after the latest Identity Framework update",
      "PostedDate": "2014-04-08T06:09:03.133-07:00",
      "Id": 173988
    },
    {
      "Message": "@ronnyreinertsen You don't need to do the `dbContext.SaveChanges();` for a Role to be added or removed. You don't need to create the \"Email\" property it is there by default. :) Hopefully they will get an update out to us with RemoveFromRole working soon.",
      "PostedDate": "2014-04-10T07:44:13.17-07:00",
      "Id": 173989
    },
    {
      "Message": "Thanks Sean, I just tried the SaveChanges() since it did not work as supposed to by default. Email property is from an old class, so I don't use that with the new Identity Framework that already got the property :) I do not use SaveChanges() nor the Email property in my code. It still not work. If I remove all Roles on a user. Then it works. But If I try to remove 1 out of 3 roles. The database do reflect the update even if the result is Success.",
      "PostedDate": "2014-04-10T08:27:34.957-07:00",
      "Id": 173990
    },
    {
      "Message": "Same issue here, the wrong role is beeing removed.",
      "PostedDate": "2014-04-11T08:38:06.367-07:00",
      "Id": 173991
    },
    {
      "Message": "In what release is this bug fixed? \r\n\r\nRTM still has the buggy code in UserStore:\r\n\r\nInstead of var userRole = user.Roles.FirstOrDefault(r => roleEntity.Name.ToUpper() == roleName.ToUpper());\r\n\r\nshould bevar userRole = user.Roles.FirstOrDefault(r => r.Id == roleName.Id);",
      "PostedDate": "2014-04-22T17:21:12.35-07:00",
      "Id": 173992
    },
    {
      "Message": "Please update to 2.0.1 version of the NuGet packages",
      "PostedDate": "2014-05-09T14:51:21.753-07:00",
      "Id": 173993
    },
    {
      "Message": "I update to 2.0.1 version and the problem still exists",
      "PostedDate": "2014-06-07T02:39:12.27-07:00",
      "Id": 173994
    },
    {
      "Message": "I update to 2.0.1 version and the problem still exists",
      "PostedDate": "2014-07-16T23:53:32.967-07:00",
      "Id": 173995
    },
    {
      "Message": "@Garylee, @szmulder: I wasn't able to repro the issue with the samples package and  Identity Entityframework package 2.0.1.\r\n\r\nRepro steps- Install samples package on an empty project- Force uninstall identity entityframework package- Install identity entityframework package 2.0.1- Login as admin and create 3-4 roles- Add/remove users to the roles\r\n\r\nWorks fine. Can you outline the steps so that repro the issue at my end ? a sample repro project would be great too",
      "PostedDate": "2014-07-17T12:18:57.887-07:00",
      "Id": 173996
    },
    {
      "Message": "No, it does not work correctly. It removes the user from wrong role, definitely. In my case user was member of two roles (\"Admins\" and \"Root\"). after calling RemoveFromRoleAsync(user.Id, \"Root\"), the user is removed from role \"Admin\"!\r\n\r\nMicrosoft.AspNet.Identity.EntityFramework version 2.0.0.0. Release version. :-(",
      "PostedDate": "2014-08-08T17:11:04.813-07:00",
      "Id": 173997
    },
    {
      "Message": "@peske, it's already a confirmed bug with v2.0.0. I believe you need to upgrade to release 2.0.1 for the fix.",
      "PostedDate": "2014-08-08T23:57:43.09-07:00",
      "Id": 173998
    }
  ]
}