{
  "WorkItem": {
    "AffectedComponent": {
      "Name": "",
      "DisplayName": ""
    },
    "ClosedComment": "",
    "ClosedDate": "2014-04-22T18:37:09.897-07:00",
    "CommentCount": 2,
    "Custom": "",
    "Description": "Removing a user from a role results in the framework removing the first role the user belongs to if it has more than one role. Based on the source from [SymbolSource](http://www.symbolsource.org/MyGet/Metadata/aspnetwebstacknightly/Project/Microsoft.AspNet.Identity.EntityFramework/2.0.0-rtm-140327/Release/Default/Microsoft.AspNet.Identity.EntityFramework/Microsoft.AspNet.Identity.EntityFramework/UserStore.cs) there clearly is a bug in the following code:\n\n        public virtual Task RemoveFromRoleAsync(TUser user, string roleName)\n        {\n            ThrowIfDisposed();\n            if (user == null)\n            {\n                throw new ArgumentNullException(\"user\");\n            }\n            if (String.IsNullOrWhiteSpace(roleName))\n            {\n                throw new ArgumentException(IdentityResources.ValueCannotBeNullOrEmpty, \"roleName\");\n            }\n            var roleEntity = _roleStore.DbEntitySet.SingleOrDefault(r => r.Name.ToUpper() == roleName.ToUpper());\n            if (roleEntity != null)\n            {\n                var userRole = user.Roles.FirstOrDefault(r => roleEntity.Name.ToUpper() == roleName.ToUpper());\n                if (userRole != null)\n                {\n                    user.Roles.Remove(userRole);\n                    roleEntity.Users.Remove(userRole);\n                }\n            }\n            return Task.FromResult(0);\n        }\n\nInstead of \nvar userRole = user.Roles.FirstOrDefault(r => roleEntity.Name.ToUpper() == roleName.ToUpper());\n\nshould be\nvar userRole = user.Roles.FirstOrDefault(r => r.Id == roleName.Id);\n\nThere is a related issue: https://aspnetidentity.codeplex.com/workitem/2069 but that issue is marked as resolved but it does not appear to be resolved in RTM.",
    "LastUpdatedDate": "2014-04-22T19:23:43.147-07:00",
    "PlannedForRelease": "",
    "ReleaseVisibleToPublic": false,
    "Priority": {
      "Name": "Unassigned",
      "Severity": 0,
      "Id": 0
    },
    "ProjectName": "aspnetidentity",
    "ReportedDate": "2014-04-22T17:33:37.72-07:00",
    "Status": {
      "Name": "Closed",
      "Id": 4
    },
    "ReasonClosed": {
      "Name": "Unassigned"
    },
    "Summary": "Bug in UserStore.RemoveFromRoleAsync()",
    "Type": {
      "Name": "Unassigned",
      "Id": 5
    },
    "VoteCount": 1,
    "Id": 2174
  },
  "FileAttachments": [],
  "Comments": [
    {
      "Message": "It is being resolved for 2.0.1 release. I'll close this bug as a duplicate since we are tracking on that\n\n** Closed by suhasj 4/22/2014 6:36 PM",
      "PostedDate": "2014-04-22T18:36:49.15-07:00",
      "Id": 174122
    },
    {
      "Message": "@suhasj thank you.",
      "PostedDate": "2014-04-22T19:23:43.147-07:00",
      "Id": 174123
    }
  ]
}