{
  "WorkItem": {
    "AffectedComponent": {
      "Name": "",
      "DisplayName": ""
    },
    "ClosedComment": "Application config issue, not identity issue.",
    "ClosedDate": "2015-10-07T10:53:03.367-07:00",
    "CommentCount": 2,
    "Custom": null,
    "Description": "I'm using Asp.Net 2FA and deployed on Azure. I have it working as per the sample Identity 2.1 projects. When I login, I can select to Remember browser and the system sends a cookie - called .AspNet.TwoFactorCookie. On subsequent logins, then I don't need to enter the 2FA code. All good.\r\n\r\nBut on a new deployment, I deploy to the staging area on Azure, and then do a Swap, swapping the production and staging environments. If I then try to login, the .AspNet.TwoFactorCookie no longer works, and I need to get a new 2FA code.\r\n\r\nHowever, if I swap again, ie so production is back to what it was, the .AspNet.TwoFactorCookie works again.\r\n\r\nIt would appear that in decrypting the cookie, the value returned from production and staging environments is different. But how can I work around this? For minimal down time of the production environment, the Azure swap is the way to go, but then it breaks the 2FA authentication.",
    "LastUpdatedDate": "2015-10-08T09:28:34.4-07:00",
    "PlannedForRelease": "",
    "ReleaseVisibleToPublic": false,
    "Priority": {
      "Name": "Unassigned",
      "Severity": 0,
      "Id": 0
    },
    "ProjectName": "aspnetidentity",
    "ReportedDate": "2015-10-07T04:42:22.577-07:00",
    "Status": {
      "Name": "Closed",
      "Id": 4
    },
    "ReasonClosed": {
      "Name": "Not A Bug"
    },
    "Summary": "Asp.Net Identity Two Factor Cookie not working after Azure Swap",
    "Type": {
      "Name": "Unassigned",
      "Id": 5
    },
    "VoteCount": 1,
    "Id": 2541
  },
  "FileAttachments": [],
  "Comments": [
    {
      "Message": "Azure treats slots as separate web sites, with different encrypting & signing keys.\n\nIn order to do this you'd have to set a static machine key in web.config. https://support.microsoft.com/en-us/kb/2915218 appendix A shows you how to generate a machine key and where to put it in your config files.",
      "PostedDate": "2015-10-07T10:52:43.617-07:00",
      "Id": 191258
    },
    {
      "Message": "Thanks - that was it",
      "PostedDate": "2015-10-08T09:28:34.4-07:00",
      "Id": 191305
    }
  ]
}