{
  "WorkItem": {
    "AffectedComponent": {
      "Name": "",
      "DisplayName": ""
    },
    "ClosedComment": "Fixed in 2.2",
    "ClosedDate": "2015-02-02T10:29:16.45-08:00",
    "CommentCount": 3,
    "Custom": "",
    "Description": "My password hashing algorithm has a dependency on salt data that is unique per user. Unfortunately the current implementation of UserManager and IPasswordHasher makes it impossible to elegantly implement this as far as I can ascertain. Ironically IPasswordHasher is basically a worthless abstraction as I can override VerifyPasswordAsync() - except that I can't also override UpdatePasswordInternal(). This is quite frustrating as nearly every other aspect of UserManager can be overriden. Please fix this so that I can either override UpdatePasswordInternal() or access user info from IPasswordHasher.",
    "LastUpdatedDate": "2015-02-02T10:29:16.45-08:00",
    "PlannedForRelease": "2.2",
    "ReleaseVisibleToPublic": true,
    "Priority": {
      "Name": "Unassigned",
      "Severity": 0,
      "Id": 0
    },
    "ProjectName": "aspnetidentity",
    "ReportedDate": "2015-01-13T18:33:02.807-08:00",
    "Status": {
      "Name": "Closed",
      "Id": 4
    },
    "ReasonClosed": {
      "Name": "Unassigned"
    },
    "Summary": "Make UserManager.UpdatePasswordInternal() protected virtual or make IPasswordHasher templated with access to TUser",
    "Type": {
      "Name": "Unassigned",
      "Id": 5
    },
    "VoteCount": 1,
    "Id": 2482
  },
  "FileAttachments": [],
  "Comments": [
    {
      "Message": "One clarification, how can making the method virtual help you since IPasswordHasher.HashPassword or IPasswordHasher.VerifyPassword as that is where the password is hashed or verified? Ideally I would have to edit the signature of that method to take in a user. All VerifyPasswordAsync is have a call to IPasswordHasher.VerifyPassword",
      "PostedDate": "2015-01-28T16:57:39.397-08:00",
      "Id": 174285
    },
    {
      "Message": "Because if you make the method virtual then I can override it to not use IPasswordHasher at all. This also has the side benefit of not breaking backwards compatibility by changing the interface. In the entire password hashing chain the only non-virtual method is UpdatePasswordInternal(). If I can override UpdatePasswordInternal() I will be able to implement my own password hashing algorithm free of limitations.",
      "PostedDate": "2015-01-28T23:46:51.637-08:00",
      "Id": 174286
    },
    {
      "Message": "The issue has been fixed. You can install the nightly packages from http://www.myget.org/f/aspnetwebstacknightly and see if this works for you",
      "PostedDate": "2015-02-02T10:29:01.623-08:00",
      "Id": 174287
    }
  ]
}