{
  "WorkItem": {
    "AffectedComponent": {
      "Name": "",
      "DisplayName": ""
    },
    "ClosedComment": "Fixed in 2.0.0.",
    "ClosedDate": "2014-02-27T17:45:24.99-08:00",
    "CommentCount": 0,
    "Custom": "",
    "Description": "The RolesAdmin and UserAdmin pages let you edit the role and user. If the users try to save the information without editing then we get an exception as shown in the screenshot. We need to handle this better in the code",
    "LastUpdatedDate": "2014-02-27T17:45:24.99-08:00",
    "PlannedForRelease": "2.0.0",
    "ReleaseVisibleToPublic": true,
    "Priority": {
      "Name": "Low",
      "Severity": 50,
      "Id": 1
    },
    "ProjectName": "aspnetidentity",
    "ReportedDate": "2014-02-10T10:36:59.887-08:00",
    "Status": {
      "Name": "Closed",
      "Id": 4
    },
    "ReasonClosed": {
      "Name": "Unassigned"
    },
    "Summary": "[Samples package] Saving role/user on edit page of admin throws error",
    "Type": {
      "Name": "Issue",
      "Id": 3
    },
    "VoteCount": 1,
    "Id": 2022
  },
  "FileAttachments": [
    {
      "FileId": 1427762,
      "FileName": "error.png",
      "DownloadUrl": ".\\1427762"
    }
  ],
  "Comments": []
}