{
  "WorkItem": {
    "AffectedComponent": {
      "Name": "",
      "DisplayName": ""
    },
    "ClosedComment": "As noted in the Katana project this will be fixed in vNext of Katana",
    "ClosedDate": "2014-08-06T14:17:47.7-07:00",
    "CommentCount": 0,
    "Custom": "",
    "Description": "If a user logs in and at some point after login creates their first Session object (for example, they might add an item to a Session managed shopping cart), it appears to _become impossible for any other user to login_.  Whilst in the scenario the login appears to be successful, the authentication cookie doesn't seem to be created correctly or, if it is, it is ignored by the application.\n\nSteps required to replicate the problem:\n\n1. Create a new ASP.net Web Forms web site in Visual Studio\n1. Register with a new account and login\n1. Create a Session object for the current authenticated user\n1. Open a different browser and try to login.\n\nMore information can also be found on the [Katana CodePlex project](https://katanaproject.codeplex.com/workitem/197)  This post seems to suggest that this issue will not be fixed until vNext - I am hoping that this is not the case",
    "LastUpdatedDate": "2014-08-06T14:17:47.7-07:00",
    "PlannedForRelease": "",
    "ReleaseVisibleToPublic": false,
    "Priority": {
      "Name": "Unassigned",
      "Severity": 0,
      "Id": 0
    },
    "ProjectName": "aspnetidentity",
    "ReportedDate": "2014-08-01T09:23:46.077-07:00",
    "Status": {
      "Name": "Closed",
      "Id": 4
    },
    "ReasonClosed": {
      "Name": "Unassigned"
    },
    "Summary": "Problem with Identity and Sessions",
    "Type": {
      "Name": "Unassigned",
      "Id": 5
    },
    "VoteCount": 1,
    "Id": 2344
  },
  "FileAttachments": [],
  "Comments": []
}