{
  "WorkItem": {
    "AffectedComponent": {
      "Name": "",
      "DisplayName": ""
    },
    "ClosedComment": "We are not implementing Health Monitoring in Identity 2x. This is fixed in Identity 3/ ASP.NET 5 with the logging feature.",
    "ClosedDate": "2015-06-03T14:51:35.527-07:00",
    "CommentCount": 0,
    "Custom": null,
    "Description": "Currently, the ASP.NET Identity does not support the ASP.NET Health Monitoring Provider. It should, upon successful login, raise an event with the WebEventCodes.AuditFormsAuthenticationSuccess and upon failure, raise an WebEventCodes.AuditFormsAuthenticationFailure. This would make it compatible with health monitoring rules that take in consideration failed login attempts (see https://weblogs.asp.net/ricardoperes/using-the-asp-net-health-monitoring-provider-to-secure-your-application-in-the-case-of-an-attack).",
    "LastUpdatedDate": "2015-06-03T14:51:35.527-07:00",
    "PlannedForRelease": "",
    "ReleaseVisibleToPublic": false,
    "Priority": {
      "Name": "Unassigned",
      "Severity": 0,
      "Id": 0
    },
    "ProjectName": "aspnetidentity",
    "ReportedDate": "2015-03-16T15:23:21.677-07:00",
    "Status": {
      "Name": "Closed",
      "Id": 4
    },
    "ReasonClosed": {
      "Name": "Won't Fix"
    },
    "Summary": "Add Support for Health Monitoring Provider Events",
    "Type": {
      "Name": "Unassigned",
      "Id": 5
    },
    "VoteCount": 1,
    "Id": 2515
  },
  "FileAttachments": [],
  "Comments": []
}