{
  "WorkItem": {
    "AffectedComponent": {
      "Name": "",
      "DisplayName": ""
    },
    "ClosedComment": "MVC 5 template issue. Porting to internal TFS for tracking",
    "ClosedDate": "2014-01-21T14:08:30.67-08:00",
    "CommentCount": 1,
    "Custom": "",
    "Description": "Ported from internal TFS and StackOverflow\nhttp://stackoverflow.com/questions/19626425/mvc5-microsoft-csharp-runtimebinder-runtimebinderexception \n\nFew users have been facing this issue with no solution yet. No exact steps since it supposed to happen randomly. Needs to be investigated",
    "LastUpdatedDate": "2017-11-28T00:28:51.59-08:00",
    "PlannedForRelease": "",
    "ReleaseVisibleToPublic": false,
    "Priority": {
      "Name": "Unassigned",
      "Severity": 0,
      "Id": 0
    },
    "ProjectName": "aspnetidentity",
    "ReportedDate": "2014-01-16T12:19:38.27-08:00",
    "Status": {
      "Name": "Closed",
      "Id": 4
    },
    "ReasonClosed": {
      "Name": "Unassigned"
    },
    "Summary": "RuntimeBinderException in MVC 5 templates in the _ExternalLoginsListPartial.cshtml file",
    "Type": {
      "Name": "Unassigned",
      "Id": 5
    },
    "VoteCount": 1,
    "Id": 1974
  },
  "FileAttachments": [],
  "Comments": [
    {
      "Message": "We will update the template code for MVC5 in Visual Studio",
      "PostedDate": "2014-01-16T15:55:44.773-08:00",
      "Id": 173906
    }
  ]
}