{
  "WorkItem": {
    "AffectedComponent": {
      "Name": "",
      "DisplayName": ""
    },
    "ClosedComment": "you can implement your own PasswordHasher",
    "ClosedDate": "2014-04-30T15:30:03.663-07:00",
    "CommentCount": 0,
    "Custom": "",
    "Description": "It would be great if the default password encoder would update the number of iteration based on the year...\n\nThis will adapt password protection based on the evolution of computer's computation rate.",
    "LastUpdatedDate": "2014-04-30T15:30:03.663-07:00",
    "PlannedForRelease": "",
    "ReleaseVisibleToPublic": false,
    "Priority": {
      "Name": "Unassigned",
      "Severity": 0,
      "Id": 0
    },
    "ProjectName": "aspnetidentity",
    "ReportedDate": "2014-04-11T11:25:37.643-07:00",
    "Status": {
      "Name": "Closed",
      "Id": 4
    },
    "ReasonClosed": {
      "Name": "Unassigned"
    },
    "Summary": "Key stretching based on year",
    "Type": {
      "Name": "Unassigned",
      "Id": 5
    },
    "VoteCount": 1,
    "Id": 2155
  },
  "FileAttachments": [],
  "Comments": []
}