{
  "WorkItem": {
    "AffectedComponent": {
      "Name": "",
      "DisplayName": ""
    },
    "ClosedComment": "This is the intended design. All lookups are by name.",
    "ClosedDate": "2014-10-13T14:44:17.05-07:00",
    "CommentCount": 0,
    "Custom": "",
    "Description": "ForgotPassword and ResetPassword actions in the Account controller looks up users by username. \nI know the username is set to the same as the email, but the logic here is bad, and functionality would be broken if developers choose to separate usernames and email.",
    "LastUpdatedDate": "2014-10-13T14:44:17.05-07:00",
    "PlannedForRelease": "",
    "ReleaseVisibleToPublic": false,
    "Priority": {
      "Name": "Unassigned",
      "Severity": 0,
      "Id": 0
    },
    "ProjectName": "aspnetidentity",
    "ReportedDate": "2014-10-08T02:25:10.16-07:00",
    "Status": {
      "Name": "Closed",
      "Id": 4
    },
    "ReasonClosed": {
      "Name": "Unassigned"
    },
    "Summary": "ForgotPassword and ResetPassword use FindByUsername",
    "Type": {
      "Name": "Unassigned",
      "Id": 5
    },
    "VoteCount": 1,
    "Id": 2424
  },
  "FileAttachments": [],
  "Comments": []
}