{
  "WorkItem": {
    "AffectedComponent": {
      "Name": "",
      "DisplayName": ""
    },
    "ClosedComment": "Added an Issue with the ASP.NET MVC Codeplex repo https://aspnetwebstack.codeplex.com/workitem/1901",
    "ClosedDate": "2014-04-30T17:55:32.667-07:00",
    "CommentCount": 0,
    "Custom": "",
    "Description": "With AuthorizeAttribute just can authorize fixed role or user names, please add other constructors or extension methods with Expression<Func<IdentityUser,bool>> or Expression<Func<IdentityRole,bool>> predicate parameters that dynamic authorize controller and actions.",
    "LastUpdatedDate": "2014-04-30T17:55:32.667-07:00",
    "PlannedForRelease": "",
    "ReleaseVisibleToPublic": false,
    "Priority": {
      "Name": "Unassigned",
      "Severity": 0,
      "Id": 0
    },
    "ProjectName": "aspnetidentity",
    "ReportedDate": "2014-04-29T02:11:18.03-07:00",
    "Status": {
      "Name": "Closed",
      "Id": 4
    },
    "ReasonClosed": {
      "Name": "Unassigned"
    },
    "Summary": "AuthorizeAttribute base on a predicate",
    "Type": {
      "Name": "Unassigned",
      "Id": 5
    },
    "VoteCount": 1,
    "Id": 2183
  },
  "FileAttachments": [],
  "Comments": []
}