{
  "WorkItem": {
    "AffectedComponent": {
      "Name": "",
      "DisplayName": ""
    },
    "ClosedComment": "This is a template bug.",
    "ClosedDate": "2015-01-08T15:16:05.487-08:00",
    "CommentCount": 0,
    "Custom": "",
    "Description": "If a user creates an account and never confirms it, you'll want to remove entry in the AspNetUsers table. If the user then clicks on the confirm link an exception is thrown showing the stack. Better to wrap this with an exception handler and display a message with the following code:\n\n[AllowAnonymous]\npublic async Task<ActionResult> ConfirmEmail(string userId, string code)\n{\n   if (userId == null || code == null)\n   {\n      return View(\"Error\");\n   }\n\n   try\n   {\n      var result = await UserManager.ConfirmEmailAsync(userId, code);\n      return View(result.Succeeded ? \"ConfirmEmail\" : \"Error\");\n   }\n   catch (Exception)\n   {\n      ViewBag.errorMessage = \"Invalid user ID.\";\n      return View(\"Error\");\n   }\n}\n\n\n\nhere is the exception page\n\nUserId not found.\n\nDescription: An unhandled exception occurred during the execution of the current web request. Please review the stack trace for more information about the error and where it originated in the code. \n\nException Details: System.InvalidOperationException: UserId not found.\n\nSource Error: \n\n\nLine 206:      return View(\"Error\");\nLine 207:   }\nLine 208:   var result = await UserManager.ConfirmEmailAsync(userId, code);\nLine 209:   return View(result.Succeeded ? \"ConfirmEmail\" : \"Error\");\nLine 210:   try\n\nSource File: c:\\tfs\\ID\\MvcPW2\\MvcPW2\\Controllers\\AccountController.cs    Line: 208 \n\nStack Trace: \n\n\n[InvalidOperationException: UserId not found.]\n   Microsoft.AspNet.Identity.<ConfirmEmailAsync>d__c5.MoveNext() +1249\n   System.Runtime.CompilerServices.TaskAwaiter.ThrowForNonSuccess(Task task) +93\n   System.Runtime.CompilerServices.TaskAwaiter.HandleNonSuccessAndDebuggerNotification(Task task) +52\n   System.Runtime.CompilerServices.TaskAwaiter`1.GetResult() +24\n   MvcPW2.Controllers.<ConfirmEmail>d__25.MoveNext() in c:\\tfs\\ID\\MvcPW2\\MvcPW2\\Controllers\\AccountController.cs:208\n   System.Runtime.CompilerServices.TaskAwaiter.ThrowForNonSuccess(Task task) +93\n   System.Runtime.CompilerServices.TaskAwaiter.HandleNonSuccessAndDebuggerNotification(Task task) +52\n   System.Web.Mvc.Async.TaskAsyncActionDescriptor.EndExecute(IAsyncResult asyncResult) +84\n   System.Web.Mvc.Async.<>c__DisplayClass37.<BeginInvokeAsynchronousActionMethod>b__36(IAsyncResult asyncResult) +17\n   System.Web.Mvc.Async.WrappedAsyncResult`1.CallEndDelegate(IAsyncResult asyncResult) +10\n   System.Web.Mvc.Async.WrappedAsyncResultBase`1.End() +49\n   System.Web.Mvc.Async.AsyncControllerActionInvoker.EndInvokeActionMethod(IAsyncResult asyncResult) +32\n   System.Web.Mvc.Async.AsyncInvocationWithFilters.<InvokeActionMethodFilterAsynchronouslyRecursive>b__3d() +50\n   System.Web.Mvc.Async.<>c__DisplayClass46.<InvokeActionMethodFilterAsynchronouslyRecursive>b__3f() +225\n   System.Web.Mvc.Async.<>c__DisplayClass33.<BeginInvokeActionMethodWithFilters>b__32(IAsyncResult asyncResult) +10\n   System.Web.Mvc.Async.WrappedAsyncResult`1.CallEndDelegate(IAsyncResult asyncResult) +10\n   System.Web.Mvc.Async.WrappedAsyncResultBase`1.End() +49\n   System.Web.Mvc.Async.AsyncControllerActionInvoker.EndInvokeActionMethodWithFilters(IAsyncResult asyncResult) +34\n   System.Web.Mvc.Async.<>c__DisplayClass2b.<BeginInvokeAction>b__1c() +26\n   System.Web.Mvc.Async.<>c__DisplayClass21.<BeginInvokeAction>b__1e(IAsyncResult asyncResult) +100\n   System.Web.Mvc.Async.WrappedAsyncResult`1.CallEndDelegate(IAsyncResult asyncResult) +10\n   System.Web.Mvc.Async.WrappedAsyncResultBase`1.End() +49\n   System.Web.Mvc.Async.AsyncControllerActionInvoker.EndInvokeAction(IAsyncResult asyncResult) +27\n   System.Web.Mvc.Controller.<BeginExecuteCore>b__1d(IAsyncResult asyncResult, ExecuteCoreState innerState) +13\n   System.Web.Mvc.Async.WrappedAsyncVoid`1.CallEndDelegate(IAsyncResult asyncResult) +36\n   System.Web.Mvc.Async.WrappedAsyncResultBase`1.End() +54\n   System.Web.Mvc.Controller.EndExecuteCore(IAsyncResult asyncResult) +39\n   System.Web.Mvc.Controller.<BeginExecute>b__15(IAsyncResult asyncResult, Controller controller) +12\n   System.Web.Mvc.Async.WrappedAsyncVoid`1.CallEndDelegate(IAsyncResult asyncResult) +28\n   System.Web.Mvc.Async.WrappedAsyncResultBase`1.End() +54\n   System.Web.Mvc.Controller.EndExecute(IAsyncResult asyncResult) +29\n   System.Web.Mvc.Controller.System.Web.Mvc.Async.IAsyncController.EndExecute(IAsyncResult asyncResult) +10\n   System.Web.Mvc.MvcHandler.<BeginProcessRequest>b__5(IAsyncResult asyncResult, ProcessRequestState innerState) +21\n   System.Web.Mvc.Async.WrappedAsyncVoid`1.CallEndDelegate(IAsyncResult asyncResult) +36\n   System.Web.Mvc.Async.WrappedAsyncResultBase`1.End() +54\n   System.Web.Mvc.MvcHandler.EndProcessRequest(IAsyncResult asyncResult) +31\n   System.Web.Mvc.MvcHandler.System.Web.IHttpAsyncHandler.EndProcessRequest(IAsyncResult result) +9\n   System.Web.CallHandlerExecutionStep.OnAsyncHandlerCompletion(IAsyncResult ar) +129",
    "LastUpdatedDate": "2015-01-08T15:16:05.487-08:00",
    "PlannedForRelease": "2.2.0-alpha1",
    "ReleaseVisibleToPublic": true,
    "Priority": {
      "Name": "Unassigned",
      "Severity": 0,
      "Id": 0
    },
    "ProjectName": "aspnetidentity",
    "ReportedDate": "2014-08-07T17:35:24.773-07:00",
    "Status": {
      "Name": "Closed",
      "Id": 4
    },
    "ReasonClosed": {
      "Name": "Unassigned"
    },
    "Summary": "[security]ConfirmEmailAsync uncaught exception",
    "Type": {
      "Name": "Unassigned",
      "Id": 5
    },
    "VoteCount": 1,
    "Id": 2356
  },
  "FileAttachments": [],
  "Comments": []
}