{
  "WorkItem": {
    "AffectedComponent": {
      "Name": "",
      "DisplayName": ""
    },
    "ClosedComment": "fix in vnext",
    "ClosedDate": "2014-08-25T14:40:00.777-07:00",
    "CommentCount": 1,
    "Custom": "",
    "Description": "In the out of the box AccountController, the ExternalLoginCallback action uses the following code:\n\n \n\nvar loginInfo = await AuthenticationManager.GetExternalLoginInfoAsync();\n\n \n\nGetExternalLoginInfoAsync maps a rich-ish data structure that includes a collection of claims into a simple data structure (ExternalLoginInfo) with a username. It would be convenient to let the other information flow through in an IDictionary, perhaps, as a default, instead of avoiding GetExternalLoginInfoAync and going directly to AuthenticateAsync(\"ExternalCookie\");",
    "LastUpdatedDate": "2014-08-25T14:40:00.777-07:00",
    "PlannedForRelease": "Future",
    "ReleaseVisibleToPublic": false,
    "Priority": {
      "Name": "Unassigned",
      "Severity": 0,
      "Id": 0
    },
    "ProjectName": "aspnetidentity",
    "ReportedDate": "2013-11-14T19:47:14.993-08:00",
    "Status": {
      "Name": "Closed",
      "Id": 4
    },
    "ReasonClosed": {
      "Name": "Unassigned"
    },
    "Summary": "[Identity] Need to persist additional claims data in out of box template code",
    "Type": {
      "Name": "Unassigned",
      "Id": 5
    },
    "VoteCount": 1,
    "Id": 1901
  },
  "FileAttachments": [],
  "Comments": [
    {
      "Message": "Can you please try this in the samples package and see how it looks",
      "PostedDate": "2013-12-16T15:27:30.447-08:00",
      "Id": 173859
    }
  ]
}