{
  "WorkItem": {
    "AffectedComponent": {
      "Name": "",
      "DisplayName": ""
    },
    "ClosedComment": "Please re open the bug with additional details if you are still hitting the same issue with Identity 2.1.0 bits",
    "ClosedDate": "2014-08-18T16:02:08.94-07:00",
    "CommentCount": 7,
    "Custom": "",
    "Description": "i use asp.net identity 2.0 rtm.\ni just download the sample code, and implement the EmailService to valid the email while the users register.\n\nwhen i run my program in localhost, it works very well.\n\nso i published it to my website,\neverthing is ok  until the user click the confirm link in his email ,\nafter the user click the link, he goes to the 'confirm success' page, but he still can't log in .\ni query the database , the \"EmailConfirm\" field of the user is still \"false\".\n\n\nso , do you hava any suggestions? i don't know how to make it work well in my real website.",
    "LastUpdatedDate": "2014-08-18T16:02:08.94-07:00",
    "PlannedForRelease": "",
    "ReleaseVisibleToPublic": false,
    "Priority": {
      "Name": "Unassigned",
      "Severity": 0,
      "Id": 0
    },
    "ProjectName": "aspnetidentity",
    "ReportedDate": "2014-03-26T23:58:00.493-07:00",
    "Status": {
      "Name": "Closed",
      "Id": 4
    },
    "ReasonClosed": {
      "Name": "Unassigned"
    },
    "Summary": "Email Confirm doesn't work in a real website?",
    "Type": {
      "Name": "Unassigned",
      "Id": 5
    },
    "VoteCount": 3,
    "Id": 2125
  },
  "FileAttachments": [
    {
      "FileId": 1427764,
      "FileName": "link.jpg",
      "DownloadUrl": ".\\1427764"
    }
  ],
  "Comments": [
    {
      "Message": "Can you print out the IdentityResult for the call usermanager.ConfirmEmailAsync. If the flag is not set to false then there must be errors ",
      "PostedDate": "2014-04-25T10:40:39.433-07:00",
      "Id": 174037
    },
    {
      "Message": "thanks replying\r\n\r\nit seems that it is the server's problem.\r\n\r\ni bought my own VPS and domain name at \"zhuji91.com\", the server provide Windows Server 2008 R2 +IIS 7.5, ASP.NET 1.1/2/3.5SP1/4.5, .NET MVC 2/3/4/5, MSSQL 2012.  \r\n\r\nand one of my company's web application use Windows Azure, i don't really know the server's environment ,but i think that it must be Windows Server 2012 and IIS 8.0.\r\n\r\nand we use the identity 2.0 on the company's web site, too. i implement the email confirmation for my company's web site , and it's almost the same code.  and then it worked!\r\n\r\nso i think it maybe the server's environment problem? \r\n\r\ni will try to print out  IdentityResult for the call usermanager.ConfirmEmailAsync and reply to u ASAP\r\n\r\n",
      "PostedDate": "2014-04-25T19:06:42.24-07:00",
      "Id": 174038
    },
    {
      "Message": "oh ,i have tried to print out the  IdentityResult for the call usermanager.ConfirmEmailAsync.\r\n\r\ni serialize the IdentityResult to json , and try to register and confirm the email three times ( 1 succeed, 2 failed) as below:\r\n\r\n(1) i use the mail address \"ly@itke.com.cn\" to register and the Outlook client to receive the mail. while i click the link in the mail,  the confirmation succeed. the IdentityResult is \"{\"Succeeded\":true,\"Errors\":[]}\"\r\n\r\n(2) i use mail address \"ly@ike-global.com\" and \"116269651@qq.com\", and receive the mail by the Foxmail client and the qq mail web client, both of the two confirmation failed, the IdentityResult is {\"Succeeded\":false,\"Errors\":[\"令牌无效。\"]}\" . it seems that the \"code\" parameter in the url link is invalid.\r\n\r\nso , how to fix it ...?",
      "PostedDate": "2014-04-29T02:47:26.417-07:00",
      "Id": 174039
    },
    {
      "Message": "Looks like the url is being changed by the smtp client when it reaches the web server(encoded and not decoded or something else) Can you log the url before it is sent in the email and the one you receive in it",
      "PostedDate": "2014-04-29T10:41:46.293-07:00",
      "Id": 174040
    },
    {
      "Message": "i tried to print out the callback url before i sent it and compare it with the link i received in mailbox, they are the same.\r\n\r\nand this time, all of my three mail address can't confirm successfully ( last time the \"ly@itke.com.cn\" confirm succeed twice )\r\n\r\nand i found that the link that can confirm successful is a little different with others, just as the picture in the attachment shows, it doesn't contain the string like \"%2f\", \"%2b\"... but when i copy and paste it here, it changed as below:\r\n\r\nhttp://lyosaki88.com/Account/ConfirmEmail?userId=dbde8e96-ff25-42bc-9dd4-04d890f05f80&code=JDLbycdcTICPAc44CYJY9DTGD3EA5ffTgtlBzyNEgc2c1oj8yiXYHwcRbOpN8IvulkPTjDReT690LW9QP%2F1phzXsBUZmKWJd9apgGovg8gHpxdHbTVNpJQZGTdL1wsyKxqJeaFDBiPR8BX3q33kkI4VGnvxUNzSlUv4EAqsbNhIMFjm3K%2FKYaoPXluQt8x1l\r\n\r\nmaybe it is the problem..",
      "PostedDate": "2014-04-29T22:15:18.117-07:00",
      "Id": 174041
    },
    {
      "Message": "oh , sorry ,i make a mistake , in the picture i didn't scroll to get all link....so , there is nothing different among these links ...\r\n\r\nthe callback url before sent  is same as the received link.",
      "PostedDate": "2014-04-29T22:21:44.163-07:00",
      "Id": 174042
    },
    {
      "Message": "@lyosaki88: are you still hitting this issue ?",
      "PostedDate": "2014-06-05T14:51:19.917-07:00",
      "Id": 174043
    }
  ]
}