{
  "WorkItem": {
    "AffectedComponent": {
      "Name": "",
      "DisplayName": ""
    },
    "ClosedComment": "This was documented at http://blogs.msdn.com/b/webdev/archive/2015/02/11/improve-performance-by-optimizing-queries-for-asp-net-identity-and-other-membership-providers.aspx",
    "ClosedDate": "2015-07-29T14:20:30.757-07:00",
    "CommentCount": 1,
    "Custom": "",
    "Description": "Tracking bug to look into perf results and enhancements",
    "LastUpdatedDate": "2017-11-28T00:28:51.59-08:00",
    "PlannedForRelease": "Future",
    "ReleaseVisibleToPublic": false,
    "Priority": {
      "Name": "Medium",
      "Severity": 100,
      "Id": 2
    },
    "ProjectName": "aspnetidentity",
    "ReportedDate": "2014-03-04T14:33:43.847-08:00",
    "Status": {
      "Name": "Closed",
      "Id": 4
    },
    "ReasonClosed": {
      "Name": "Won't Fix"
    },
    "Summary": "Look into perf enhancements for Asp.Net Identity",
    "Type": {
      "Name": "Issue",
      "Id": 3
    },
    "VoteCount": 1,
    "Id": 2075
  },
  "FileAttachments": [],
  "Comments": [
    {
      "Message": "- Generate Computed Indexes for ToUpper in EF Store only for SqlServer- ",
      "PostedDate": "2014-04-30T14:51:22.367-07:00",
      "Id": 174003
    }
  ]
}