{
  "WorkItem": {
    "AffectedComponent": {
      "Name": "",
      "DisplayName": ""
    },
    "ClosedComment": "",
    "ClosedDate": "2014-08-18T14:31:19.463-07:00",
    "CommentCount": 1,
    "Custom": "",
    "Description": "Hi \n\nI just spend some time researching an odd issue.\nPlease bare with me while I try to explain following.\nI was trying to generate IdentityUser \"view model\" in my controller by doing following:\n\n```\n  var user = await UserManager.FindByIdAsync(id);\n  var viewModel = new UserViewModel(user); // this maps domain model to view model\n```\n\nFurther, I was trying to save few DB calls by not having to do this:\n\n```\nviewModel.IsLockedOut = await UserManager.IsLockedOutAsync(user.Id);\nviewModel.LockOutEndDateUtc = await UserManager.GetLockoutEndDateAsync(user.Id);\n```\n\n\nSo in constructor of my view model I have following\n\n```\npublic UserViewModel(AppUser model) \n{    \n    Id = model.Id;\n    // etc, etc,\n    // read-only properties\n    LockoutEnabled = model.LockoutEnabled;\n    LockoutEndDateUtc = model.LockoutEndDateUtc;\n    IsLockedOut = LockoutEnabled && LockoutEndDateUtc.HasValue && (LockoutEndDateUtc.Value >= DateTimeOffset.UtcNow);\n}\n\npublic bool LockoutEnabled { get; private set; }\npublic DateTime? LockoutEndDateUtc { get; private set; }\npublic bool IsLockedOut { get; private set; }\n```\n\n\nThe problem is that IsLockedOut ___is broken in my case___...\nHere is why:\n\nIn ```IdentityUser``` this property is defined as ```public virtual DateTime? LockoutEndDateUtc { get; set; }``` but ```UserManager.GetLockoutEndDateAsync(user.Id)``` actually returns (non nullable) DateTimeOffset via following implementation (decompiled via dotPeek)\n\n```\nreturn Task.FromResult<DateTimeOffset>(user.LockoutEndDateUtc.HasValue ? new DateTimeOffset(DateTime.SpecifyKind(user.LockoutEndDateUtc.Value, DateTimeKind.Utc)) : new DateTimeOffset());\n```\n\n\n\n__Why is there such discrepancy between LockoutEndDateUtc property type in IdentityUser and UserManager service?__\n\n1. Shouldn't IdentityUser.LockoutEndDateUtc be DateTimeOffsett?\n2. Why is ```UserManager.GetLockoutEndDateAsync(user.Id)``` returning ```new DateTimeOffset())``` when in fact property is null?",
    "LastUpdatedDate": "2014-08-18T14:31:19.463-07:00",
    "PlannedForRelease": "",
    "ReleaseVisibleToPublic": false,
    "Priority": {
      "Name": "Unassigned",
      "Severity": 0,
      "Id": 0
    },
    "ProjectName": "aspnetidentity",
    "ReportedDate": "2014-07-09T10:51:58.37-07:00",
    "Status": {
      "Name": "Closed",
      "Id": 4
    },
    "ReasonClosed": {
      "Name": "Unassigned"
    },
    "Summary": "LockoutEndDateUtc property type mismatch issue",
    "Type": {
      "Name": "Unassigned",
      "Id": 5
    },
    "VoteCount": 1,
    "Id": 2313
  },
  "FileAttachments": [],
  "Comments": [
    {
      "Message": "- SQL CE does not support DateTimeOffset so that is why we have the special casing- For your scenario Convert DateTimeOffSet.MinValue to null",
      "PostedDate": "2014-08-18T14:31:12.827-07:00",
      "Id": 174209
    }
  ]
}