{
  "WorkItem": {
    "AffectedComponent": {
      "Name": "",
      "DisplayName": ""
    },
    "ClosedComment": "You can get the User object and do User.Email or User.PhoneNumber since these properties are hanging off the User model",
    "ClosedDate": "2014-06-11T10:02:44.35-07:00",
    "CommentCount": 0,
    "Custom": "",
    "Description": "hi, thank you for add GetUserId<T>() issue 2186.\n\nfor example in razor profile partial view page need access user Email, FullName or other properties but not easy and  must find user again and access other properies.\nplease add properties of extension methods to User.Identity for more user properties.\n\n```\nUser.Identity.GetUserEmail()\nUser.Identity.GetUserPhoneNumber()\n```\nand extension method to retrieve custom user property values\n\n```\nUser.Identity.GetUserProperty<TUser,TProperty>(Expression<Func<TUser, TProperty>> expression)\n//and example\nUser.Identity.GetUserProperty<User>(u=>u.FullName)\n```",
    "LastUpdatedDate": "2014-06-11T10:02:44.8-07:00",
    "PlannedForRelease": "",
    "ReleaseVisibleToPublic": false,
    "Priority": {
      "Name": "Unassigned",
      "Severity": 0,
      "Id": 0
    },
    "ProjectName": "aspnetidentity",
    "ReportedDate": "2014-06-07T00:26:44.823-07:00",
    "Status": {
      "Name": "Closed",
      "Id": 4
    },
    "ReasonClosed": {
      "Name": "Unassigned"
    },
    "Summary": "Need access more user properties in User.Indentity",
    "Type": {
      "Name": "Unassigned",
      "Id": 5
    },
    "VoteCount": 1,
    "Id": 2263
  },
  "FileAttachments": [],
  "Comments": []
}