{
  "WorkItem": {
    "AffectedComponent": {
      "Name": "",
      "DisplayName": ""
    },
    "ClosedComment": "Fixed in 2.0.0. This error was thrown due to new flag added in beta. Fixed issue with error handling",
    "ClosedDate": "2014-02-26T17:35:48.883-08:00",
    "CommentCount": 3,
    "Custom": "",
    "Description": "New Web Projects don't work after installing the Identity 2.0 Beta\n\nSteps to reproduce in VS 2013 Update 1:\n1. Create a new ASP.NET Web Application using .NET 4.5.1\n2. Open Package Manager Console and type:\n    Install-Package Microsoft.AspNet.Identity.EntityFramework –Version 2.0.0-beta1 –Pre\n    Install-Package Microsoft.AspNet.Identity.Core -Version 2.0.0-beta1 –Pre\n    Install-Package Microsoft.AspNet.Identity.OWIN -Version 2.0.0-beta1 –Pre\n3. Quit VS, save changes, reopen project\n4. Press F5 to start debugging\n5. Click \"Register\"\n6. See similar error:\nCannot attach the file 'c:\\users\\pat\\documents\\visual studio 2013\\Projects\\IdentityBeta\\IdentityBeta\\App_Data\\aspnet-IdentityBeta-20140213115400.mdf' as database 'aspnet-IdentityBeta-20140213115400'.",
    "LastUpdatedDate": "2014-02-26T17:35:48.883-08:00",
    "PlannedForRelease": "2.0.0",
    "ReleaseVisibleToPublic": true,
    "Priority": {
      "Name": "Medium",
      "Severity": 100,
      "Id": 2
    },
    "ProjectName": "aspnetidentity",
    "ReportedDate": "2014-02-13T10:03:26.577-08:00",
    "Status": {
      "Name": "Closed",
      "Id": 4
    },
    "ReasonClosed": {
      "Name": "Unassigned"
    },
    "Summary": "Can't attach database file after installing the Identity 2.0 Beta",
    "Type": {
      "Name": "Issue",
      "Id": 3
    },
    "VoteCount": 1,
    "Id": 2033
  },
  "FileAttachments": [
    {
      "FileId": 1427763,
      "FileName": "AspNetIdentity2.0BetaBug.html",
      "DownloadUrl": ".\\1427763"
    }
  ],
  "Comments": [
    {
      "Message": "Workaround: Change the connection string to no specify the database location. That's what the Microsoft.AspNet.Identity.Samples NuGet package does. The connection string looks like this:\r\n\r\nData Source=(LocalDb)\\v11.0;Initial Catalog=MyCatalogName;Integrated Security=SSPI",
      "PostedDate": "2014-02-13T14:20:16.227-08:00",
      "Id": 173954
    },
    {
      "Message": "Thanks for the work around.\r\n\r\nFYI for anyone else struggling with this, due to this bug it looks like you must create a blank database first when using LocalDb or SQL Server because of the bug.\r\n\r\n1. AttachDbFilename appears broken2. The creation of a new database when it doesn't already exist appears to be broken.",
      "PostedDate": "2014-02-13T15:02:48.6-08:00",
      "Id": 173955
    },
    {
      "Message": "The fix is to set the 'ThrowIfV1Schema' flag to false in the base constructor of ApplicationDbContext. This issue is fixed in 2.0.0",
      "PostedDate": "2014-02-26T17:35:20.107-08:00",
      "Id": 173956
    }
  ]
}