{
  "WorkItem": {
    "AffectedComponent": {
      "Name": "",
      "DisplayName": ""
    },
    "ClosedComment": "Tracking for vnext https://github.com/aspnet/Identity/issues/263",
    "ClosedDate": "2014-11-17T14:54:40.793-08:00",
    "CommentCount": 0,
    "Custom": "",
    "Description": "When a password does not comform to multiple password constraints, one error will be returned that looks like\n\n```\nPasswords must have at least one non letter or digit character. Passwords must have at least one digit ('0'-'9'). Passwords must have at least one uppercase ('A'-'Z').\n```\n\nInstead, multiple errors should be returned so that they can be displayed as a list:\n\n```\n* Passwords must have at least one non letter or digit character.\n* Passwords must have at least one digit ('0'-'9').\n* Passwords must have at least one uppercase ('A'-'Z').\n```\nThis will allow for a better UX for the customer.",
    "LastUpdatedDate": "2014-11-17T14:54:40.793-08:00",
    "PlannedForRelease": "",
    "ReleaseVisibleToPublic": false,
    "Priority": {
      "Name": "Unassigned",
      "Severity": 0,
      "Id": 0
    },
    "ProjectName": "aspnetidentity",
    "ReportedDate": "2014-10-22T13:51:45.16-07:00",
    "Status": {
      "Name": "Closed",
      "Id": 4
    },
    "ReasonClosed": {
      "Name": "Unassigned"
    },
    "Summary": "Passwords errors should all be separate errors",
    "Type": {
      "Name": "Unassigned",
      "Id": 5
    },
    "VoteCount": 1,
    "Id": 2444
  },
  "FileAttachments": [],
  "Comments": []
}