{
  "WorkItem": {
    "AffectedComponent": {
      "Name": "",
      "DisplayName": ""
    },
    "ClosedComment": "Identity 2.0 is no longer under primary development. No new features will be added, only bugs will be considered.\n\nIf [Identity 3.0](https://github.com/aspnet/Identity/) does not have the feature you require then feel free to log a bug there.",
    "ClosedDate": "2016-03-02T09:51:09.477-08:00",
    "CommentCount": 0,
    "Custom": null,
    "Description": "Can I pull the permission future to the ASP.NET Identity?\r\n\r\nSource code & demo：https://github.com/Clark159/CLK.AspNet.Identity",
    "LastUpdatedDate": "2016-03-02T09:51:09.477-08:00",
    "PlannedForRelease": "",
    "ReleaseVisibleToPublic": false,
    "Priority": {
      "Name": "Unassigned",
      "Severity": 0,
      "Id": 0
    },
    "ProjectName": "aspnetidentity",
    "ReportedDate": "2015-06-13T08:33:41.89-07:00",
    "Status": {
      "Name": "Closed",
      "Id": 4
    },
    "ReasonClosed": {
      "Name": "By Design"
    },
    "Summary": "Permission future (RBAC)",
    "Type": {
      "Name": "Unassigned",
      "Id": 5
    },
    "VoteCount": 1,
    "Id": 2535
  },
  "FileAttachments": [],
  "Comments": []
}