{
  "WorkItem": {
    "AffectedComponent": {
      "Name": "",
      "DisplayName": ""
    },
    "ClosedComment": "",
    "ClosedDate": "2014-03-17T13:07:24.17-07:00",
    "CommentCount": 2,
    "Custom": "",
    "Description": "In EF implementation, UserStore.SetEmailAsync currently just sets the e-mail and doesn't set the user.EmailConfirmed to false. Is this the expected behavior? IMO, the user.EmailConfirmed should also be set to false.",
    "LastUpdatedDate": "2014-03-17T13:51:48.393-07:00",
    "PlannedForRelease": "",
    "ReleaseVisibleToPublic": false,
    "Priority": {
      "Name": "Unassigned",
      "Severity": 0,
      "Id": 0
    },
    "ProjectName": "aspnetidentity",
    "ReportedDate": "2014-03-16T15:03:59.927-07:00",
    "Status": {
      "Name": "Closed",
      "Id": 4
    },
    "ReasonClosed": {
      "Name": "Unassigned"
    },
    "Summary": "[EF Implementation] UserStore.SetEmailAsync should set user.EmailConfirmed to false",
    "Type": {
      "Name": "Unassigned",
      "Id": 5
    },
    "VoteCount": 1,
    "Id": 2106
  },
  "FileAttachments": [],
  "Comments": [
    {
      "Message": "Yes, the UserManager is the one that controls setting Confirmed to false whenever SetEmail is called.  The store operations are all mostly basic get/set with no logic added.",
      "PostedDate": "2014-03-17T13:07:06.823-07:00",
      "Id": 174013
    },
    {
      "Message": "Thanks for confirming HaoK!\r\n\r\nIn my current implementation of ASP.NET Identity, RavenUserStore.SetEmailAsync sets the e-mail and clears the confirmation record if it's a new e-mail address. Would that effect in any way how UserManager works with the UserStore?",
      "PostedDate": "2014-03-17T13:51:48.393-07:00",
      "Id": 174014
    }
  ]
}