{
  "WorkItem": {
    "AffectedComponent": {
      "Name": "",
      "DisplayName": ""
    },
    "ClosedComment": "Fixed for 2.1",
    "ClosedDate": "2014-05-19T16:44:16.423-07:00",
    "CommentCount": 0,
    "Custom": "",
    "Description": "1. Create empty asp.net project and install the Identity NuGet sample.\n2. Log in and click on your userID (email alias).\n3. The Index view of the Manage controller is shown. Most of the links on that view change data and are GET links.\n\nChange all links that change data ( such as Phone Number: 1234 [ Change  |  Remove ] \nTwo Factor Enabled: True [Disable] \nTwo Factor Browser Remembered?: False [Remember] \n\nTo forms that post the change.",
    "LastUpdatedDate": "2014-05-19T16:44:16.423-07:00",
    "PlannedForRelease": "2.1",
    "ReleaseVisibleToPublic": true,
    "Priority": {
      "Name": "Unassigned",
      "Severity": 0,
      "Id": 0
    },
    "ProjectName": "aspnetidentity",
    "ReportedDate": "2014-05-06T22:00:17.137-07:00",
    "Status": {
      "Name": "Closed",
      "Id": 4
    },
    "ReasonClosed": {
      "Name": "Unassigned"
    },
    "Summary": "[Samples][Bug][Security] Deletes on HTTP GET",
    "Type": {
      "Name": "Unassigned",
      "Id": 5
    },
    "VoteCount": 1,
    "Id": 2198
  },
  "FileAttachments": [],
  "Comments": []
}