{
  "WorkItem": {
    "AffectedComponent": {
      "Name": "",
      "DisplayName": ""
    },
    "ClosedComment": "",
    "ClosedDate": "2014-02-17T10:16:57.58-08:00",
    "CommentCount": 0,
    "Custom": "",
    "Description": "The newly added methods on UserManager to send the PIN using the IdentityMessageService need to have sync methods.",
    "LastUpdatedDate": "2015-02-04T13:52:56.82-08:00",
    "PlannedForRelease": "2.0.0",
    "ReleaseVisibleToPublic": true,
    "Priority": {
      "Name": "Medium",
      "Severity": 100,
      "Id": 2
    },
    "ProjectName": "aspnetidentity",
    "ReportedDate": "2014-02-11T12:13:04.237-08:00",
    "Status": {
      "Name": "Closed",
      "Id": 4
    },
    "ReasonClosed": {
      "Name": "Unassigned"
    },
    "Summary": "Need sync methods for SendEmail and SendSms",
    "Type": {
      "Name": "Issue",
      "Id": 3
    },
    "VoteCount": 1,
    "Id": 2026
  },
  "FileAttachments": [],
  "Comments": []
}