{
  "WorkItem": {
    "AffectedComponent": {
      "Name": "",
      "DisplayName": ""
    },
    "ClosedComment": "Fixed for 2.1",
    "ClosedDate": "2014-05-19T16:45:05.79-07:00",
    "CommentCount": 1,
    "Custom": "",
    "Description": "The `AccountController`, for example, disposes the `_userManager` object, but the `_userManager` is not created by the `AccountController`. It seems that disposal of that instance should not be handled by the controller but should be left up to whatever instantiated the controller and passed it a `UserManager` object or the `IOwinContext` or whatever manages object lifecycle.",
    "LastUpdatedDate": "2014-05-19T16:45:05.79-07:00",
    "PlannedForRelease": "2.1",
    "ReleaseVisibleToPublic": true,
    "Priority": {
      "Name": "Unassigned",
      "Severity": 0,
      "Id": 0
    },
    "ProjectName": "aspnetidentity",
    "ReportedDate": "2014-04-22T15:34:22.493-07:00",
    "Status": {
      "Name": "Closed",
      "Id": 4
    },
    "ReasonClosed": {
      "Name": "Unassigned"
    },
    "Summary": "[Samples]Controller disposal and the _userManager object",
    "Type": {
      "Name": "Unassigned",
      "Id": 5
    },
    "VoteCount": 1,
    "Id": 2173
  },
  "FileAttachments": [],
  "Comments": [
    {
      "Message": "Fixed",
      "PostedDate": "2014-05-06T16:28:43.23-07:00",
      "Id": 174121
    }
  ]
}