{
  "WorkItem": {
    "AffectedComponent": {
      "Name": "",
      "DisplayName": ""
    },
    "ClosedComment": "",
    "ClosedDate": null,
    "CommentCount": 7,
    "Custom": null,
    "Description": "There are a variety of issues around remember me and regenerating cookies:\r\n\r\n1.\r\nRemember me status after an explicit change password: http://stackoverflow.com/questions/24323330/how-to-rewrite-the-owin-cookie-manually-mvc5/24376142#24376142\r\n \r\n2.\r\nRemember me status on refresh of cookie: http://stackoverflow.com/questions/24352533/onvalidateidentity-disables-the-mvc-owin-remember-me-option",
    "LastUpdatedDate": "2017-10-06T01:10:39.713-07:00",
    "PlannedForRelease": "",
    "ReleaseVisibleToPublic": false,
    "Priority": {
      "Name": "High",
      "Severity": 150,
      "Id": 3
    },
    "ProjectName": "aspnetidentity",
    "ReportedDate": "2014-07-15T11:55:22.84-07:00",
    "Status": {
      "Name": "Proposed",
      "Id": 1
    },
    "ReasonClosed": {
      "Name": "Unassigned"
    },
    "Summary": "Issues with Remember Me",
    "Type": {
      "Name": "Issue",
      "Id": 3
    },
    "VoteCount": 4,
    "Id": 2319
  },
  "FileAttachments": [],
  "Comments": [
    {
      "Message": "Need to fix this for samples package as well https://aspnetidentity.codeplex.com/workitem/2171",
      "PostedDate": "2014-08-18T16:15:05.653-07:00",
      "Id": 174216
    },
    {
      "Message": "This issue has not been resolved. The \"remember me\" setting is not retained after the security stamp is regenerated.",
      "PostedDate": "2015-04-21T15:08:29.41-07:00",
      "Id": 183211
    },
    {
      "Message": "I agree with [pmarangoni]: This issue is not resolved.",
      "PostedDate": "2016-05-10T12:52:01.367-07:00",
      "Id": 199455
    },
    {
      "Message": "Fixed 2.2-alpha1. We are flowing in the context properties while refreshing the cookie so the isPersistent flag is preserved\n\r\n\r** Closed by suhasj 09/15/2014 2:20PM",
      "PostedDate": "2014-09-15T14:20:01.533-07:00",
      "Id": 199458
    },
    {
      "Message": "Reopening based on claims that the issue is not fixed.",
      "PostedDate": "2016-05-10T13:40:18.213-07:00",
      "Id": 199459
    },
    {
      "Message": "I have the following packages installed \"Microsoft.AspNet.Identity.Core\", \"Microsoft.AspNet.Identity.EntityFramework\" & \"Microsoft.AspNet.Identity.Owin\" and have tried versions 2.2-alpha1 and 2.2.1 - with no joy.",
      "PostedDate": "2016-05-26T03:43:03.06-07:00",
      "Id": 199725
    },
    {
      "Message": "Come on people! This still doesn't work! What the hell?  I'm running all the 2.2.1 packages.  IT DOESN'T WORK!",
      "PostedDate": "2017-08-14T15:13:57.787-07:00",
      "Id": 208774
    }
  ]
}