{
  "WorkItem": {
    "AffectedComponent": {
      "Name": "",
      "DisplayName": ""
    },
    "ClosedComment": "Fixed in 2.2-alpha1 as of 01/27",
    "ClosedDate": "2015-01-27T11:05:34.34-08:00",
    "CommentCount": 5,
    "Custom": "",
    "Description": "When I have _UserManager_ set to lockout users and no 2FA enabled and then use \n\n```\nawait signInManager.PasswordSignInAsync(model.Email, model.Password, model.RememberMe, true);\n```\n\nto login users, I can see user.AccessFailedCount increasing on failed login attempts and it goes to zero when user reaches maximum number of attempts. \n\nBut when user is successfully logged in, this counter is not reset to zero. So there could be a situation when maximum number of attempts is set to 5, user have logged in incorrectly 4 times, then logged in. Counter still sits on 4. Next week user types the password incorrectly once and gets locked-out.\n\nBy looking on the code in decompiler, I think calls to:\n\n```\nawait userManager.ResetAccessFailedCountAsync(user.id);\n```\n\nshould be used more often, next to every method _AuthenticationManager.SignIn_",
    "LastUpdatedDate": "2015-02-19T17:53:00.187-08:00",
    "PlannedForRelease": "2.2",
    "ReleaseVisibleToPublic": true,
    "Priority": {
      "Name": "Unassigned",
      "Severity": 0,
      "Id": 0
    },
    "ProjectName": "aspnetidentity",
    "ReportedDate": "2014-08-27T16:33:53.79-07:00",
    "Status": {
      "Name": "Closed",
      "Id": 4
    },
    "ReasonClosed": {
      "Name": "Unassigned"
    },
    "Summary": "AccessFailedCount is not reset on successful login in SignInManager.PasswordSignInAsync",
    "Type": {
      "Name": "Unassigned",
      "Id": 5
    },
    "VoteCount": 1,
    "Id": 2370
  },
  "FileAttachments": [],
  "Comments": [
    {
      "Message": "Was able to repro. Assigning it to be taken by team triage",
      "PostedDate": "2014-10-03T18:17:07.233-07:00",
      "Id": 174250
    },
    {
      "Message": "Yep looks like a bug, will fix for 2.2, and 3.0",
      "PostedDate": "2014-10-13T15:28:50.567-07:00",
      "Id": 174251
    },
    {
      "Message": "Fixed in 2.2 nightlies",
      "PostedDate": "2014-10-14T17:28:41.2-07:00",
      "Id": 174252
    },
    {
      "Message": "I am using Microsoft.AspNet.Identity.Owin 2.2.0-alpha1, and the AccessFailedCount is not reset on successful login. This bug needs to be reopened.",
      "PostedDate": "2015-02-19T17:13:57.957-08:00",
      "Id": 174927
    },
    {
      "Message": "@ryanfosterwork It is fixed in 2.2 RTM and you get the nightly build packages from http://www.myget.org/f/aspnetwebstacknightly ",
      "PostedDate": "2015-02-19T17:53:00.187-08:00",
      "Id": 174929
    }
  ]
}