{
  "WorkItem": {
    "AffectedComponent": {
      "Name": "",
      "DisplayName": ""
    },
    "ClosedComment": "Closing as this is not a bug",
    "ClosedDate": "2015-01-08T15:12:01.877-08:00",
    "CommentCount": 1,
    "Custom": "",
    "Description": "Hello, I found this problem with IsLockedOutAsync:\nI enter a wrong password for user and the access failed count is equal 1 and MaxFailedAccessAttemptsBeforeLockout = 5 but  IsLockedOutAsync returns me always true.",
    "LastUpdatedDate": "2015-01-08T15:12:01.877-08:00",
    "PlannedForRelease": "",
    "ReleaseVisibleToPublic": false,
    "Priority": {
      "Name": "Unassigned",
      "Severity": 0,
      "Id": 0
    },
    "ProjectName": "aspnetidentity",
    "ReportedDate": "2014-11-25T05:40:53.273-08:00",
    "Status": {
      "Name": "Closed",
      "Id": 4
    },
    "ReasonClosed": {
      "Name": "Unassigned"
    },
    "Summary": "IsLockedOutAsync always true",
    "Type": {
      "Name": "Unassigned",
      "Id": 5
    },
    "VoteCount": 1,
    "Id": 2461
  },
  "FileAttachments": [],
  "Comments": [
    {
      "Message": "I found an error in my code; this error is related to LockoutDate; i fix it and now it works well.You can close this issue",
      "PostedDate": "2014-11-26T08:11:25.847-08:00",
      "Id": 174280
    }
  ]
}