{
  "WorkItem": {
    "AffectedComponent": {
      "Name": "",
      "DisplayName": ""
    },
    "ClosedComment": "",
    "ClosedDate": "2014-04-16T13:46:22.543-07:00",
    "CommentCount": 1,
    "Custom": "",
    "Description": "Background to my problem is here: http://forums.asp.net/t/1978833.aspx?Mixing+custom+Web+API+IAuthenticationFilter+with+ASP+NET+Identity+2+0+in+an+MVC5+site\n\nEssentially, when using a custom IAuthenticationFilter on a Web API 2 api that's within an MVC5 site that's using Identity 2.0 (phew!), Identity is seeing the 401 returned by the authentication filter and changing it to a redirect to the MVC site's /Account/Logon page. But the response already contains a WWW-Authenticate \"Basic\" header value. Wouldn't it be better for Identity to just leave the response alone? It has everything required by the caller (which will be JS or a smartphone native app that can't deal with the redirect to the login page).",
    "LastUpdatedDate": "2014-04-16T13:46:22.543-07:00",
    "PlannedForRelease": "",
    "ReleaseVisibleToPublic": false,
    "Priority": {
      "Name": "Unassigned",
      "Severity": 0,
      "Id": 0
    },
    "ProjectName": "aspnetidentity",
    "ReportedDate": "2014-04-03T21:04:06.86-07:00",
    "Status": {
      "Name": "Closed",
      "Id": 4
    },
    "ReasonClosed": {
      "Name": "Unassigned"
    },
    "Summary": "401 from Web API converted to 302 unnecessarily",
    "Type": {
      "Name": "Unassigned",
      "Id": 5
    },
    "VoteCount": 1,
    "Id": 2147
  },
  "FileAttachments": [],
  "Comments": [
    {
      "Message": "Please ignore and close this item. I've since discovered how to get the behaviour I require with config.SuppressDefaultHostAuthentication();",
      "PostedDate": "2014-04-08T16:36:52.61-07:00",
      "Id": 174090
    }
  ]
}