{
  "WorkItem": {
    "AffectedComponent": {
      "Name": "",
      "DisplayName": ""
    },
    "ClosedComment": "Will track for v3",
    "ClosedDate": "2014-08-25T14:31:22.943-07:00",
    "CommentCount": 0,
    "Custom": "",
    "Description": "To avoid writing extension methods we can make the AsyncHelper method public. Also we need to review the method signature for 'RunAsync'.",
    "LastUpdatedDate": "2014-08-25T14:31:22.943-07:00",
    "PlannedForRelease": "Future",
    "ReleaseVisibleToPublic": false,
    "Priority": {
      "Name": "Low",
      "Severity": 50,
      "Id": 1
    },
    "ProjectName": "aspnetidentity",
    "ReportedDate": "2014-02-12T11:30:20.947-08:00",
    "Status": {
      "Name": "Closed",
      "Id": 4
    },
    "ReasonClosed": {
      "Name": "Unassigned"
    },
    "Summary": "Review AsyncHelper class and make it public",
    "Type": {
      "Name": "Issue",
      "Id": 3
    },
    "VoteCount": 1,
    "Id": 2029
  },
  "FileAttachments": [],
  "Comments": []
}