{
  "WorkItem": {
    "AffectedComponent": {
      "Name": "",
      "DisplayName": ""
    },
    "ClosedComment": "Fixed in 2.1 as of 05/22",
    "ClosedDate": "2014-05-22T15:12:43.55-07:00",
    "CommentCount": 7,
    "Custom": "",
    "Description": "by default User.Identity.GetUserId() return string id. but when user inherited from IdentityUser<T> can get user id with key type. for example:\n\npublic class User : IdentityUser<int, UserLogin, UserRole, UserClaim>\nthan\nUser.Identity.GetUserId<int>()",
    "LastUpdatedDate": "2015-01-21T09:47:07.853-08:00",
    "PlannedForRelease": "2.1",
    "ReleaseVisibleToPublic": true,
    "Priority": {
      "Name": "Unassigned",
      "Severity": 0,
      "Id": 0
    },
    "ProjectName": "aspnetidentity",
    "ReportedDate": "2014-05-01T04:24:28.02-07:00",
    "Status": {
      "Name": "Closed",
      "Id": 4
    },
    "ReasonClosed": {
      "Name": "Unassigned"
    },
    "Summary": "Add Identity GetUserId<T>() extension method",
    "Type": {
      "Name": "Unassigned",
      "Id": 5
    },
    "VoteCount": 2,
    "Id": 2186
  },
  "FileAttachments": [],
  "Comments": [
    {
      "Message": "what about :\r\n\r\n```    public static class IdentityExtensions {        public static T GetUserId(this IIdentity identity) where T : IConvertible {            return (T)Convert.ChangeType(identity.GetUserId(), typeof(T));        }    }```",
      "PostedDate": "2014-05-07T21:03:26.217-07:00",
      "Id": 174140
    },
    {
      "Message": "This doesn't work for Guid, but it works nicely for int",
      "PostedDate": "2014-05-14T13:53:01.08-07:00",
      "Id": 174141
    },
    {
      "Message": "Need to handle null exception when user is not logged in ",
      "PostedDate": "2014-05-21T14:26:24.7-07:00",
      "Id": 174142
    },
    {
      "Message": "Returns default when no claim found",
      "PostedDate": "2014-05-21T15:09:59.053-07:00",
      "Id": 174143
    },
    {
      "Message": "This extensions works with Guid too.\r\n\r\n```public static class IdentityExtensions {\t\t\t\t\tpublic static T GetUserIdGeneric(this IIdentity identity)\t{          \t\treturn = (T)TypeDescriptor.GetConverter(typeof(T))\t\t\t.ConvertFromInvariantString(userId);\t}}```",
      "PostedDate": "2014-07-21T02:28:48.183-07:00",
      "Id": 174144
    },
    {
      "Message": "Previous comment was not complete:\r\n\r\n    public static class IdentityExtensions    {        public static T GetUserIdGeneric(this IIdentity identity)        {            return (T)TypeDescriptor.GetConverter(typeof(T)).ConvertFromInvariantString(identity.GetUserId());        }    }\r\n\r\nThis extension method will also work with Guid or and other primary key type.",
      "PostedDate": "2015-01-21T09:45:49.18-08:00",
      "Id": 174145
    },
    {
      "Message": "Oops, meant:This extension method will also work with Guid or any other primary key type.",
      "PostedDate": "2015-01-21T09:47:07.853-08:00",
      "Id": 174146
    }
  ]
}