{
  "WorkItem": {
    "AffectedComponent": {
      "Name": "",
      "DisplayName": ""
    },
    "ClosedComment": "",
    "ClosedDate": "2014-05-15T12:05:13.253-07:00",
    "CommentCount": 0,
    "Custom": "",
    "Description": "The code correctly returns an error when the userID or code (security token) are null\n    if (userId == null || code == null)\n    {\n        return View(\"Error\");\n    }\n\nBut if the result fails, it returns return View() \nIt should be return View(\"Error\");\n\nTo repro - copy the generated confirm email link and change the code. It reports success.\n\nWhile you are fixing this code, consider adding try/catch for the case the userID is not found. Currently it throws and you get the YSOD.\nI added an errorMessage to my errors.cshtml and use the following code\n\n      // GET: /Account/ConfirmEmail\n      [AllowAnonymous]\n      public async Task<ActionResult> ConfirmEmail(string userId, string code)\n      {\n         if (userId == null || code == null)\n         {\n            return View(\"Error\");\n         }\n         IdentityResult result;\n         try\n         {\n            result = await UserManager.ConfirmEmailAsync(userId, code);\n         }\n         catch (InvalidOperationException ioe)\n         {\n            ViewBag.errorMessage = ioe.Message;\n            return View(\"Error\");\n         }\n\n         if (result.Succeeded)\n         {\n            return View();\n         }\n\n         // If we got this far, an error occured.\n         AddErrors(result);\n         ViewBag.errorMessage = \"ConfirmEmail failed\";\n         return View(\"Error\");\n      }",
    "LastUpdatedDate": "2014-05-15T12:05:13.253-07:00",
    "PlannedForRelease": "2.1",
    "ReleaseVisibleToPublic": true,
    "Priority": {
      "Name": "Unassigned",
      "Severity": 0,
      "Id": 0
    },
    "ProjectName": "aspnetidentity",
    "ReportedDate": "2014-04-16T11:54:37.08-07:00",
    "Status": {
      "Name": "Closed",
      "Id": 4
    },
    "ReasonClosed": {
      "Name": "Unassigned"
    },
    "Summary": "[Sample][Bug] ConfirmEmail displays success when token is invalid",
    "Type": {
      "Name": "Unassigned",
      "Id": 5
    },
    "VoteCount": 3,
    "Id": 2159
  },
  "FileAttachments": [],
  "Comments": []
}