{
  "WorkItem": {
    "AffectedComponent": {
      "Name": "",
      "DisplayName": ""
    },
    "ClosedComment": "",
    "ClosedDate": "2014-05-12T14:48:09.303-07:00",
    "CommentCount": 1,
    "Custom": "",
    "Description": "Hi everyone,\n\ni've implemented the new ASP.NET Identity and it works quite well. I enabled authentication via google and it did work in the first time. In the meantime i realized that it doesn work anymore. If I click on the Login-With-Google-Button the redirect to google does not work, instead the Login Page gets reloaded. I debugged that to the following line:\n\npublic async Task<ActionResult> ExternalLoginCallback(string returnUrl)\n       {\n           var loginInfo = await AuthenticationManager.GetExternalLoginInfoAsync();\n           if (loginInfo == null)\n           {\n               return RedirectToAction(\"Login\");\n           }\nThe loginInfo returned is null so the user isn't transferred to google to login. Why is that? \n\nAdditionally i figured out, that it works when I clear the cookies in the browser. Seems to be cookie related, but I don't know what happens.\n\nAny ideas?\n\nThanks\n\nAndi",
    "LastUpdatedDate": "2014-05-12T14:48:09.303-07:00",
    "PlannedForRelease": "",
    "ReleaseVisibleToPublic": false,
    "Priority": {
      "Name": "Unassigned",
      "Severity": 0,
      "Id": 0
    },
    "ProjectName": "aspnetidentity",
    "ReportedDate": "2014-05-08T22:11:32.31-07:00",
    "Status": {
      "Name": "Closed",
      "Id": 4
    },
    "ReasonClosed": {
      "Name": "Unassigned"
    },
    "Summary": "ASP.NET Identity and the google login",
    "Type": {
      "Name": "Unassigned",
      "Id": 5
    },
    "VoteCount": 1,
    "Id": 2206
  },
  "FileAttachments": [],
  "Comments": [
    {
      "Message": "I figured it out. See here for my explanation. Not sure if it is a bug or by design:\r\n\r\nhttp://forums.asp.net/p/1985873/5694491.aspx?p=True&t=635353768434570154&pagenum=1",
      "PostedDate": "2014-05-11T00:49:11.457-07:00",
      "Id": 174156
    }
  ]
}