{
  "WorkItem": {
    "AffectedComponent": {
      "Name": "",
      "DisplayName": ""
    },
    "ClosedComment": "Don't pull null in SecurityStamp.",
    "ClosedDate": "2015-06-03T14:34:00.03-07:00",
    "CommentCount": 0,
    "Custom": null,
    "Description": "See this answer on SO: http://stackoverflow.com/a/28747830/809357\r\n\r\nBasically, when SecurityStamp is null, ValidationToken is invalid when trying to validate it. Should the validation check SecurityStamp for null and substitute for String.Empty so the token validation does not fail?\r\n\r\n ",
    "LastUpdatedDate": "2015-06-03T14:34:00.03-07:00",
    "PlannedForRelease": "",
    "ReleaseVisibleToPublic": false,
    "Priority": {
      "Name": "Unassigned",
      "Severity": 0,
      "Id": 0
    },
    "ProjectName": "aspnetidentity",
    "ReportedDate": "2015-05-02T04:56:41.553-07:00",
    "Status": {
      "Name": "Closed",
      "Id": 4
    },
    "ReasonClosed": {
      "Name": "By Design"
    },
    "Summary": "Token Validation fails if SecurityStamp is null",
    "Type": {
      "Name": "Unassigned",
      "Id": 5
    },
    "VoteCount": 1,
    "Id": 2528
  },
  "FileAttachments": [],
  "Comments": []
}