{
  "WorkItem": {
    "AffectedComponent": {
      "Name": "",
      "DisplayName": ""
    },
    "ClosedComment": "",
    "ClosedDate": "2014-03-17T16:52:42.613-07:00",
    "CommentCount": 1,
    "Custom": "",
    "Description": "As we add UserManager, ApplicationDbContext, we should also add RoleManager to the OWIN context.",
    "LastUpdatedDate": "2014-03-17T16:52:42.613-07:00",
    "PlannedForRelease": "2.0.0",
    "ReleaseVisibleToPublic": true,
    "Priority": {
      "Name": "Low",
      "Severity": 50,
      "Id": 1
    },
    "ProjectName": "aspnetidentity",
    "ReportedDate": "2014-02-18T21:54:38.287-08:00",
    "Status": {
      "Name": "Closed",
      "Id": 4
    },
    "ReasonClosed": {
      "Name": "Unassigned"
    },
    "Summary": "[Samples package] Add RoleManager to OWIN context in the samples",
    "Type": {
      "Name": "Issue",
      "Id": 3
    },
    "VoteCount": 1,
    "Id": 2039
  },
  "FileAttachments": [],
  "Comments": [
    {
      "Message": "Add the configuration for the RoleValidator and ApplicationRoleManager and have it look like the ApplicationUserManager",
      "PostedDate": "2014-03-03T14:20:45.22-08:00",
      "Id": 173958
    }
  ]
}