{
  "WorkItem": {
    "AffectedComponent": {
      "Name": "",
      "DisplayName": ""
    },
    "ClosedComment": "",
    "ClosedDate": "2014-04-30T15:20:38.64-07:00",
    "CommentCount": 3,
    "Custom": "",
    "Description": "REPRO\n\nRegister as  new User\nLogin as Admin \nEdit user \nExpected : possibility to assign Role\n\n\n\n\nFeature request  about Role:\nThe admin should assign by default a Role to the new users that Register on their own:like default Role =user",
    "LastUpdatedDate": "2014-04-30T15:20:38.64-07:00",
    "PlannedForRelease": "",
    "ReleaseVisibleToPublic": false,
    "Priority": {
      "Name": "Unassigned",
      "Severity": 0,
      "Id": 0
    },
    "ProjectName": "aspnetidentity",
    "ReportedDate": "2014-03-03T07:54:13.347-08:00",
    "Status": {
      "Name": "Closed",
      "Id": 4
    },
    "ReasonClosed": {
      "Name": "Unassigned"
    },
    "Summary": "[Sample]Admin cannot assign role on existing user",
    "Type": {
      "Name": "Unassigned",
      "Id": 5
    },
    "VoteCount": 1,
    "Id": 2071
  },
  "FileAttachments": [],
  "Comments": [
    {
      "Message": "This is tracked by https://aspnetidentity.codeplex.com/workitem/2012 and will be fixed for 2.0.0",
      "PostedDate": "2014-03-03T12:33:16.853-08:00",
      "Id": 173999
    },
    {
      "Message": "Thanks for the kind and fast answer! :)",
      "PostedDate": "2014-03-04T01:20:51.273-08:00",
      "Id": 174000
    },
    {
      "Message": "and about automatic role assign:\r\n\r\n>Feature request about Role:The admin should assign by default a Role to the new users that Register on their own:like default Role =user",
      "PostedDate": "2014-03-04T02:23:03.593-08:00",
      "Id": 174001
    }
  ]
}