{
  "WorkItem": {
    "AffectedComponent": {
      "Name": "",
      "DisplayName": ""
    },
    "ClosedComment": "",
    "ClosedDate": "2014-09-22T14:39:13.577-07:00",
    "CommentCount": 5,
    "Custom": "",
    "Description": "When I upgraded to Identity 2.0, The auto migration worked locally in SqlExpress but fails in Sql Azure with the following exception: \n\nSystem.Data.SqlClient.SqlExceptionSource: .Net SqlClient Data ProviderMessage: Tables without a clustered index are not supported in this version of SQL Server. Please create a clustered index and try again. Could not drop constraint.\n\nAny ideas on how to fix this problem?\n\nThanks,\n-guy",
    "LastUpdatedDate": "2014-09-22T14:39:13.577-07:00",
    "PlannedForRelease": "",
    "ReleaseVisibleToPublic": false,
    "Priority": {
      "Name": "Unassigned",
      "Severity": 0,
      "Id": 0
    },
    "ProjectName": "aspnetidentity",
    "ReportedDate": "2014-03-25T20:53:20.617-07:00",
    "Status": {
      "Name": "Closed",
      "Id": 4
    },
    "ReasonClosed": {
      "Name": "Unassigned"
    },
    "Summary": "Upgrading to Identity 2.0 failed in SQL azure",
    "Type": {
      "Name": "Unassigned",
      "Id": 5
    },
    "VoteCount": 3,
    "Id": 2123
  },
  "FileAttachments": [],
  "Comments": [
    {
      "Message": "I believe the problem is with the DropForeignKey statement for IdentityUserLogins in the migrations code generated. Comment out the DropPrimaryKey and AddPrimaryKey statements for AspNetUserLogins table.  // DropPrimaryKey(\"dbo.AspNetUserLogins\"); // AddPrimaryKey(\"dbo.AspNetUserLogins\", new[] { \"LoginProvider\", \"ProviderKey\", \"UserId\" });They are basically changing the complex key ordering for Performance purpose. It might not ",
      "PostedDate": "2014-03-31T12:54:53.953-07:00",
      "Id": 174032
    },
    {
      "Message": "They are basically changing the complex key ordering for Performance purpose. You might be able to change it separately using a SQL tool",
      "PostedDate": "2014-03-31T12:56:41.813-07:00",
      "Id": 174033
    },
    {
      "Message": "Much agreed. Bad fail. So much of this code will be making it into Azure",
      "PostedDate": "2014-04-17T14:40:44.293-07:00",
      "Id": 174034
    },
    {
      "Message": "Hi gshahine,Can you please see if this works for you?",
      "PostedDate": "2014-04-30T15:12:06.48-07:00",
      "Id": 174035
    },
    {
      "Message": "\n\n** Closed by raspranav 4/30/2014 3:13 PM",
      "PostedDate": "2014-04-30T15:13:14.55-07:00",
      "Id": 174036
    }
  ]
}