{
  "WorkItem": {
    "AffectedComponent": {
      "Name": "",
      "DisplayName": ""
    },
    "ClosedComment": "",
    "ClosedDate": null,
    "CommentCount": 0,
    "Custom": null,
    "Description": "In project Microsoft.AspNet.Identity.EntityFramework, \r\nClass IdentityDbContext method ValidateEntity.. \r\nValidating against user table directly will cause the application which use multiple EntityType as application users error when creating different EntityType with same email or username.. \r\nExample:\r\n* Type A Inherit IdentityUser\r\n* Type B Inherit IdentityUser\r\nType A & B cannot have same email or username",
    "LastUpdatedDate": "2015-11-16T01:30:19.017-08:00",
    "PlannedForRelease": "",
    "ReleaseVisibleToPublic": false,
    "Priority": {
      "Name": "Unassigned",
      "Severity": 0,
      "Id": 0
    },
    "ProjectName": "aspnetidentity",
    "ReportedDate": "2015-11-16T01:30:19.017-08:00",
    "Status": {
      "Name": "Proposed",
      "Id": 1
    },
    "ReasonClosed": {
      "Name": "Unassigned"
    },
    "Summary": "Bugs on multiple EntityType used as Application Users on single IdentityDbContext",
    "Type": {
      "Name": "Unassigned",
      "Id": 5
    },
    "VoteCount": 1,
    "Id": 2543
  },
  "FileAttachments": [],
  "Comments": []
}