{
  "WorkItem": {
    "AffectedComponent": {
      "Name": "",
      "DisplayName": ""
    },
    "ClosedComment": "Fixed in 2.2.1 and can be gotten from nightly feed",
    "ClosedDate": "2015-03-16T10:40:17.787-07:00",
    "CommentCount": 10,
    "Custom": null,
    "Description": "GetClaimsAsync() method of UserStore is normally invoked on successful login and later on claims are read from authentication cookie and this method is not invoked anymore. However after the regeneration of the identity cookie, the GetClaimsAsync() method is invoked on every request.\r\nWe are having performance issues because of this behaviour, especially on pages that make several ajax calls - on each request GetClaimsAsync() is invoked.\r\nAnd it happens only after identity has been regenerated (with OnValidateIdentity).\r\n\r\nWhat is the difference between normal identity cookie and regenerated identity cookie so that the framework treats them differently?\r\nI think this behaviour is a bug.\r\n\r\nIssue can be reproduced on ASP .NET Identity 2.2, and OWIN 3.0.1 \r\nI set the validateInterval parameter of the OnValidateIdentity to 2 minutes to make the testing faster.",
    "LastUpdatedDate": "2017-11-28T00:28:51.59-08:00",
    "PlannedForRelease": "2.2.1",
    "ReleaseVisibleToPublic": true,
    "Priority": {
      "Name": "High",
      "Severity": 150,
      "Id": 3
    },
    "ProjectName": "aspnetidentity",
    "ReportedDate": "2015-03-04T00:35:04.84-08:00",
    "Status": {
      "Name": "Closed",
      "Id": 4
    },
    "ReasonClosed": {
      "Name": "Fixed"
    },
    "Summary": "GetClaimsAsync() invoked on every request after identity was regenerated",
    "Type": {
      "Name": "Issue",
      "Id": 3
    },
    "VoteCount": 6,
    "Id": 2508
  },
  "FileAttachments": [
    {
      "FileId": 1436076,
      "FileName": "trace.pdf",
      "DownloadUrl": ".\\1436076"
    }
  ],
  "Comments": [
    {
      "Message": "The same happens with CreateIdentityAsync() method on UserManager.\nIt is invoked only on successful login, but after regenerating identity it is invoked on every request.",
      "PostedDate": "2015-03-04T01:20:46.413-08:00",
      "Id": 176958
    },
    {
      "Message": "Same thing here. \r\nSince updating to Identity 2.2 and Owin 3.0.1, we noticed a HUGE performance loss. We make heavy use of web api calls and with Mini Profiler installed, we could trace back the performance loss with the following:\r\n\r\nOn each requests, all these actions are called in a loop after regeneration of the identity cookie.\r\nGetUserAggregateAsync()\r\nEnsureClaimsLoaded()\r\nEnsureLoginsLoaded()\r\nEnsureRolesLoaded()\r\nGetRolesAsync()\r\nGetClaimsAsync()\r\nGetLoginsAsync()\r\nI have attached an example of a web api call, with the mini profiler trace. You can see that the loop goes on 7 times.\r\n\r\nIssue can be reproduced on ASP .NET Identity 2.2, and OWIN 3.0.1 ",
      "PostedDate": "2015-03-04T08:05:36.497-08:00",
      "Id": 176978
    },
    {
      "Message": "Me too. This has been driving me crazy.",
      "PostedDate": "2015-03-05T04:56:00.077-08:00",
      "Id": 177030
    },
    {
      "Message": "Thank you for reporting this issue. We will investigating",
      "PostedDate": "2015-03-05T07:50:49.49-08:00",
      "Id": 177043
    },
    {
      "Message": "PR with fix:\r\nhttps://aspnetidentity.codeplex.com/SourceControl/network/forks/suhasj/aspnetidentity/contribution/8087\r\n\r\nRefer the SecurityStampValidator class for the workaround\r\n\r\n",
      "PostedDate": "2015-03-05T14:57:04.997-08:00",
      "Id": 177084
    },
    {
      "Message": "I was banging my head against the wall for hours on this. I finally set up a new MVC project and updated the NuGet Packages 1-by-1 until I found that it is the upgrade from __Microsoft.AspNet.Identity.Owin.2.1.0__ to __Microsoft.AspNet.Identity.Owin.2.2.0__ that causes the issue.\n\nEverything looks okay from the client side, but on the back end it starts calling the database on every request after the initial security stamp check interval has expired.",
      "PostedDate": "2015-03-09T19:44:27.577-07:00",
      "Id": 177339
    },
    {
      "Message": "This is now fixed and available on the nightly feed. You can try the packages from https://www.myget.org/f/aspnetwebstacknightly/ and check if this fixes your issue",
      "PostedDate": "2015-03-10T16:40:21.087-07:00",
      "Id": 177795
    },
    {
      "Message": "Thank you for the update suhasj. I had previously made a copy of the SecurityStampValidator class and set the values to UtcNow and UtcNow+interval which seemed to fix my issue, but I wasn't sure if it would have any ill effects on anything else.\n\nIs there a reason the Created and Expiration dates changed to fixed values in 2.2? Are we certain that manually changing the values before the SignIn call won't have any ill-effects further down the OWIN chain? ",
      "PostedDate": "2015-03-10T21:56:11.84-07:00",
      "Id": 177807
    },
    {
      "Message": "Thank you very much for your work and update suhasj, really appreciated!",
      "PostedDate": "2015-03-14T06:31:24.327-07:00",
      "Id": 178140
    },
    {
      "Message": "@sweeperq:  We never changed those values until 2.2 where we were copying the authentication properties to pass them in the refresh cookie. This also copied the issued and expiry times which are supposed to be added by the cookie middleware. Since they already had values the cookie middleware never refreshed them and hence this issue. Setting them to null, makes the values to be set by the cookie middleware which is what the expectation is so this might not be an issue.",
      "PostedDate": "2015-03-16T10:39:58.753-07:00",
      "Id": 178239
    }
  ]
}