{
  "WorkItem": {
    "AffectedComponent": {
      "Name": "",
      "DisplayName": ""
    },
    "ClosedComment": "All methods are virtual",
    "ClosedDate": "2015-01-28T17:14:27.66-08:00",
    "CommentCount": 0,
    "Custom": "",
    "Description": "In 3.0 we make all the store methods virtual. We should port these changes to 2.2 as well",
    "LastUpdatedDate": "2015-01-28T17:14:27.66-08:00",
    "PlannedForRelease": "2.2",
    "ReleaseVisibleToPublic": true,
    "Priority": {
      "Name": "Unassigned",
      "Severity": 0,
      "Id": 0
    },
    "ProjectName": "aspnetidentity",
    "ReportedDate": "2015-01-14T11:10:16.847-08:00",
    "Status": {
      "Name": "Closed",
      "Id": 4
    },
    "ReasonClosed": {
      "Name": "Unassigned"
    },
    "Summary": "Make store methods virtual on the interfaces",
    "Type": {
      "Name": "Issue",
      "Id": 3
    },
    "VoteCount": 1,
    "Id": 2487
  },
  "FileAttachments": [],
  "Comments": []
}