{
  "WorkItem": {
    "AffectedComponent": {
      "Name": "",
      "DisplayName": ""
    },
    "ClosedComment": "Identity 2.0 is no longer under primary development. No new features will be added, only bugs will be considered.\n\nIf [Identity 3.0](https://github.com/aspnet/Identity/) does not have the feature you require then feel free to log a bug there.",
    "ClosedDate": "2016-03-02T09:51:31.04-08:00",
    "CommentCount": 5,
    "Custom": null,
    "Description": "Porting bug https://github.com/aspnet/Identity/issues/413 from github\r\n\r\nAll the properties of IdentityUser are virtual but not for IdentityRole. The Id and Name properties are not. This is corrected in 3.0. Checking with the team to see whether this can be done for 2.0 as well",
    "LastUpdatedDate": "2017-11-28T00:28:51.06-08:00",
    "PlannedForRelease": "Next",
    "ReleaseVisibleToPublic": false,
    "Priority": {
      "Name": "Unassigned",
      "Severity": 0,
      "Id": 0
    },
    "ProjectName": "aspnetidentity",
    "ReportedDate": "2015-04-12T12:36:36.26-07:00",
    "Status": {
      "Name": "Closed",
      "Id": 4
    },
    "ReasonClosed": {
      "Name": "By Design"
    },
    "Summary": "Make IdentityRole properties virtual",
    "Type": {
      "Name": "Unassigned",
      "Id": 5
    },
    "VoteCount": 7,
    "Id": 2522
  },
  "FileAttachments": [],
  "Comments": [
    {
      "Message": "Thanks for porting the issue across. I raised it on github thinking its the only home for ASP.NET Identity. What I am trying to achieve is, we have our own annotations that are turned to BreezeJS metadata and are used to render a custom form in JS. Since name and ID are not abstract or virtual we cant override in our ApplicationRole class and cant decorate. We experimented with the new keyword but it gets ugly with EF and reflection to generate metadata",
      "PostedDate": "2015-04-16T06:59:14.373-07:00",
      "Id": 182941
    },
    {
      "Message": "I have similar issues and requirements for similar reasons.\n\nReally need to have Id especially and Name virtual so I can override and decorate etc.",
      "PostedDate": "2015-04-30T09:42:44.03-07:00",
      "Id": 183673
    },
    {
      "Message": "same issues as CZEMacLeod ",
      "PostedDate": "2015-05-01T09:45:11.203-07:00",
      "Id": 183716
    },
    {
      "Message": "same issues as CZEMacLeod , Please resolve this ASAP. Thanks.",
      "PostedDate": "2015-05-04T01:33:46.43-07:00",
      "Id": 183784
    },
    {
      "Message": "I submitted a fix for this. Any chance of releasing any time soon or is the project dead?",
      "PostedDate": "2015-09-18T03:02:33.983-07:00",
      "Id": 190412
    }
  ]
}