{
  "WorkItem": {
    "AffectedComponent": {
      "Name": "",
      "DisplayName": ""
    },
    "ClosedComment": "",
    "ClosedDate": null,
    "CommentCount": 3,
    "Custom": null,
    "Description": "OWIN Cookie authentication, seems to work fine on Windows 10/IIS 10, but not on Windows 2012 server with IIS 8.5.\r\n\r\nWhen I login (with the IsPersistent setting to true) and close the browser, I am still logged on when I start my browser again, so that's OK. But when I restart IIS and startup the browser, I have to logon again.\r\n\r\nI have created a very simple application to test this, with the following code:\r\n\r\n__Startup.cs__\r\n```\r\npublic void ConfigureAuthentication(IAppBuilder app)\r\n    {\r\n        app.UseCookieAuthentication(new CookieAuthenticationOptions\r\n        {\r\n            AuthenticationType = DefaultAuthenticationTypes.ApplicationCookie,\r\n            LoginPath = new PathString(\"/Login\"),\r\n            CookieName = \"ThisIsTheAuthCookie\"\r\n        });\r\n    }\r\n\r\n```\r\n\r\n__AuthenticationController.cs__\r\n```\r\npublic ActionResult Login(string userName, string password)\r\n    {\r\n        //For testing purposes every user/pwd is fine\r\n        var identity = new ClaimsIdentity(new [] { new Claim(ClaimTypes.Name, userName), },\r\n            DefaultAuthenticationTypes.ApplicationCookie,\r\n            ClaimTypes.Name, ClaimTypes.Role);\r\n\r\n        HttpContext.GetOwinContext().Authentication.SignIn(new AuthenticationProperties { IsPersistent = true }, identity);\r\n\r\n        return RedirectToAction(\"index\", \"home\");\r\n    }\r\n\r\n```\r\n\r\nEven Chrome shows the cookie, but it looks like OWIN is not using it on IIS 8.5: \r\n![Image](http://i.stack.imgur.com/5YyC1.png)\r\n",
    "LastUpdatedDate": "2016-10-03T15:00:57.687-07:00",
    "PlannedForRelease": "",
    "ReleaseVisibleToPublic": false,
    "Priority": {
      "Name": "Unassigned",
      "Severity": 0,
      "Id": 0
    },
    "ProjectName": "aspnetidentity",
    "ReportedDate": "2016-10-03T03:11:28.083-07:00",
    "Status": {
      "Name": "Proposed",
      "Id": 1
    },
    "ReasonClosed": {
      "Name": "Unassigned"
    },
    "Summary": "Cookie authnetication not working on IIS 8.5",
    "Type": {
      "Name": "Unassigned",
      "Id": 5
    },
    "VoteCount": 1,
    "Id": 2556
  },
  "FileAttachments": [],
  "Comments": [
    {
      "Message": "Hmmm, maybe I have to submit this issue at http://katanaproject.codeplex.com/?",
      "PostedDate": "2016-10-03T06:23:17.683-07:00",
      "Id": 204478
    },
    {
      "Message": "Yup, cookie is part of katana itself, rather than identity.\n\nOne thing to check though is do you have a fixed machine key in your config? That's what is used to encrypt the cookies. If you haven't specified one then IIS will generate a new one every time the app pool starts, and old cookies will be invalidated.",
      "PostedDate": "2016-10-03T09:53:50.94-07:00",
      "Id": 204492
    },
    {
      "Message": "@bdorrans, it was indeed the MachineKey.\nGreat.\nThx!",
      "PostedDate": "2016-10-03T15:00:57.687-07:00",
      "Id": 204501
    }
  ]
}