{
  "WorkItem": {
    "AffectedComponent": {
      "Name": "",
      "DisplayName": ""
    },
    "ClosedComment": "",
    "ClosedDate": "2014-02-14T11:17:41.23-08:00",
    "CommentCount": 5,
    "Custom": "",
    "Description": "After installing the Microsoft.AspNet.Identity 2.0.0-beta1 on VS 2013 framework 4.5.1, I have the following errors:\n\nFile Global.asax.cs on line:   public class MvcApplication : System.Web.HttpApplication :\nThe type or namespace name 'HttpApplication' does not exist in the namespace 'System.Web' (are you missing an assembly reference?)  \n\nFile RouteConfig.cs on line:  public static void RegisterRoutes(RouteCollection routes) :\nThe type or namespace name 'RouteCollection' could not be found (are you missing a using directive or an assembly reference?)",
    "LastUpdatedDate": "2014-02-14T11:17:41.23-08:00",
    "PlannedForRelease": "",
    "ReleaseVisibleToPublic": false,
    "Priority": {
      "Name": "Unassigned",
      "Severity": 0,
      "Id": 0
    },
    "ProjectName": "aspnetidentity",
    "ReportedDate": "2014-02-12T05:29:02.34-08:00",
    "Status": {
      "Name": "Closed",
      "Id": 4
    },
    "ReasonClosed": {
      "Name": "Unassigned"
    },
    "Summary": "Errors after 2 beta installation",
    "Type": {
      "Name": "Unassigned",
      "Id": 5
    },
    "VoteCount": 1,
    "Id": 2028
  },
  "FileAttachments": [],
  "Comments": [
    {
      "Message": "@pierregd: Can you give me additional information to repro the issue. - Did the application already have the 2.0.0-alpha bits and you updated to beta ?- Did you update the application directly from 1.0.0 to 2.0.0-beta- Did you do the update package from the Nuget Package Manager Console ? Any errors or warnings during installation?\r\n\r\nLooks like the reference to System.Web must have been removed from the project. Does adding back fix all the errors ?",
      "PostedDate": "2014-02-12T11:52:59.753-08:00",
      "Id": 173949
    },
    {
      "Message": "Hi Suhasj, \r\n\r\nI just followed the procedure explained here: http://blogs.msdn.com/b/webdev/archive/2014/02/11/announcing-preview-of-microsoft-aspnet-identity-2-0-0-beta1.aspx :\r\n\r\nOpen VS2013, create un new C# empty project under the 4.51 framework, and execute under the PM console the 4 commands: Install-Package Microsoft.AspNet.Identity.EntityFramework –Version 2.0.0-beta1 –PreInstall-Package Microsoft.AspNet.Identity.Core -Version 2.0.0-beta1 –PreInstall-Package Microsoft.AspNet.Identity.OWIN -Version 2.0.0-beta1 –PreInstall-Package Microsoft.AspNet.Identity.Samples -Version 2.0.0-beta1 –Prewithout any error.Then press F5 and get the 2 errors above. \r\n\r\nIf I add a reference to System.Web v 4.0.0.0, both errors disappear but I get a new one: The type 'System.ComponentModel.IComponent' is defined in an assembly that is not referenced. You must add a reference to assembly 'System, Version=4.0.0.0, Culture=neutral, PublicKeyToken=b77a5c561934e089'.\t\t\r\n\r\n",
      "PostedDate": "2014-02-13T00:20:16.637-08:00",
      "Id": 173950
    },
    {
      "Message": "@pierregd: Looks like all references related to web projects might be missing. I was able to repro this issue when I installed the package on a empty class library project instead of an empty web application project but I don't believe that is the case with you. If you are installing it on a web project, can you make a list of references before and after installing the samples package? This might help us debug the issue further.",
      "PostedDate": "2014-02-13T11:02:16.93-08:00",
      "Id": 173951
    },
    {
      "Message": "That's the trick: - create not a full empty project (in the New project window), - but a web application project, and in the One Asp.Net project type window, choose: Empty - then install the packages.\r\n\r\nThank you Suhasj and good work.",
      "PostedDate": "2014-02-14T02:00:39.87-08:00",
      "Id": 173952
    },
    {
      "Message": "@pierregd: Glad to be of help. I'll close the issue. Do reopen if you face additional issues.",
      "PostedDate": "2014-02-14T11:17:32.343-08:00",
      "Id": 173953
    }
  ]
}