{
  "WorkItem": {
    "AffectedComponent": {
      "Name": "",
      "DisplayName": ""
    },
    "ClosedComment": "Will look at in v3",
    "ClosedDate": "2014-08-25T14:33:11.95-07:00",
    "CommentCount": 0,
    "Custom": "",
    "Description": "Hi\nCan you please in new version add concept of permissions. every user can have multiple permissions (direct user permissions). every role also can have multiple permissions (indirect permissions for user).\nalso add a HasPermission method for user which indicates has a direct or indirect permission.\nIn this way we can use permissions in the code and dynamically at runtime give users roles and permissions.\nI have done it in multiple projects and its working well (of course in previous versions Asp.Net membership).",
    "LastUpdatedDate": "2014-08-25T14:33:11.95-07:00",
    "PlannedForRelease": "Future",
    "ReleaseVisibleToPublic": false,
    "Priority": {
      "Name": "Unassigned",
      "Severity": 0,
      "Id": 0
    },
    "ProjectName": "aspnetidentity",
    "ReportedDate": "2013-12-22T09:29:26.42-08:00",
    "Status": {
      "Name": "Closed",
      "Id": 4
    },
    "ReasonClosed": {
      "Name": "Unassigned"
    },
    "Summary": "Add concept of Permissions",
    "Type": {
      "Name": "Unassigned",
      "Id": 5
    },
    "VoteCount": 6,
    "Id": 1948
  },
  "FileAttachments": [],
  "Comments": []
}