{
  "WorkItem": {
    "AffectedComponent": {
      "Name": "",
      "DisplayName": ""
    },
    "ClosedComment": "",
    "ClosedDate": "2014-04-16T15:44:47.05-07:00",
    "CommentCount": 3,
    "Custom": "",
    "Description": "How to implement IQueryableUserStore and IQueryableRoleStore if database provider don`t implement IQueryable interface\n\nhttps://github.com/luboid/aspnetidentity-v2-mssql",
    "LastUpdatedDate": "2014-04-17T08:29:58.293-07:00",
    "PlannedForRelease": "",
    "ReleaseVisibleToPublic": false,
    "Priority": {
      "Name": "Unassigned",
      "Severity": 0,
      "Id": 0
    },
    "ProjectName": "aspnetidentity",
    "ReportedDate": "2014-03-28T00:34:16.92-07:00",
    "Status": {
      "Name": "Closed",
      "Id": 4
    },
    "ReasonClosed": {
      "Name": "Unassigned"
    },
    "Summary": "Custom implementation of Asp.Net Identity lack of posibility to implemet interface to query users&roles",
    "Type": {
      "Name": "Unassigned",
      "Id": 5
    },
    "VoteCount": 2,
    "Id": 2129
  },
  "FileAttachments": [],
  "Comments": [
    {
      "Message": "There is nothing requiring these interfaces to be implemented if your underlying store does not support them.",
      "PostedDate": "2014-04-16T15:44:40.387-07:00",
      "Id": 174053
    },
    {
      "Message": "This is stupidity, how can I then browse them, You do something and then say use it if you want!!! You living in yours little world MS or nothing else",
      "PostedDate": "2014-04-17T00:06:03.19-07:00",
      "Id": 174054
    },
    {
      "Message": "Why to use it then and not write my own",
      "PostedDate": "2014-04-17T08:29:58.293-07:00",
      "Id": 174055
    }
  ]
}