{
  "WorkItem": {
    "AffectedComponent": {
      "Name": "",
      "DisplayName": ""
    },
    "ClosedComment": "Removed dispose from all controllers that used UserManager. Fixed for 2.1",
    "ClosedDate": "2014-05-19T16:45:48.59-07:00",
    "CommentCount": 2,
    "Custom": "",
    "Description": "This is from code generated by the default ASP.NET app + ASP.NET MVC + ASP.NET Identity + Individual User Accounts template\n\nThe AccountController's UserManager property is defined thus:\n```\npublic ApplicationUserManager UserManager\n        {\n            get\n            {\n                return _userManager ?? HttpContext.GetOwinContext().GetUserManager<ApplicationUserManager>();\n            }\n            private set\n            {\n                _userManager = value;\n            }\n        }\n```\nSo if _userManager is ever null, we just get it from the OwinContext. So far so good. \n\nThe Dispose method is defined thus:\n\n```\n protected override void Dispose(bool disposing)\n        {\n            if (disposing && UserManager != null)\n            {\n                UserManager.Dispose();\n                UserManager = null;\n            }\n            base.Dispose(disposing);\n        }\n```\n\nThe condition \"UserManager != null\" is always true, due to the way the UserManager getter is defined. So, we get an instance of UserManager once, to check if it's null, then we create another *another one*, since we didn't save a reference to it in the != null check, just so we can dispose it. \nSeems very wasteful.",
    "LastUpdatedDate": "2014-07-17T23:29:37.39-07:00",
    "PlannedForRelease": "2.1",
    "ReleaseVisibleToPublic": true,
    "Priority": {
      "Name": "Unassigned",
      "Severity": 0,
      "Id": 0
    },
    "ProjectName": "aspnetidentity",
    "ReportedDate": "2014-04-24T09:35:09.78-07:00",
    "Status": {
      "Name": "Closed",
      "Id": 4
    },
    "ReasonClosed": {
      "Name": "Unassigned"
    },
    "Summary": "UserManager disposal in AccountController triggers when it doesn't have to",
    "Type": {
      "Name": "Unassigned",
      "Id": 5
    },
    "VoteCount": 1,
    "Id": 2179
  },
  "FileAttachments": [],
  "Comments": [
    {
      "Message": "No longer need dispose at all",
      "PostedDate": "2014-05-06T16:27:13.707-07:00",
      "Id": 174134
    },
    {
      "Message": "I know this is fixed but just adding this comment in case someone is searching for this error.\r\n\r\nThis disposal also causes problems if you try to render two child actions on the same page where both use the UserManager - you'll get an exception:\r\n\r\nCannot access a disposed object.\r\n\r\non the 2nd child action because the UserManager has been disposed since it's part of the same context.",
      "PostedDate": "2014-07-17T23:29:37.39-07:00",
      "Id": 174135
    }
  ]
}