{
  "WorkItem": {
    "AffectedComponent": {
      "Name": "",
      "DisplayName": ""
    },
    "ClosedComment": "Added a PasswordValidator class used to check the non alphanumberic properties in the password. Will be available with 2.0.0-beta1",
    "ClosedDate": "2014-02-05T14:28:42.6-08:00",
    "CommentCount": 2,
    "Custom": "",
    "Description": "Provide a password complexity validator in the framework or the samples package.",
    "LastUpdatedDate": "2014-02-05T14:28:42.6-08:00",
    "PlannedForRelease": "2.0.0-Beta1",
    "ReleaseVisibleToPublic": false,
    "Priority": {
      "Name": "Unassigned",
      "Severity": 0,
      "Id": 0
    },
    "ProjectName": "aspnetidentity",
    "ReportedDate": "2014-01-30T12:40:13.86-08:00",
    "Status": {
      "Name": "Closed",
      "Id": 4
    },
    "ReasonClosed": {
      "Name": "Unassigned"
    },
    "Summary": "Provide a sample password validator",
    "Type": {
      "Name": "Unassigned",
      "Id": 5
    },
    "VoteCount": 1,
    "Id": 2001
  },
  "FileAttachments": [],
  "Comments": [
    {
      "Message": "A simple integration with https://github.com/lowe/zxcvbn would be great.",
      "PostedDate": "2014-01-30T13:17:10.437-08:00",
      "Id": 173940
    },
    {
      "Message": "Added a basic PasswordValidator which has the additional RequiredNonAlphanumeric property.  More complicated logic is still left to a custom implementation.",
      "PostedDate": "2014-02-04T14:26:02.4-08:00",
      "Id": 173941
    }
  ]
}