{
  "WorkItem": {
    "AffectedComponent": {
      "Name": "",
      "DisplayName": ""
    },
    "ClosedComment": "Moved to internal localization code path",
    "ClosedDate": "2014-02-13T16:38:23.177-08:00",
    "CommentCount": 0,
    "Custom": "",
    "Description": "In beta we added a custom error message which explained the error when apps with 1.0.0 updated to 2.0.0-beta1. This message appears in English on loc packages as well. This needs to be localized as well",
    "LastUpdatedDate": "2014-02-13T16:38:23.177-08:00",
    "PlannedForRelease": "2.0.0",
    "ReleaseVisibleToPublic": true,
    "Priority": {
      "Name": "Low",
      "Severity": 50,
      "Id": 1
    },
    "ProjectName": "aspnetidentity",
    "ReportedDate": "2014-02-10T11:28:00.903-08:00",
    "Status": {
      "Name": "Closed",
      "Id": 4
    },
    "ReasonClosed": {
      "Name": "Unassigned"
    },
    "Summary": "Need to localize the migration error message",
    "Type": {
      "Name": "Issue",
      "Id": 3
    },
    "VoteCount": 1,
    "Id": 2023
  },
  "FileAttachments": [],
  "Comments": []
}