{
  "WorkItem": {
    "AffectedComponent": {
      "Name": "",
      "DisplayName": ""
    },
    "ClosedComment": "You are following the correct pattern for checking to see if the email is confirmed before signing in the users",
    "ClosedDate": "2014-08-06T14:55:16.45-07:00",
    "CommentCount": 0,
    "Custom": "",
    "Description": "Is there any guidance on best practice for resending an account confirmation email prior to allowing the user access to the system? I have implemented the following at this time but do intend to change the view slightly that I am pointing to.\n\n```\ncase SignInStatus.Success:\n                    var user = await UserManager.FindByNameAsync(model.UserId);\n                    if (user == null || !(await UserManager.IsEmailConfirmedAsync(user.Id)))\n                    {\n                        var code = await UserManager.GenerateEmailConfirmationTokenAsync(user.Id);\n                        var callbackUrl = Url.Action(\"ConfirmEmail\", \"Account\", new { userId = user.Id, code = code }, protocol: Request.Url.Scheme);\n                        await UserManager.SendEmailAsync(user.Id, \"Confirm your account\", \"Before being allowed access your email address needs to be verified.<br/>\" +\n                                                                  \"Please confirm your account by clicking this link: <a href=\\\"\" + callbackUrl + \"\\\">link</a>\");\n                        ViewBag.Link = callbackUrl;\n                        return View(\"DisplayEmail\");\n                    }\n                    else\n                    {\n                        return RedirectToLocal(returnUrl);\n                    }\n```\nAny advice is much appreciated.\n\nThanks",
    "LastUpdatedDate": "2014-08-06T14:55:16.45-07:00",
    "PlannedForRelease": "",
    "ReleaseVisibleToPublic": false,
    "Priority": {
      "Name": "Unassigned",
      "Severity": 0,
      "Id": 0
    },
    "ProjectName": "aspnetidentity",
    "ReportedDate": "2014-06-12T00:44:56.37-07:00",
    "Status": {
      "Name": "Closed",
      "Id": 4
    },
    "ReasonClosed": {
      "Name": "Unassigned"
    },
    "Summary": "Email Confirmation",
    "Type": {
      "Name": "Unassigned",
      "Id": 5
    },
    "VoteCount": 1,
    "Id": 2270
  },
  "FileAttachments": [],
  "Comments": []
}