{
  "WorkItem": {
    "AffectedComponent": {
      "Name": "",
      "DisplayName": ""
    },
    "ClosedComment": "You can plug in your own PasswordHasher and specify your own iterations count",
    "ClosedDate": "2014-04-30T15:03:14.19-07:00",
    "CommentCount": 0,
    "Custom": "",
    "Description": "ASP .NET Identity 2.0 uses PBKDF2 with 1,000 iterations by default.\n\nAs CPU's get faster this default will be insufficient.  \n\nPlease provide a way to set the iteration value.  \n\nIn addition, if we encounter a hashed password with the old iteration value, return PasswordVerificationResult.RehashNeeded so that the password gets re-hashed with the new work factor amount.\n\nThe standard security practice is to increase work factor values as time progresses to keep pace with advancements in CPU speed.",
    "LastUpdatedDate": "2014-04-30T15:03:14.19-07:00",
    "PlannedForRelease": "",
    "ReleaseVisibleToPublic": false,
    "Priority": {
      "Name": "Unassigned",
      "Severity": 0,
      "Id": 0
    },
    "ProjectName": "aspnetidentity",
    "ReportedDate": "2014-04-24T05:52:15.79-07:00",
    "Status": {
      "Name": "Closed",
      "Id": 4
    },
    "ReasonClosed": {
      "Name": "Unassigned"
    },
    "Summary": "PBKDF2 work factor needs to be flexible",
    "Type": {
      "Name": "Unassigned",
      "Id": 5
    },
    "VoteCount": 1,
    "Id": 2177
  },
  "FileAttachments": [],
  "Comments": []
}