{
  "WorkItem": {
    "AffectedComponent": {
      "Name": "",
      "DisplayName": ""
    },
    "ClosedComment": "",
    "ClosedDate": null,
    "CommentCount": 0,
    "Custom": null,
    "Description": "In our existing application I'm trying to use the 5 type generic argument of UserStore to change the TUserClaim type **from** IdentityUserClaim **to** a subclass of IdentityUserClaim that adds a Issuer property (string) to the data schema, mapped to the Issuer property of a Claim.\r\n\r\nThe reason we need this is that we need to disambiguate claims from another identity provider and using the Issuer property of a claim allows us to do that.\r\n\r\nHowever, the UserStore's implementation AddClaimAsync function will only ever set the UserId, ClaimType and ClaimValue properties of my new type.\r\n\r\nIf I override the AddClaimAsync function, then I can populate all 4 properties but **I cannot store it** as the userClaims IDbSet is private.\r\n\r\nIn short you have effectively hardcoded the TUserClaim type to be IdentityUserClaim.\r\n\r\nDo I have any other options to add my IdentityUserClaim subclass to the userclaims IdSet so it can be persisted to the database ( without recreating an entire IUserStore implementation ) ?\r\n\r\nCan you expose the current private IdSet<T> fields using **protected** properties so we can effectively subclass from UserStore<...> ?\r\n\r\nAlternatively you could return the new TUserClaim instance from CreateClaimAsync ( instead of a hardcoded (int)0 ) so I could modify the value to add Issuer BEFORE it gets persisted to the DB.",
    "LastUpdatedDate": "2015-09-17T20:39:28.12-07:00",
    "PlannedForRelease": "",
    "ReleaseVisibleToPublic": false,
    "Priority": {
      "Name": "Unassigned",
      "Severity": 0,
      "Id": 0
    },
    "ProjectName": "aspnetidentity",
    "ReportedDate": "2015-09-17T20:39:28.12-07:00",
    "Status": {
      "Name": "Proposed",
      "Id": 1
    },
    "ReasonClosed": {
      "Name": "Unassigned"
    },
    "Summary": "UserStore cannot use another IdentityUserClaim type",
    "Type": {
      "Name": "Unassigned",
      "Id": 5
    },
    "VoteCount": 1,
    "Id": 2539
  },
  "FileAttachments": [],
  "Comments": []
}