{
  "WorkItem": {
    "AffectedComponent": {
      "Name": "",
      "DisplayName": ""
    },
    "ClosedComment": "Issue 2520 is tracking this.",
    "ClosedDate": "2015-06-03T14:27:20.093-07:00",
    "CommentCount": 0,
    "Custom": null,
    "Description": "In our codebase we override SaveChanges on our DBContext in order to update the modified Date and modified By fields on our Identity classes (SecurityUser, SecurityRole, etc). We are getgin the currently logged in user from the HttpContext.\r\n\r\nInside of the RoleManager and UserManager the various add/update methods internally perform their work by starting a new task using TaskFactory.StartNew. Unlike async/await, which uses an AspNetSynchronizationContext to flow the HttpContext to the async callback. the aspTaskFactory.StartNew method will not preserve the HttpContext in the callback which leads to a null reference exception.\r\n\r\nWe need some way to flow the HttpContext to the internal callback created by the AsyncHelper.RunSync method internal to ASP.Net Identity.",
    "LastUpdatedDate": "2015-06-03T14:27:20.093-07:00",
    "PlannedForRelease": "",
    "ReleaseVisibleToPublic": false,
    "Priority": {
      "Name": "Unassigned",
      "Severity": 0,
      "Id": 0
    },
    "ProjectName": "aspnetidentity",
    "ReportedDate": "2015-06-01T12:29:24.057-07:00",
    "Status": {
      "Name": "Closed",
      "Id": 4
    },
    "ReasonClosed": {
      "Name": "Duplicate"
    },
    "Summary": "HttpContext is null in RoleManager.Update",
    "Type": {
      "Name": "Unassigned",
      "Id": 5
    },
    "VoteCount": 2,
    "Id": 2533
  },
  "FileAttachments": [],
  "Comments": []
}