{
  "WorkItem": {
    "AffectedComponent": {
      "Name": "",
      "DisplayName": ""
    },
    "ClosedComment": "",
    "ClosedDate": "2014-06-23T14:20:48.637-07:00",
    "CommentCount": 3,
    "Custom": "",
    "Description": "Hello, \n\nIn the Login method of the Account controller, when calling SignInManager.PasswordSignInAsync the value being pass for the parameter userName is the email, and inside the PasswordSignInAsync is calling UserManager.FindByNameAsync(userName), which in applications with the email and username being different it never finds it.\n\nsome applications may use the email and other may use the username, it would be good to find a way to support both, without changing that much\n\nthanks!",
    "LastUpdatedDate": "2014-06-23T14:20:48.637-07:00",
    "PlannedForRelease": "",
    "ReleaseVisibleToPublic": false,
    "Priority": {
      "Name": "Unassigned",
      "Severity": 0,
      "Id": 0
    },
    "ProjectName": "aspnetidentity",
    "ReportedDate": "2014-06-13T13:13:09.257-07:00",
    "Status": {
      "Name": "Closed",
      "Id": 4
    },
    "ReasonClosed": {
      "Name": "Unassigned"
    },
    "Summary": "SignInManager.PasswordSignInAsync uses UserManager.FindByNameAsync instead of UserManager.FindByEmailAsync",
    "Type": {
      "Name": "Unassigned",
      "Id": 5
    },
    "VoteCount": 1,
    "Id": 2273
  },
  "FileAttachments": [],
  "Comments": [
    {
      "Message": "The first parameter in SignInManager.PasswordSignInAsync is username which is obvious from the API. If you are referring  to samples package, we are passing the email since the username and email are the same. For applications which have them different, the login page should take the username and then pass it to the method.",
      "PostedDate": "2014-06-16T11:21:49.203-07:00",
      "Id": 174175
    },
    {
      "Message": "I understand that, but if you want to use the email for login page, you can not login directly, you have to query the username first and then pass the username to the method.\r\n\r\nMaybe a more direct way could be available. \r\n\r\nI'm just suggesting the possibility, that's it.\r\n\r\nThanks",
      "PostedDate": "2014-06-16T13:26:30.903-07:00",
      "Id": 174176
    },
    {
      "Message": "Got it. I'll bring this up with the team. Thanks !",
      "PostedDate": "2014-06-17T10:05:47.547-07:00",
      "Id": 174177
    }
  ]
}