{
  "WorkItem": {
    "AffectedComponent": {
      "Name": "",
      "DisplayName": ""
    },
    "ClosedComment": "Added to docs",
    "ClosedDate": "2014-08-25T14:30:35.3-07:00",
    "CommentCount": 1,
    "Custom": "",
    "Description": "A user has registered but did not get their email confirmation and would like to have it re-sent.\nonce you login and if you have not confirmed your email then you can resend the confirmation. This can be added on the Manage page",
    "LastUpdatedDate": "2014-08-25T14:30:35.3-07:00",
    "PlannedForRelease": "Future",
    "ReleaseVisibleToPublic": false,
    "Priority": {
      "Name": "Unassigned",
      "Severity": 0,
      "Id": 0
    },
    "ProjectName": "aspnetidentity",
    "ReportedDate": "2014-03-14T08:35:29.78-07:00",
    "Status": {
      "Name": "Closed",
      "Id": 4
    },
    "ReasonClosed": {
      "Name": "Unassigned"
    },
    "Summary": "[Sample]Resend Email verification link",
    "Type": {
      "Name": "Unassigned",
      "Id": 5
    },
    "VoteCount": 4,
    "Id": 2104
  },
  "FileAttachments": [],
  "Comments": [
    {
      "Message": "We can add a new controller action to SendConfirmation and split it out from Register.  We should add a new link in Login to Resend Confirmation",
      "PostedDate": "2014-03-17T13:05:11.553-07:00",
      "Id": 174012
    }
  ]
}