{
  "WorkItem": {
    "AffectedComponent": {
      "Name": "",
      "DisplayName": ""
    },
    "ClosedComment": "",
    "ClosedDate": "2014-03-20T10:51:53.883-07:00",
    "CommentCount": 0,
    "Custom": "",
    "Description": "Need to include account lockout feature description in the information on the home page",
    "LastUpdatedDate": "2014-03-20T10:51:53.883-07:00",
    "PlannedForRelease": "2.0.0",
    "ReleaseVisibleToPublic": true,
    "Priority": {
      "Name": "Low",
      "Severity": 50,
      "Id": 1
    },
    "ProjectName": "aspnetidentity",
    "ReportedDate": "2014-02-19T13:51:42.45-08:00",
    "Status": {
      "Name": "Closed",
      "Id": 4
    },
    "ReasonClosed": {
      "Name": "Unassigned"
    },
    "Summary": "[Samples package] Update doc in home page to include account lockout",
    "Type": {
      "Name": "Issue",
      "Id": 3
    },
    "VoteCount": 1,
    "Id": 2041
  },
  "FileAttachments": [],
  "Comments": []
}