{
  "WorkItem": {
    "AffectedComponent": {
      "Name": "",
      "DisplayName": ""
    },
    "ClosedComment": "",
    "ClosedDate": null,
    "CommentCount": 1,
    "Custom": null,
    "Description": "Should PasswordSignInAsync check against `UserManager.SupportsUserLockout` before proceeding? I might expect a `NotSupportedException` if I provided `shouldLockout:true`, but I get this regardless (from the source it checks for user existing, then immediately checks against being locked out).\r\n\r\nReproducible by creating a custom IUserStore without implementing `IUserLockoutStore`.\r\n\r\nI'm running across this while implementing my own store through WCF. `IUserStore` looks like the only required interface (not to mention `UserManager.Supports*`). Also did some research and saw a [blog post](http://www.asp.net/identity/overview/extensibility/overview-of-custom-storage-providers-for-aspnet-identity) mentioning:\r\n\r\n> **IUserStore**\r\n> The [IUserStore<TUser, TKey>](http://msdn.microsoft.com/en-us/library/dn613278(v=vs.108).aspx) interface is **the only interface you must implement** in your user store. It defines methods for creating, updating, deleting, and retrieving users.\r\n\r\nIs this intended behavior or just a small overview? Is the expected outcome a `NotSupportedException` when you run into a piece of functionality not implemented, or is this abnormal? I notice the next step (after checking lockout) is checking password. I would fully expect this to exception out (missing `IUserPasswordStore`) given the method I'm calling, however it looks like `ExternalSignInAsync` may fall victim of the same behavior.\r\n\r\nThoughts?",
    "LastUpdatedDate": "2017-11-28T00:28:51.06-08:00",
    "PlannedForRelease": "Next",
    "ReleaseVisibleToPublic": false,
    "Priority": {
      "Name": "Unassigned",
      "Severity": 0,
      "Id": 0
    },
    "ProjectName": "aspnetidentity",
    "ReportedDate": "2015-03-22T13:12:14.217-07:00",
    "Status": {
      "Name": "Proposed",
      "Id": 1
    },
    "ReasonClosed": {
      "Name": "Unassigned"
    },
    "Summary": "SignInManager.PasswordSignInAsync: NotSupportedException",
    "Type": {
      "Name": "Unassigned",
      "Id": 5
    },
    "VoteCount": 2,
    "Id": 2517
  },
  "FileAttachments": [],
  "Comments": [
    {
      "Message": "To follow up, looks like once it gets past `FindByUserNameAsync` & `IsLockedOutAsyc` then `CheckPasswordAsync`, it appears to move onto `ResetAccessFailedCount` (`IUserLockoutStore` again), and then bombs on `SignInTwoFactor`. I don't have an `IUserTwoFactorStore` assigned either.\n\nSo, lesson learned: Identity Requires `UserStore<*>` to implement `IUserStore<*>`, `IUserLockoutStore<*>`, and `IUserTwoFactorStore<*>` as a bare minimum. (And, obviously, `IUserPasswordStore` if you care to `PasswordSignInAsync`--but that makes sense).",
      "PostedDate": "2015-03-22T15:59:33.193-07:00",
      "Id": 179809
    }
  ]
}