{
  "WorkItem": {
    "AffectedComponent": {
      "Name": "",
      "DisplayName": ""
    },
    "ClosedComment": "",
    "ClosedDate": "2015-09-14T14:19:25.077-07:00",
    "CommentCount": 1,
    "Custom": null,
    "Description": "I would be very useful if we can access the current ClaimsIdentity in the \"regenerateIdentityCallback\" Func parameter of SecurityStampValidator.OnValidateIdentity.\r\n\r\nThis problem has already been posted in SO: http://stackoverflow.com/a/25054196/1454888\r\n\r\nFor the moment I just copy the entire code of SecurityStampValidator into a custom class and modified the line:\r\n\r\nvar identity = await regenerateIdentityCallback.Invoke(manager, user).WithCurrentCulture();\r\n\r\ninto:\r\n\r\nvar identity = await regenerateIdentityCallback.Invoke(manager, user, context.Identity).WithCurrentCulture();",
    "LastUpdatedDate": "2015-09-14T14:19:25.077-07:00",
    "PlannedForRelease": "",
    "ReleaseVisibleToPublic": false,
    "Priority": {
      "Name": "Unassigned",
      "Severity": 0,
      "Id": 0
    },
    "ProjectName": "aspnetidentity",
    "ReportedDate": "2015-08-08T13:28:46.677-07:00",
    "Status": {
      "Name": "Closed",
      "Id": 4
    },
    "ReasonClosed": {
      "Name": "Not A Bug"
    },
    "Summary": "Pass current ClaimsIdentity to SecurityStampValidator.OnValidateIdentity",
    "Type": {
      "Name": "Unassigned",
      "Id": 5
    },
    "VoteCount": 1,
    "Id": 2537
  },
  "FileAttachments": [],
  "Comments": [
    {
      "Message": "There is already an easy solution to the problem:\n\nOnValidateIdentity = context => SecurityStampValidator.OnValidateIdentity<ApplicationUserManager, DtbsUser, Guid>(\n                            validateInterval: TimeSpan.FromSeconds(30),\n                            regenerateIdentityCallback:\n                                (manager, user) =>\n                                    user.GenerateUserIdentityAsync(manager, context.Identity),\n                            getUserIdCallback: (ci) => Guid.Parse(ci.GetUserId())).Invoke(context)\n\nSorry. I think this ticket can be closed.",
      "PostedDate": "2015-09-01T09:28:06.3-07:00",
      "Id": 189781
    }
  ]
}