{
  "WorkItem": {
    "AffectedComponent": {
      "Name": "",
      "DisplayName": ""
    },
    "ClosedComment": "Dupe of https://aspnetidentity.codeplex.com/workitem/1947",
    "ClosedDate": "2014-01-21T09:54:56.107-08:00",
    "CommentCount": 0,
    "Custom": "",
    "Description": "I was Microsoft.Aspnet.Identity.EntityFramework and found that resource string cannot be changed/localized into different languages. I think it will be better if we have class to customize it like in MVC we have DefaultModelBinder.ResourceClassKey and ClientDataTypeModelValidatorProvider.ResourceClassKey",
    "LastUpdatedDate": "2017-11-28T00:28:51.06-08:00",
    "PlannedForRelease": "2.0.0-Beta1",
    "ReleaseVisibleToPublic": false,
    "Priority": {
      "Name": "Low",
      "Severity": 50,
      "Id": 1
    },
    "ProjectName": "aspnetidentity",
    "ReportedDate": "2013-11-14T19:53:53.46-08:00",
    "Status": {
      "Name": "Closed",
      "Id": 4
    },
    "ReasonClosed": {
      "Name": "Unassigned"
    },
    "Summary": "Add resource capability for the error messages",
    "Type": {
      "Name": "Feature",
      "Id": 1
    },
    "VoteCount": 1,
    "Id": 1905
  },
  "FileAttachments": [],
  "Comments": []
}