{
  "WorkItem": {
    "AffectedComponent": {
      "Name": "",
      "DisplayName": ""
    },
    "ClosedComment": "Verified build as of 01/26 and the regenerateIdentity callback has the time limit for cookie refresh changed to 30 minutes but the bug still exists on Katana where the sign cookie is refreshed even though the request is for sign out.",
    "ClosedDate": "2014-01-27T11:38:14.923-08:00",
    "CommentCount": 2,
    "Custom": "",
    "Description": "There is no consistent repro for this bug but we have seen this pop up a number of times. When a user  is on the Manage page and tries to logout, instead of logging out the user is redirected to the Default page. Clicking Logout again logs out the user. Need to investigate on this",
    "LastUpdatedDate": "2014-01-27T11:38:14.923-08:00",
    "PlannedForRelease": "2.0.0-Beta1",
    "ReleaseVisibleToPublic": false,
    "Priority": {
      "Name": "Low",
      "Severity": 50,
      "Id": 1
    },
    "ProjectName": "aspnetidentity",
    "ReportedDate": "2014-01-07T12:31:14.427-08:00",
    "Status": {
      "Name": "Closed",
      "Id": 4
    },
    "ReasonClosed": {
      "Name": "Unassigned"
    },
    "Summary": "[Samples package] Log off links does not logout the user session",
    "Type": {
      "Name": "Unassigned",
      "Id": 5
    },
    "VoteCount": 1,
    "Id": 1962
  },
  "FileAttachments": [],
  "Comments": [
    {
      "Message": "Root cause is actually the RegenerateSignIn was set to 5 seconds, so if you try to sign out the user on the same request where we regenerate the cookie, you get this weird behavior.  I will send a mail to the katana folks to see if this behavior is intended.",
      "PostedDate": "2014-01-23T15:18:55.56-08:00",
      "Id": 173901
    },
    {
      "Message": "Bumped up the refreshInterval to 30 min which should make this happen much more rarely",
      "PostedDate": "2014-01-24T11:05:42.58-08:00",
      "Id": 173902
    }
  ]
}