{
  "WorkItem": {
    "AffectedComponent": {
      "Name": "",
      "DisplayName": ""
    },
    "ClosedComment": "This is not a bug in Identity. We will reach out to the templates team that generate this code",
    "ClosedDate": "2015-02-02T14:43:20.5-08:00",
    "CommentCount": 0,
    "Custom": "",
    "Description": "When you choose to create a new ASP.Net Web Application project in Visual Studio 2013, the skeleton code it generates for the ManageController is littered with calls to User.Identity.GetUserId()\n\nThis works fine whilst TKey is string, but as soon as you change it to something else, it breaks and needs to be replaced with something that parses the user ID from string to TKey. It would be better if these were wrapped in a method call to get the user ID as a TKey so it wasn't necessary to update so many places in the skeleton code.",
    "LastUpdatedDate": "2015-02-02T14:43:20.5-08:00",
    "PlannedForRelease": "",
    "ReleaseVisibleToPublic": false,
    "Priority": {
      "Name": "Unassigned",
      "Severity": 0,
      "Id": 0
    },
    "ProjectName": "aspnetidentity",
    "ReportedDate": "2015-01-27T10:03:31.72-08:00",
    "Status": {
      "Name": "Closed",
      "Id": 4
    },
    "ReasonClosed": {
      "Name": "Unassigned"
    },
    "Summary": "Remove direct calls to User.Identity.GetUserId() from skeleton ASP.Net Web Application",
    "Type": {
      "Name": "Unassigned",
      "Id": 5
    },
    "VoteCount": 1,
    "Id": 2502
  },
  "FileAttachments": [],
  "Comments": []
}