{
  "WorkItem": {
    "AffectedComponent": {
      "Name": "",
      "DisplayName": ""
    },
    "ClosedComment": "Link to original bug: https://aspnetidentity.codeplex.com/workitem/2022.\n\nFixed in 2.0.0.",
    "ClosedDate": "2014-03-03T12:18:02.64-08:00",
    "CommentCount": 2,
    "Custom": "",
    "Description": "Repro:\n-Create a Sample Identity App (Beta1)\n-Register as user\n-Login as Admin\n-Edit the user\n-Click Save without modifyng the Email address in the field\n\nOUTPUT\n\nAttaching an entity of type 'IdentitySample.Models.ApplicationUser' failed because another entity of the same type already has the same primary key value. This can happen when using the 'Attach' method or setting the state of an entity to 'Unchanged' or 'Modified' if any entities in the graph have conflicting key values. This may be because some entities are new and have not yet received database-generated key values. In this case use the 'Add' method or the 'Added' entity state to track the graph and then set the state of non-new entities to 'Unchanged' or 'Modified' as appropriate.\n\nEXPECTED behaivour happen if you modify the field.",
    "LastUpdatedDate": "2014-03-03T12:18:02.64-08:00",
    "PlannedForRelease": "",
    "ReleaseVisibleToPublic": false,
    "Priority": {
      "Name": "Unassigned",
      "Severity": 0,
      "Id": 0
    },
    "ProjectName": "aspnetidentity",
    "ReportedDate": "2014-02-28T06:06:28.683-08:00",
    "Status": {
      "Name": "Closed",
      "Id": 4
    },
    "ReasonClosed": {
      "Name": "Unassigned"
    },
    "Summary": "[Sample]Application Error when you edit user profile as Admin",
    "Type": {
      "Name": "Unassigned",
      "Id": 5
    },
    "VoteCount": 1,
    "Id": 2067
  },
  "FileAttachments": [],
  "Comments": [
    {
      "Message": "This is fixed in the 2.0.0 version of samples package. You can verify this through the nightly feed http://myget.org/f/aspnetwebstacknightly ",
      "PostedDate": "2014-02-28T15:39:00.16-08:00",
      "Id": 173971
    },
    {
      "Message": "Thanks for the answer!I will try out it !",
      "PostedDate": "2014-03-03T01:40:03.587-08:00",
      "Id": 173972
    }
  ]
}