{
  "WorkItem": {
    "AffectedComponent": {
      "Name": "",
      "DisplayName": ""
    },
    "ClosedComment": "",
    "ClosedDate": "2014-03-26T09:59:29.577-07:00",
    "CommentCount": 2,
    "Custom": "",
    "Description": "Hello...  Found an issue with account lockout.\n\nAfter entering a password incorrectly 5 times the account becomes \"locked out\" but it's not.  The AccessFailedCount value is reset to 0 and the LockoutEndDateUtc value is set to 5 minutes in the future.\n\nHowever, if you then type the correct password the user can successfully logon, even prior to the LockoutEndDateUtc time.",
    "LastUpdatedDate": "2014-03-26T09:59:29.577-07:00",
    "PlannedForRelease": "",
    "ReleaseVisibleToPublic": false,
    "Priority": {
      "Name": "Unassigned",
      "Severity": 0,
      "Id": 0
    },
    "ProjectName": "aspnetidentity",
    "ReportedDate": "2014-03-25T17:57:49.697-07:00",
    "Status": {
      "Name": "Closed",
      "Id": 4
    },
    "ReasonClosed": {
      "Name": "Unassigned"
    },
    "Summary": "Locked out account can still logon",
    "Type": {
      "Name": "Unassigned",
      "Id": 5
    },
    "VoteCount": 1,
    "Id": 2122
  },
  "FileAttachments": [],
  "Comments": [
    {
      "Message": "@mwpierson: Are you seeing this issue in the samples packages ? If you are writing your own app, you should explicitly check whether the user is locked out using UserManager.IsLockedOutAsync before doing AuthenticationManager.SignIn to implement lock out flow",
      "PostedDate": "2014-03-25T20:01:06.583-07:00",
      "Id": 174030
    },
    {
      "Message": "@suhasj:  I'm sorry, I had a line of code in the Login action that inadvertently bypassed the SignInHelper.  I went back to the original Identity.Samples project and it works perfectly as you described.\r\n\r\nPlease close/delete.",
      "PostedDate": "2014-03-26T09:48:12.893-07:00",
      "Id": 174031
    }
  ]
}