{
  "WorkItem": {
    "AffectedComponent": {
      "Name": "",
      "DisplayName": ""
    },
    "ClosedComment": "The issue is with upgrading to Identity 2.0 from alpha and beta only. This is a known Nuget behavior and might not be taken up.",
    "ClosedDate": "2014-04-21T11:16:48.49-07:00",
    "CommentCount": 5,
    "Custom": "",
    "Description": "Having updated from a working version 2 beta to the RC I now get an error when trying to run my project or migrate the database, which seems to reference version 1.\n\nThis is the error I get in package manager console when I try and add a migration:\n\nPM> Add-Migration IdentityUpdate\nSystem.Data.Entity.Core.MetadataException: Schema specified is not valid. Errors: \n(0,0) : error 0004: Could not load file or assembly 'Microsoft.AspNet.Identity.EntityFramework, Version=1.0.0.0, Culture=neutral, PublicKeyToken=31bf3856ad364e35' or one of its dependencies. The located assembly's manifest definition does not match the assembly reference. (Exception from HRESULT: 0x80131040)\n   at System.Data.Entity.Core.Metadata.Edm.EdmItemCollection.LoadItems(IEnumerable`1 xmlReaders, IEnumerable`1 sourceFilePaths, SchemaDataModelOption dataModelOption, DbProviderManifest providerManifest, ItemCollection itemCollection, Boolean throwOnError)\n   at System.Data.Entity.Core.Metadata.Edm.EdmItemCollection.Init(IEnumerable`1 xmlReaders, IEnumerable`1 filePaths, Boolean throwOnError)\n   at System.Data.Entity.Core.Metadata.Edm.EdmItemCollection..ctor(IEnumerable`1 xmlReaders)\n   at System.Data.Entity.Utilities.XDocumentExtensions.GetStorageMappingItemCollection(XDocument model, DbProviderInfo& providerInfo)\n   at System.Data.Entity.Migrations.Infrastructure.EdmModelDiffer.Diff(XDocument sourceModel, XDocument targetModel, Lazy`1 modificationCommandTreeGenerator, MigrationSqlGenerator migrationSqlGenerator, String sourceModelVersion, String targetModelVersion)\n   at System.Data.Entity.Migrations.DbMigrator.Scaffold(String migrationName, String namespace, Boolean ignoreChanges)\n   at System.Data.Entity.Migrations.Design.MigrationScaffolder.Scaffold(String migrationName, Boolean ignoreChanges)\n   at System.Data.Entity.Migrations.Design.ToolingFacade.ScaffoldRunner.Scaffold(MigrationScaffolder scaffolder)\n   at System.Data.Entity.Migrations.Design.ToolingFacade.ScaffoldRunner.Run()\n   at System.AppDomain.DoCallBack(CrossAppDomainDelegate callBackDelegate)\n   at System.AppDomain.DoCallBack(CrossAppDomainDelegate callBackDelegate)\n   at System.Data.Entity.Migrations.Design.ToolingFacade.Run(BaseRunner runner)\n   at System.Data.Entity.Migrations.Design.ToolingFacade.Scaffold(String migrationName, String language, String rootNamespace, Boolean ignoreChanges)\n   at System.Data.Entity.Migrations.AddMigrationCommand.Execute(String name, Boolean force, Boolean ignoreChanges)\n   at System.Data.Entity.Migrations.AddMigrationCommand.<>c__DisplayClass2.<.ctor>b__0()\n   at System.Data.Entity.Migrations.MigrationsDomainCommand.Execute(Action command)\n__Schema specified is not valid. Errors: \n(0,0) : error 0004: Could not load file or assembly 'Microsoft.AspNet.Identity.EntityFramework, Version=1.0.0.0, Culture=neutral, PublicKeyToken=31bf3856ad364e35' or one of its dependencies. The located assembly's manifest definition does not match the assembly reference. (Exception from HRESULT: 0x80131040)__\n\nI now cannot run my project and don't know how to fix it. I can't find any reference to 'Microsoft.AspNet.Identity.EntityFramework, Version=1.0.0.0' anywhere in my solution.",
    "LastUpdatedDate": "2014-04-21T11:16:48.49-07:00",
    "PlannedForRelease": "",
    "ReleaseVisibleToPublic": false,
    "Priority": {
      "Name": "Unassigned",
      "Severity": 0,
      "Id": 0
    },
    "ProjectName": "aspnetidentity",
    "ReportedDate": "2014-03-23T12:18:43.18-07:00",
    "Status": {
      "Name": "Closed",
      "Id": 4
    },
    "ReasonClosed": {
      "Name": "Unassigned"
    },
    "Summary": "Cannot build or migrate database after update to version 2",
    "Type": {
      "Name": "Unassigned",
      "Id": 5
    },
    "VoteCount": 6,
    "Id": 2121
  },
  "FileAttachments": [],
  "Comments": [
    {
      "Message": "+1 I am experiencing the same issue.",
      "PostedDate": "2014-03-23T12:41:07.76-07:00",
      "Id": 174025
    },
    {
      "Message": "I managed to get around this by adding the following the relevant web/app.config file:\r\n\r\n                      ",
      "PostedDate": "2014-03-23T13:06:59.897-07:00",
      "Id": 174026
    },
    {
      "Message": "The bindingRedirect is working, of course.Seems like an upgrade from *.Identity.EntityFramework using NuGet does not insert the Redirect like it does for *.Identity.Core",
      "PostedDate": "2014-04-04T03:44:43.41-07:00",
      "Id": 174027
    },
    {
      "Message": "mip1983's workaround worked for me, but I guess the NuGet package has to be fixed.",
      "PostedDate": "2014-04-04T13:02:52.423-07:00",
      "Id": 174028
    },
    {
      "Message": "+1. Please update NuGet package.",
      "PostedDate": "2014-04-20T10:30:03.52-07:00",
      "Id": 174029
    }
  ]
}