{
  "WorkItem": {
    "AffectedComponent": {
      "Name": "",
      "DisplayName": ""
    },
    "ClosedComment": "You can derive from IdentityUser<TKey>. You can also look at this sample http://aspnet.codeplex.com/SourceControl/latest#Samples/Identity/ChangePK/readme.txt",
    "ClosedDate": "2015-03-11T14:26:21.893-07:00",
    "CommentCount": 0,
    "Custom": null,
    "Description": "We use EF very extensively and for some project we need User ID as int, string or Guid. But I found the Identity User implementation by EntityFramework is as below:\r\n \r\npublic class IdentityUser : IdentityUser<__string__, IdentityUserLogin, IdentityUserRole, IdentityUserClaim>, IUser\r\n    {\r\n        /// <summary>\r\n        ///     Constructor which creates a new Guid for the Id\r\n        /// </summary>\r\n        public IdentityUser()\r\n        {\r\n            Id = Guid.NewGuid().ToString();\r\n        }\r\n\r\n        /// <summary>\r\n        ///     Constructor that takes a userName\r\n        /// </summary>\r\n        /// <param name=\"userName\"></param>\r\n        public IdentityUser(string userName)\r\n            : this()\r\n        {\r\n            UserName = userName;\r\n        }\r\n    }\r\n\r\nCan we change string to T so as to make it generic?",
    "LastUpdatedDate": "2015-03-11T14:26:21.893-07:00",
    "PlannedForRelease": "",
    "ReleaseVisibleToPublic": false,
    "Priority": {
      "Name": "Unassigned",
      "Severity": 0,
      "Id": 0
    },
    "ProjectName": "aspnetidentity",
    "ReportedDate": "2015-03-11T01:14:44.29-07:00",
    "Status": {
      "Name": "Closed",
      "Id": 4
    },
    "ReasonClosed": {
      "Name": "Not A Bug"
    },
    "Summary": "Change string to T for generic implementation of IdentityUser ID Type ",
    "Type": {
      "Name": "Unassigned",
      "Id": 5
    },
    "VoteCount": 1,
    "Id": 2510
  },
  "FileAttachments": [],
  "Comments": []
}