{
  "WorkItem": {
    "AffectedComponent": {
      "Name": "",
      "DisplayName": ""
    },
    "ClosedComment": "Verified build 490 and the email confirm page has enough information for a good user experience",
    "ClosedDate": "2014-01-24T10:42:20.687-08:00",
    "CommentCount": 0,
    "Custom": "",
    "Description": "In the samples package, once the user registers they are taken to page which has the link to confirm the email address. The page does not have any information on what the page does exactly which is not very intuitive. Need to add more information on that page",
    "LastUpdatedDate": "2014-01-24T10:42:20.687-08:00",
    "PlannedForRelease": "2.0.0-Beta1",
    "ReleaseVisibleToPublic": false,
    "Priority": {
      "Name": "Unassigned",
      "Severity": 0,
      "Id": 0
    },
    "ProjectName": "aspnetidentity",
    "ReportedDate": "2014-01-23T14:49:54.193-08:00",
    "Status": {
      "Name": "Closed",
      "Id": 4
    },
    "ReasonClosed": {
      "Name": "Unassigned"
    },
    "Summary": "[Samples package] Confirming email page should have more description",
    "Type": {
      "Name": "Issue",
      "Id": 3
    },
    "VoteCount": 1,
    "Id": 1987
  },
  "FileAttachments": [],
  "Comments": []
}