{
  "WorkItem": {
    "AffectedComponent": {
      "Name": "",
      "DisplayName": ""
    },
    "ClosedComment": "Please see the suggestion mentioned by evnik to customize validation.",
    "ClosedDate": "2015-06-03T14:18:01.097-07:00",
    "CommentCount": 3,
    "Custom": "",
    "Description": "Ported from https://aspnetwebstack.codeplex.com/workitem/1629.\n\nAs it turns out the username validation is hardcoded into the asp.net identity since v5 \n and it ignores what i have in my view model as validation. \n\n with username validation being hardcoded i can't do \n 1) i can't pick a username in ANY unicode character other than a-z & 0-9 \n 2) i can't set my username to be an e-mail. and that's a real issue. \n\n Also, the UserName Field is hardcoded in the model. \n It's a real pain for users to pick usernames. It's rather easier to just let them register & login with their e-mails. (and it's also a biz requerment from my boss ) \n\n and i can't really do that because i can't overide the username field and the validation.",
    "LastUpdatedDate": "2017-11-28T00:28:51.467-08:00",
    "PlannedForRelease": "",
    "ReleaseVisibleToPublic": false,
    "Priority": {
      "Name": "Unassigned",
      "Severity": 0,
      "Id": 0
    },
    "ProjectName": "aspnetidentity",
    "ReportedDate": "2014-01-22T14:19:43.503-08:00",
    "Status": {
      "Name": "Closed",
      "Id": 4
    },
    "ReasonClosed": {
      "Name": "Not A Bug"
    },
    "Summary": "UserName Validation is hardcoded",
    "Type": {
      "Name": "Unassigned",
      "Id": 5
    },
    "VoteCount": 5,
    "Id": 1983
  },
  "FileAttachments": [],
  "Comments": [
    {
      "Message": "I found there is _AllowOnlyAlphanumericUserNames_ property in the _UserValidator_ class. If you set _false_ value to the property, the validator will skip validation of characters in username. Unfortunately, the property is not declared in _IIdentityValidator_ interface, but you can cast validator to the class:```var userValidator = (UserValidator)UserManager.UserValidator;userValidator.AllowOnlyAlphanumericUserNames = false;```Also it seems validation expression will be changed in 2.x, and it will accept e-mails without this workaround.",
      "PostedDate": "2014-02-28T00:30:03.817-08:00",
      "Id": 173916
    }
  ]
}