{
  "WorkItem": {
    "AffectedComponent": {
      "Name": "",
      "DisplayName": ""
    },
    "ClosedComment": "",
    "ClosedDate": "2014-03-03T14:21:19.13-08:00",
    "CommentCount": 2,
    "Custom": "",
    "Description": "As of now the intellisense for methods does not provide much information. We need to improve our code comments for RTM. We need to do it as high priority to stick to loc and template timelines",
    "LastUpdatedDate": "2014-03-03T14:21:19.13-08:00",
    "PlannedForRelease": "2.0.0",
    "ReleaseVisibleToPublic": true,
    "Priority": {
      "Name": "High",
      "Severity": 150,
      "Id": 3
    },
    "ProjectName": "aspnetidentity",
    "ReportedDate": "2014-02-07T18:21:02.237-08:00",
    "Status": {
      "Name": "Closed",
      "Id": 4
    },
    "ReasonClosed": {
      "Name": "Unassigned"
    },
    "Summary": "Improve code comments for intellisense",
    "Type": {
      "Name": "Issue",
      "Id": 3
    },
    "VoteCount": 1,
    "Id": 2019
  },
  "FileAttachments": [],
  "Comments": [
    {
      "Message": "Please work with Suhas and Pranav to identify which APIs to add more XML docs",
      "PostedDate": "2014-02-12T15:11:00.767-08:00",
      "Id": 173944
    },
    {
      "Message": "Reviewed doc comments, these need a bit more info:\r\n\r\nThat need extra explaination:- UserManager class- Expand on public IDictionary> TwoFactorProviders-        public virtual void RegisterTwoFactorProvider(string twoFactorProvider, IUserTokenProvider provider)-         public virtual async Task> GetValidTwoFactorProvidersAsync(TKey userId)-        public virtual async Task NotifyTwoFactorTokenAsync(TKey userId, string twoFactorProvider,-         public virtual async Task AccessFailedAsync(TKey userId)\r\n\r\n        ///         ///     Increments the access failed count for the user and if the failed access count is greater than or equal        ///     to the MaxFailedAccessAttemptsBeforeLockout, the user will be locked out for the next DefaultAccountLockoutTimeSpan        ///     and the AccessFailedCount will be reset to 0.        /// \r\n\r\nEF package    public class IdentityDbContext : DbContext-    ///     IdentityDbContext of IdentityUsers ",
      "PostedDate": "2014-02-25T17:15:35.54-08:00",
      "Id": 173945
    }
  ]
}