{
  "WorkItem": {
    "AffectedComponent": {
      "Name": "",
      "DisplayName": ""
    },
    "ClosedComment": "Dupe https://aspnetidentity.codeplex.com/workitem/1947",
    "ClosedDate": "2014-05-13T15:02:12.15-07:00",
    "CommentCount": 3,
    "Custom": "",
    "Description": "Allow users to customize the error messages that show up in the UI. \nThese are error messages that the end user of the site sees",
    "LastUpdatedDate": "2014-05-13T15:02:12.15-07:00",
    "PlannedForRelease": "Future",
    "ReleaseVisibleToPublic": false,
    "Priority": {
      "Name": "High",
      "Severity": 150,
      "Id": 3
    },
    "ProjectName": "aspnetidentity",
    "ReportedDate": "2014-05-08T03:15:12.987-07:00",
    "Status": {
      "Name": "Closed",
      "Id": 4
    },
    "ReasonClosed": {
      "Name": "Unassigned"
    },
    "Summary": "Customization of Localized error messages",
    "Type": {
      "Name": "Issue",
      "Id": 3
    },
    "VoteCount": 1,
    "Id": 2202
  },
  "FileAttachments": [],
  "Comments": [
    {
      "Message": "            ViewBag.StatusMessage =  message == Resources.Identity.GetDisplayResult(message);- This could live in the App or the FX- This could be come from the Resource Aseemblies as well- This needs to take care of all the three Identity assemblies",
      "PostedDate": "2014-05-12T15:14:25.78-07:00",
      "Id": 174151
    },
    {
      "Message": "Not in 2.1",
      "PostedDate": "2014-05-12T16:45:44.77-07:00",
      "Id": 174152
    },
    {
      "Message": "Dupe of https://aspnetidentity.codeplex.com/workitem/1947",
      "PostedDate": "2014-05-13T15:01:43.79-07:00",
      "Id": 174153
    }
  ]
}