[
  {
    "Id": null,
    "Name": "2.2.1",
    "DevelopmentStatus": "Stable",
    "Description": "Bug Fixes",
    "ReleasedDatge": "0001-01-01T00:00:00",
    "ModifiedDate": "2015-03-09T18:04:10.283-07:00",
    "Files": []
  },
  {
    "Id": null,
    "Name": "2.2",
    "DevelopmentStatus": "Stable",
    "Description": "notes",
    "ReleasedDatge": "0001-01-01T00:00:00",
    "ModifiedDate": "2015-02-17T11:16:28.497-08:00",
    "Files": []
  },
  {
    "Id": null,
    "Name": "2.2.0-alpha1",
    "DevelopmentStatus": "Alpha",
    "Description": "http://blogs.msdn.com/b/webdev/archive/2014/10/23/asp-net-identity-2-2-0-alpha1.aspx",
    "ReleasedDatge": "0001-01-01T00:00:00",
    "ModifiedDate": "2014-10-23T18:45:40.833-07:00",
    "Files": []
  },
  {
    "Id": null,
    "Name": "2.0.1",
    "DevelopmentStatus": "Stable",
    "Description": "Bug Fix release: The following bug was fixed:\nhttps://aspnetidentity.codeplex.com/workitem/list/advanced?keyword=&status=All&type=All&priority=All&release=2.0.1&assignedTo=All&component=All&reasonClosed=All&sortField=LastUpdatedDate&sortDirection=Descending&page=0",
    "ReleasedDatge": "0001-01-01T00:00:00",
    "ModifiedDate": "2014-05-01T10:22:35.767-07:00",
    "Files": []
  },
  {
    "Id": null,
    "Name": "2.0.0",
    "DevelopmentStatus": "Planning",
    "Description": "2.0 RTM",
    "ReleasedDatge": "0001-01-01T00:00:00",
    "ModifiedDate": "2014-04-25T10:09:38.077-07:00",
    "Files": []
  },
  {
    "Id": null,
    "Name": "2.1",
    "DevelopmentStatus": "Stable",
    "Description": "2.1",
    "ReleasedDatge": "0001-01-01T00:00:00",
    "ModifiedDate": "2014-08-04T10:49:04.263-07:00",
    "Files": []
  }
]