<?xml version="1.0" encoding="UTF-8"?>

<job-scheduling-data xmlns="http://quartznet.sourceforge.net/JobSchedulingData"
        xmlns:xsi="http://www.w3.org/2001/XMLSchema-instance"
 				version="2.0">

  <processing-directives>
    <overwrite-existing-data>true</overwrite-existing-data>
  </processing-directives>

  <schedule>
    
    <job>
      <name>jobName1</name>
      <group>jobGroup1</group>
      <description>jobDesciption1</description>
      <job-type>Quartz.Job.NoOpJob, Quartz</job-type>
      <durable>true</durable>
      <recover>false</recover>
      <job-data-map>
        <entry>
          <key>key0</key>
          <value>value0</value>
        </entry>
        <entry>
          <key>key1</key>
          <value>value1</value>
        </entry>
        <entry>
          <key>key2</key>
          <value>value2</value>
        </entry>
      </job-data-map>
    </job>
    
    <trigger>
      <simple>
        <name>simpleName</name>
        <group>simpleGroup</group>
        <description>SimpleTriggerDescription</description>
        <job-name>jobName1</job-name>
        <job-group>jobGroup1</job-group>
        <calendar-name>cal1</calendar-name>
        <start-time>1982-06-28T18:15:00.0Z</start-time>
        <end-time>2020-05-04T18:13:51.0Z</end-time>
        <misfire-instruction>SmartPolicy</misfire-instruction>
        <repeat-count>100</repeat-count>
        <repeat-interval>3000</repeat-interval>
      </simple>
    </trigger>

  </schedule>
  
</job-scheduling-data>
